的	1422	1
了	285	1
是	230	1
在	207	1
不	120	1
有	104	1
和	94	1
也	94	1
我	93	1
就	78	1
人	74	1
你	72	1
都	69	1
为	61	1
他	60	1
会	58	1
这	52	1
上	52	1
一个	52	2
要	51	1
对	50	1
我们	50	2
说	45	1
自己	44	2
中	40	1
到	40	1
可以	40	2
将	39	1
很	35	1
还	34	1
等	34	1
多	32	1
着	32	1
好	31	1
让	30	1
没有	30	2
年	29	1
而	29	1
中国	29	2
能	28	1
但	28	1
一	27	1
大	27	1
与	27	1
被	26	1
把	26	1
下	25	1
就是	25	2
于	24	1
给	24	1
》	24	1
得	22	1
之	22	1
新	22	1
更	22	1
去	22	1
做	22	1
她	22	1
又	22	1
可	20	1
大家	20	2
知道	20	2
最	19	1
这个	19	2
想	18	1
什么	18	2
发展	18	2
非常	18	2
《	18	1
们	17	1
后	17	1
并	17	1
因为	17	2
如果	17	2
他们	17	2
问题	17	2
已经	17	2
来	16	1
看	16	1
所	16	1
月	16	1
再	16	1
孩子	16	2
这样	16	2
需要	16	2
代表	16	2
地	15	1
高	15	1
或	15	1
时间	15	2
很多	15	2
可能	15	2
还是	15	2
重要	15	2
比较	15	2
个	14	1
小	14	1
工作	14	2
吃	14	1
不是	14	2
其	13	1
从	13	1
开始	13	2
喜欢	13	2
出	12	1
用	12	1
日	12	1
没	12	1
内	12	1
较	12	1
它	12	1
现在	12	2
一种	12	2
过	11	1
才	11	1
时候	11	2
企业	11	2
但是	11	2
却	11	1
情况	11	2
一定	11	2
影响	11	2
不会	11	2
起来	11	2
一直	11	2
一次	11	2
时	10	1
事	10	1
只	10	1
打	10	1
市场	10	2
生活	10	2
不能	10	2
发现	10	2
能够	10	2
觉得	10	2
以	9	1
比	9	1
那	9	1
公司	9	2
爱	9	1
服务	9	2
这些	9	2
国家	9	2
一些	9	2
成为	9	2
活动	9	2
世界	9	2
出现	9	2
跟	9	1
主要	9	2
文化	9	2
不要	9	2
怎么	9	2
规定	9	2
前	8	1
起	8	1
无	8	1
已	8	1
使	8	1
该	8	1
仅	8	1
通过	8	2
请	8	1
方面	8	2
社会	8	2
经济	8	2
还有	8	2
建设	8	2
研究	8	2
其他	8	2
应该	8	2
相关	8	2
了解	8	2
注意	8	2
只是	8	2
副	8	1
以上	8	2
必须	8	2
这么	8	2
一点	8	2
小时	8	2
越来越	8	3
观点	8	2
生	7	1
家	7	1
分	7	1
长	7	1
里	7	1
水	7	1
应	7	1
向	7	1
话	7	1
走	7	1
太	7	1
所以	7	2
钱	7	1
管理	7	2
教育	7	2
选择	7	2
这种	7	2
美国	7	2
目前	7	2
人民	7	2
朋友	7	2
城市	7	2
拿	7	1
发生	7	2
环境	7	2
其中	7	2
一般	7	2
希望	7	2
生产	7	2
容易	7	2
存在	7	2
两个	7	2
表现	7	2
出来	7	2
部门	7	2
比赛	7	2
时代	7	2
不少	7	2
作品	7	2
疫情	7	2
告诉	7	2
特色	7	2
亿亿亿	7	3
心	6	1
开	6	1
如	6	1
当	6	1
两	6	1
路	6	1
每	6	1
需	6	1
各	6	1
总	6	1
完	6	1
达	6	1
进行	6	2
技术	6	2
同时	6	2
使用	6	2
安全	6	2
学生	6	2
作为	6	2
找	6	1
设计	6	2
岁	6	1
学习	6	2
能力	6	2
方式	6	2
认为	6	2
一样	6	2
看到	6	2
特别	6	2
最后	6	2
今天	6	2
内容	6	2
关系	6	2
医院	6	2
不仅	6	2
这里	6	2
不断	6	2
然后	6	2
责任	6	2
导致	6	2
人们	6	2
您	6	1
记者	6	2
达到	6	2
完全	6	2
车型	6	2
网友	6	2
最大	6	2
不错	6	2
程度	6	2
图片	6	2
办法	6	2
每个	6	2
一位	6	2
其它	6	2
版权	6	2
新浪	6	2
基督教	6	3
看点	6	2
天	5	1
车	5	1
点	5	1
本	5	1
加	5	1
性	5	1
化	5	1
区	5	1
此	5	1
少	5	1
线	5	1
至	5	1
带	5	1
先	5	1
花	5	1
越	5	1
低	5	1
则	5	1
买	5	1
住	5	1
产品	5	2
对于	5	2
站	5	1
呢	5	1
那么	5	2
听	5	1
项目	5	2
其实	5	2
写	5	1
虽然	5	2
为了	5	2
个人	5	2
行业	5	2
数据	5	2
健康	5	2
根据	5	2
汽车	5	2
久	5	1
方法	5	2
平台	5	2
过程	5	2
甚至	5	2
自然	5	2
全国	5	2
科技	5	2
一下	5	2
原因	5	2
完成	5	2
历史	5	2
基础	5	2
创新	5	2
增长	5	2
用户	5	2
旅游	5	2
真的	5	2
造成	5	2
左右	5	2
准备	5	2
显示	5	2
重点	5	2
作者	5	2
进一步	5	3
媒体	5	2
属于	5	2
只能	5	2
联系	5	2
以来	5	2
经验	5	2
多少	5	2
事情	5	2
事业	5	2
适合	5	2
思想	5	2
几个	5	2
意义	5	2
最好	5	2
成立	5	2
玩家	5	2
一天	5	2
很大	5	2
多年	5	2
一款	5	2
社会主义	5	4
日内	5	2
新浪网	5	3
国	4	1
自	4	1
成	4	1
子	4	1
动	4	1
全	4	1
进	4	1
法	4	1
者	4	1
道	4	1
外	4	1
三	4	1
量	4	1
感	4	1
正	4	1
名	4	1
老	4	1
元	4	1
问	4	1
真	4	1
变	4	1
非	4	1
由	4	1
山	4	1
报	4	1
几	4	1
白	4	1
书	4	1
指	4	1
快	4	1
条	4	1
款	4	1
热	4	1
红	4	1
王	4	1
像	4	1
率	4	1
号	4	1
称	4	1
字	4	1
第一	4	2
言	4	1
均	4	1
投资	4	2
党	4	1
死	4	1
而且	4	2
部分	4	2
帮	4	1
人员	4	2
不同	4	2
曾	4	1
信息	4	2
另	4	1
中心	4	2
一起	4	2
品牌	4	2
穿	4	1
只有	4	2
学校	4	2
北京	4	2
手机	4	2
占	4	1
由于	4	2
作用	4	2
国际	4	2
地方	4	2
如何	4	2
感觉	4	2
功能	4	2
直接	4	2
身体	4	2
老师	4	2
网络	4	2
精神	4	2
提升	4	2
合作	4	2
倒	4	1
治疗	4	2
游戏	4	2
包括	4	2
关注	4	2
分钟	4	2
各种	4	2
关于	4	2
支持	4	2
仍	4	1
更加	4	2
谁	4	1
掉	4	1
国内	4	2
当时	4	2
地区	4	2
是否	4	2
发布	4	2
无法	4	2
未来	4	2
产生	4	2
有效	4	2
保持	4	2
只要	4	2
知识	4	2
模式	4	2
传统	4	2
妈妈	4	2
既	4	1
坚持	4	2
介绍	4	2
目标	4	2
条件	4	2
许多	4	2
不到	4	2
决定	4	2
期间	4	2
领导	4	2
日本	4	2
持续	4	2
为什么	4	3
下来	4	2
别人	4	2
过去	4	2
带来	4	2
有人	4	2
有关	4	2
收入	4	2
接受	4	2
有限公司	4	4
关键	4	2
动力	4	2
我国	4	2
电影	4	2
及时	4	2
建立	4	2
宝宝	4	2
加强	4	2
同样	4	2
那个	4	2
核心	4	2
引起	4	2
范围	4	2
消息	4	2
男人	4	2
理解	4	2
目的	4	2
确定	4	2
战略	4	2
经历	4	2
一切	4	2
英雄	4	2
里面	4	2
当地	4	2
根本	4	2
报告	4	2
一年	4	2
认识	4	2
形式	4	2
主题	4	2
变得	4	2
做到	4	2
严格	4	2
必要	4	2
不用	4	2
一条	4	2
实在	4	2
体现	4	2
本人	4	2
一名	4	2
路上	4	2
发表	4	2
一件	4	2
新冠	4	2
一句	4	2
立场	4	2
一系列	4	3
发	3	1
作	3	1
方	3	1
经	3	1
面	3	1
力	3	1
市	3	1
定	3	1
情	3	1
部	3	1
场	3	1
重	3	1
度	3	1
美	3	1
手	3	1
意	3	1
些	3	1
明	3	1
相	3	1
第	3	1
期	3	1
活	3	1
身	3	1
金	3	1
物	3	1
及	3	1
气	3	1
女	3	1
式	3	1
强	3	1
万	3	1
受	3	1
原	3	1
头	3	1
风	3	1
据	3	1
处	3	1
海	3	1
件	3	1
流	3	1
城	3	1
队	3	1
近	3	1
见	3	1
光	3	1
类	3	1
神	3	1
转	3	1
张	3	1
配	3	1
未	3	1
即	3	1
干	3	1
图	3	1
足	3	1
眼	3	1
段	3	1
往	3	1
火	3	1
克	3	1
约	3	1
连	3	1
算	3	1
双	3	1
远	3	1
落	3	1
李	3	1
错	3	1
黑	3	1
玩	3	1
系统	3	2
或者	3	2
要求	3	2
版	3	1
提供	3	2
吧	3	1
不过	3	2
差	3	1
大学	3	2
表示	3	2
所有	3	2
含	3	1
哪	3	1
来说	3	2
剧	3	1
这是	3	2
专业	3	2
价格	3	2
卖	3	1
因此	3	2
产业	3	2
政府	3	2
亮	3	1
拍	3	1
实现	3	2
组织	3	2
吗	3	1
笑	3	1
基本	3	2
进入	3	2
成功	3	2
获得	3	2
叫	3	1
标准	3	2
今年	3	2
提高	3	2
单位	3	2
行为	3	2
增加	3	2
句	3	1
运动	3	2
跑	3	1
政策	3	2
之间	3	2
质量	3	2
东西	3	2
帮助	3	2
处理	3	2
形成	3	2
任何	3	2
家庭	3	2
价值	3	2
藏	3	1
当然	3	2
开展	3	2
空间	3	2
销售	3	2
控制	3	2
需求	3	2
交易	3	2
采用	3	2
集团	3	2
简单	3	2
超过	3	2
得到	3	2
拥有	3	2
全球	3	2
亿元	3	2
机会	3	2
业务	3	2
现场	3	2
努力	3	2
客户	3	2
患者	3	2
之一	3	2
父母	3	2
水平	3	2
资金	3	2
科学	3	2
艺术	3	2
开发	3	2
全面	3	2
生命	3	2
明显	3	2
领域	3	2
十分	3	2
风险	3	2
受到	3	2
材料	3	2
变化	3	2
状态	3	2
届	3	1
经营	3	2
相信	3	2
皮肤	3	2
严重	3	2
最高	3	2
系列	3	2
整个	3	2
法律	3	2
女人	3	2
应用	3	2
共同	3	2
忘	3	1
尤其	3	2
家长	3	2
群众	3	2
驾驶	3	2
具体	3	2
会议	3	2
来自	3	2
丰富	3	2
分别	3	2
首先	3	2
推进	3	2
做好	3	2
车辆	3	2
整体	3	2
稳定	3	2
互联网	3	3
习惯	3	2
取得	3	2
以下	3	2
视频	3	2
曾经	3	2
肯定	3	2
教学	3	2
同学	3	2
区域	3	2
职业	3	2
力量	3	2
成长	3	2
意识	3	2
女性	3	2
往往	3	2
说明	3	2
避免	3	2
结束	3	2
快速	3	2
农村	3	2
毕业	3	2
人生	3	2
几乎	3	2
明确	3	2
实力	3	2
因素	3	2
即使	3	2
现象	3	2
道路	3	2
遇到	3	2
爱情	3	2
湖南	3	2
新闻	3	2
去年	3	2
提出	3	2
看看	3	2
文明	3	2
报道	3	2
亿亿	3	2
物质	3	2
永远	3	2
犯罪	3	2
三个	3	2
风格	3	2
人体	3	2
母亲	3	2
发动机	3	3
感受	3	2
父亲	3	2
现实	3	2
免费	3	2
绝对	3	2
真实	3	2
家里	3	2
本身	3	2
理论	3	2
节目	3	2
下面	3	2
球队	3	2
症状	3	2
学会	3	2
身边	3	2
一家	3	2
粉丝	3	2
慢慢	3	2
同比	3	2
数量	3	2
电动	3	2
意思	3	2
明白	3	2
公布	3	2
防控	3	2
颜色	3	2
原来	3	2
推出	3	2
更好	3	2
几年	3	2
经典	3	2
举办	3	2
具备	3	2
名字	3	2
正是	3	2
危险	3	2
全新	3	2
一体	3	2
房地产	3	3
公众	3	2
面临	3	2
回到	3	2
干净	3	2
级别	3	2
一场	3	2
良好	3	2
举行	3	2
乡村	3	2
回来	3	2
引发	3	2
含有	3	2
专项	3	2
类似	3	2
生长	3	2
能量	3	2
几天	3	2
满意	3	2
做出	3	2
表面	3	2
一份	3	2
那样	3	2
采访	3	2
深刻	3	2
两种	3	2
一生	3	2
主体	3	2
留下	3	2
长时间	3	3
美好	3	2
习近平	3	3
作出	3	2
合格	3	2
背后	3	2
简直	3	2
付出	3	2
肺炎	3	2
一大	3	2
一段	3	2
长大	3	2
这部	3	2
不停	3	2
心灵	3	2
部长	3	2
十九	3	2
小伙伴	3	3
这件	3	2
来源于	3	3
发布会	3	3
事物	3	2
扭矩	3	2
一项	3	2
外面	3	2
文章内容	3	4
扫黑	3	2
前提	3	2
除恶	3	2
剩下	3	2
涡轮	3	2
增压	3	2
给出	3	2
半个	3	2
发自	3	2
再也	3	2
行	2	1
业	2	1
学	2	1
实	2	1
同	2	1
体	2	1
机	2	1
然	2	1
间	2	1
主	2	1
因	2	1
品	2	1
种	2	1
通	2	1
入	2	1
样	2	1
文	2	1
次	2	1
位	2	1
表	2	1
数	2	1
员	2	1
制	2	1
信	2	1
利	2	1
知	2	1
系	2	1
代	2	1
教	2	1
网	2	1
价	2	1
二	2	1
色	2	1
放	2	1
回	2	1
质	2	1
西	2	1
门	2	1
口	2	1
院	2	1
科	2	1
求	2	1
记	2	1
选	2	1
师	2	1
型	2	1
级	2	1
费	2	1
传	2	1
世	2	1
病	2	1
战	2	1
节	2	1
房	2	1
形	2	1
观	2	1
空	2	1
球	2	1
儿	2	1
四	2	1
股	2	1
组	2	1
赛	2	1
难	2	1
深	2	1
界	2	1
支	2	1
装	2	1
复	2	1
局	2	1
权	2	1
片	2	1
超	2	1
便	2	1
除	2	1
众	2	1
军	2	1
五	2	1
供	2	1
引	2	1
首	2	1
团	2	1
满	2	1
村	2	1
必	2	1
致	2	1
排	2	1
边	2	1
望	2	1
离	2	1
够	2	1
油	2	1
存	2	1
斯	2	1
素	2	1
米	2	1
血	2	1
亿	2	1
州	2	1
断	2	1
控	2	1
限	2	1
器	2	1
早	2	1
份	2	1
切	2	1
微	2	1
底	2	1
味	2	1
某	2	1
皮	2	1
降	2	1
半	2	1
板	2	1
县	2	1
层	2	1
店	2	1
之后	2	2
香	2	1
尽	2	1
以及	2	2
角	2	1
龙	2	1
初	2	1
讲	2	1
破	2	1
云	2	1
晚	2	1
画	2	1
送	2	1
班	2	1
座	2	1
肉	2	1
停	2	1
短	2	1
换	2	1
绝	2	1
室	2	1
刚	2	1
飞	2	1
块	2	1
消费	2	2
假	2	1
乡	2	1
密	2	1
余	2	1
奖	2	1
楼	2	1
陈	2	1
洗	2	1
茶	2	1
族	2	1
夜	2	1
丽	2	1
贵	2	1
鱼	2	1
搭	2	1
输	2	1
坐	2	1
异	2	1
冷	2	1
靠	2	1
疑	2	1
一步	2	2
效果	2	2
若	2	1
脸	2	1
解决	2	2
继续	2	2
杀	2	1
之前	2	2
智能	2	2
罪	2	1
结果	2	2
机构	2	2
实际	2	2
银行	2	2
有限	2	2
喝	2	1
才能	2	2
每天	2	2
有些	2	2
第三	2	2
鸡	2	1
保护	2	2
归	2	1
资源	2	2
万元	2	2
随着	2	2
上海	2	2
币	2	1
犯	2	1
并且	2	2
累	2	1
以后	2	2
真正	2	2
金融	2	2
参加	2	2
派	2	1
积极	2	2
如此	2	2
硬	2	1
不可	2	2
计划	2	2
合同	2	2
侧	2	1
弱	2	1
经过	2	2
来看	2	2
烈	2	1
按照	2	2
综合	2	2
你们	2	2
词	2	1
经常	2	2
建议	2	2
操作	2	2
年轻	2	2
体验	2	2
坏	2	1
联网	2	2
纯	2	1
厚	2	1
正在	2	2
建筑	2	2
优势	2	2
设备	2	2
正常	2	2
屏	2	1
参与	2	2
医疗	2	2
改变	2	2
调整	2	2
链	2	1
结合	2	2
而是	2	2
方向	2	2
消费者	2	3
改革	2	2
幸福	2	2
小编	2	2
阶段	2	2
如今	2	2
故事	2	2
另外	2	2
懂	2	1
位置	2	2
教师	2	2
后来	2	2
倍	2	1
挂	2	1
想要	2	2
压力	2	2
结构	2	2
文章	2	2
疾病	2	2
减少	2	2
长期	2	2
成绩	2	2
生态	2	2
规模	2	2
考虑	2	2
忙	2	1
执行	2	2
打造	2	2
保证	2	2
摩	2	1
成本	2	2
购买	2	2
普通	2	2
行动	2	2
食物	2	2
加入	2	2
先生	2	2
上市	2	2
这次	2	2
劳动	2	2
抱	2	1
方案	2	2
正式	2	2
团队	2	2
对方	2	2
商业	2	2
优秀	2	2
最近	2	2
值得	2	2
制造	2	2
书记	2	2
卫生	2	2
促进	2	2
甜	2	1
满足	2	2
充分	2	2
体系	2	2
证明	2	2
制度	2	2
总是	2	2
创业	2	2
降低	2	2
大多	2	2
自动	2	2
音乐	2	2
儿子	2	2
不好	2	2
任务	2	2
指导	2	2
员工	2	2
微信	2	2
计算	2	2
下降	2	2
人才	2	2
营养	2	2
资产	2	2
速度	2	2
政治	2	2
不管	2	2
骗	2	1
发挥	2	2
相对	2	2
符合	2	2
毕竟	2	2
落实	2	2
公里	2	2
心理	2	2
有着	2	2
相当	2	2
创造	2	2
依然	2	2
快乐	2	2
自身	2	2
想到	2	2
双方	2	2
主任	2	2
升级	2	2
确实	2	2
以前	2	2
吸引	2	2
股票	2	2
以为	2	2
不了	2	2
趋势	2	2
推荐	2	2
医生	2	2
找到	2	2
享受	2	2
加上	2	2
困难	2	2
集中	2	2
伤害	2	2
事实	2	2
是因为	2	3
女儿	2	2
感情	2	2
它们	2	2
鞋	2	1
所谓	2	2
相比	2	2
费用	2	2
地址	2	2
时期	2	2
意见	2	2
也许	2	2
畅	2	1
锋	2	1
此次	2	2
农业	2	2
陪	2	1
干部	2	2
配置	2	2
赛季	2	2
土地	2	2
深入	2	2
制作	2	2
拼	2	1
案件	2	2
身份	2	2
来源	2	2
处于	2	2
合理	2	2
照片	2	2
老人	2	2
离开	2	2
资本	2	2
愿意	2	2
特点	2	2
旁	2	1
情绪	2	2
为主	2	2
事件	2	2
香港	2	2
而言	2	2
到底	2	2
薄	2	1
挺	2	1
正确	2	2
采取	2	2
美丽	2	2
增强	2	2
人类	2	2
完善	2	2
股份	2	2
研发	2	2
原则	2	2
通知	2	2
设置	2	2
移动	2	2
利益	2	2
程序	2	2
投入	2	2
下午	2	2
大量	2	2
品质	2	2
时尚	2	2
清楚	2	2
网上	2	2
独立	2	2
资料	2	2
重大	2	2
空气	2	2
理念	2	2
统一	2	2
实践	2	2
或许	2	2
哭	2	1
观众	2	2
自我	2	2
充满	2	2
特殊	2	2
身上	2	2
不再	2	2
运行	2	2
搜	2	1
比例	2	2
打开	2	2
妙	2	1
形象	2	2
语言	2	2
来到	2	2
展示	2	2
动作	2	2
段时间	2	3
结婚	2	2
认真	2	2
回家	2	2
造型	2	2
衣服	2	2
世纪	2	2
球员	2	2
剩	2	1
志愿	2	2
称为	2	2
大多数	2	3
广大	2	2
销量	2	2
组成	2	2
仍然	2	2
内部	2	2
启动	2	2
两人	2	2
垃圾	2	2
表达	2	2
拒	2	1
景区	2	2
角度	2	2
最佳	2	2
记得	2	2
掌握	2	2
还会	2	2
每年	2	2
期待	2	2
态度	2	2
本次	2	2
提醒	2	2
日子	2	2
放弃	2	2
她们	2	2
哪些	2	2
监督	2	2
变成	2	2
房子	2	2
做法	2	2
绿色	2	2
附近	2	2
家人	2	2
声音	2	2
在于	2	2
对象	2	2
上面	2	2
负责人	2	3
加快	2	2
始终	2	2
概念	2	2
成熟	2	2
错误	2	2
先进	2	2
多个	2	2
出去	2	2
担心	2	2
给予	2	2
千万	2	2
显得	2	2
很快	2	2
地位	2	2
复杂	2	2
当中	2	2
队伍	2	2
多种	2	2
不如	2	2
舒适	2	2
主席	2	2
人民币	2	3
微博	2	2
优质	2	2
各地	2	2
夫妻	2	2
人民法院	2	4
污染	2	2
走势	2	2
上午	2	2
人口	2	2
唯一	2	2
原文	2	2
高度	2	2
此时	2	2
角色	2	2
成员	2	2
手段	2	2
理想	2	2
意味着	2	3
尽量	2	2
融合	2	2
时刻	2	2
股东	2	2
自主	2	2
常见	2	2
味道	2	2
人物	2	2
涉及	2	2
足够	2	2
工作人员	2	4
相应	2	2
实际上	2	3
精彩	2	2
皆	2	1
病毒	2	2
背景	2	2
认定	2	2
所在	2	2
失败	2	2
出生	2	2
依旧	2	2
怎样	2	2
熟悉	2	2
分为	2	2
不够	2	2
独特	2	2
在线	2	2
覆盖	2	2
一代	2	2
哪里	2	2
众多	2	2
加大	2	2
理由	2	2
春节	2	2
不得不	2	3
突出	2	2
制定	2	2
当年	2	2
一路	2	2
大概	2	2
想法	2	2
妻子	2	2
扶贫	2	2
开心	2	2
算是	2	2
广泛	2	2
咖	2	1
版本	2	2
丢	2	1
联盟	2	2
好像	2	2
电商	2	2
最新	2	2
他人	2	2
开启	2	2
样子	2	2
评论	2	2
痛苦	2	2
机场	2	2
亿美元	2	3
反映	2	2
想象	2	2
不想	2	2
漂亮	2	2
专门	2	2
温暖	2	2
律师	2	2
一线	2	2
大型	2	2
印象	2	2
相同	2	2
共享	2	2
过来	2	2
性格	2	2
赔偿	2	2
新能源	2	3
截至	2	2
部署	2	2
完美	2	2
天然	2	2
一致	2	2
内心	2	2
大会	2	2
红色	2	2
人数	2	2
构成	2	2
声明	2	2
展现	2	2
脱贫	2	2
领先	2	2
详细	2	2
各项	2	2
从来	2	2
权利	2	2
好好	2	2
知名	2	2
搭载	2	2
预期	2	2
拒绝	2	2
精准	2	2
住房	2	2
周围	2	2
那种	2	2
适当	2	2
气质	2	2
功效	2	2
标志	2	2
收获	2	2
营业	2	2
心中	2	2
无疑	2	2
零售	2	2
提示	2	2
黑色	2	2
仅仅	2	2
合适	2	2
心情	2	2
类型	2	2
那里	2	2
准确	2	2
关心	2	2
转型	2	2
如下	2	2
固定	2	2
一张	2	2
失去	2	2
整治	2	2
病人	2	2
强烈	2	2
大小	2	2
表明	2	2
攻坚	2	2
年轻人	2	3
当事人	2	3
谱	2	1
信号	2	2
仪式	2	2
车身	2	2
完整	2	2
国外	2	2
允许	2	2
物业	2	2
美食	2	2
区别	2	2
人群	2	2
荣耀	2	2
课堂	2	2
分类	2	2
带领	2	2
低于	2	2
看出	2	2
小心	2	2
巨大	2	2
清晰	2	2
社交	2	2
建成	2	2
内饰	2	2
说法	2	2
较大	2	2
其次	2	2
接下来	2	3
尺寸	2	2
及其	2	2
魅力	2	2
新车	2	2
颇	2	1
全力	2	2
新鲜	2	2
白色	2	2
就算	2	2
发出	2	2
配备	2	2
日报	2	2
民间	2	2
舞台	2	2
适量	2	2
纤维	2	2
消失	2	2
取消	2	2
著名	2	2
约定	2	2
强大	2	2
拿到	2	2
危害	2	2
转移	2	2
后面	2	2
忘记	2	2
包含	2	2
贯彻	2	2
适用	2	2
不敢	2	2
不仅仅	2	3
收到	2	2
热情	2	2
起到	2	2
高效	2	2
亿亿亿亿	2	4
混合	2	2
可谓	2	2
队员	2	2
向上	2	2
实体	2	2
同意	2	2
娱乐圈	2	3
可爱	2	2
舒服	2	2
从小	2	2
病例	2	2
均匀	2	2
大力	2	2
季节	2	2
小说	2	2
决策	2	2
使命	2	2
自治	2	2
地上	2	2
电视剧	2	3
情形	2	2
功率	2	2
无限	2	2
体内	2	2
到来	2	2
心态	2	2
迎来	2	2
公安局	2	3
高质量	2	3
流行	2	2
精致	2	2
各自	2	2
转化	2	2
十足	2	2
代谢	2	2
体会	2	2
总统	2	2
聪明	2	2
主力	2	2
前面	2	2
即便	2	2
一批	2	2
好看	2	2
延续	2	2
本质	2	2
多么	2	2
坚定	2	2
提到	2	2
当下	2	2
激烈	2	2
侵权	2	2
上线	2	2
实用	2	2
饿	2	1
新型	2	2
躺	2	1
遗憾	2	2
毫无	2	2
沪	2	1
嫌疑人	2	3
更大	2	2
简称	2	2
怎么办	2	3
复工	2	2
温馨	2	2
打破	2	2
十三	2	2
喜爱	2	2
话题	2	2
充足	2	2
持有	2	2
防治	2	2
占据	2	2
中华人民共和国	2	7
王者	2	2
旗下	2	2
脸上	2	2
一把	2	2
专注	2	2
陌生	2	2
确诊	2	2
好处	2	2
一套	2	2
对应	2	2
过多	2	2
院长	2	2
眼前	2	2
一带	2	2
到位	2	2
讲述	2	2
均线	2	2
以外	2	2
区块	2	2
上半年	2	3
单纯	2	2
哪怕	2	2
局面	2	2
本书	2	2
一部分	2	3
典型	2	2
春天	2	2
最初	2	2
这场	2	2
凌晨	2	2
基础设施	2	4
自行车	2	3
饰演	2	2
深深	2	2
有趣	2	2
杂志	2	2
两天	2	2
标题	2	2
伟大	2	2
供给	2	2
条例	2	2
旁边	2	2
总书记	2	3
什么样	2	3
出色	2	2
表情	2	2
客户端	2	3
现有	2	2
搅拌	2	2
若干	2	2
层面	2	2
蓝色	2	2
振兴	2	2
一半	2	2
人气	2	2
今后	2	2
手中	2	2
影响力	2	3
续航	2	2
忽略	2	2
理性	2	2
指定	2	2
概率	2	2
听说	2	2
霆	2	1
赢得	2	2
多多	2	2
像是	2	2
有力	2	2
形容	2	2
篇文章	2	3
人流	2	2
一座	2	2
盯	2	1
错过	2	2
管理局	2	3
里程	2	2
最高人民法院	2	6
倾向	2	2
太多	2	2
一层	2	2
常态	2	2
随之	2	2
遭到	2	2
百分点	2	3
市长	2	2
身影	2	2
经济社会	2	4
短暂	2	2
格栅	2	2
所说	2	2
借贷	2	2
可能性	2	3
极大	2	2
像素	2	2
所有人	2	3
公积金	2	3
在内	2	2
好吃	2	2
复产	2	2
最美	2	2
而成	2	2
伴随	2	2
牢记	2	2
特定	2	2
一面	2	2
之类	2	2
单车	2	2
古老	2	2
甄	2	1
比特	2	2
中级	2	2
徒刑	2	2
例外	2	2
评为	2	2
离合	2	2
眼中	2	2
眼神	2	2
丝毫	2	2
党组	2	2
最强	2	2
峰值	2	2
多余	2	2
很强	2	2
上年	2	2
膳食	2	2
进气	2	2
常用	2	2
有限责任	2	4
这才	2	2
日常生活	2	4
鲜明	2	2
专项斗争	2	4
生于	2	2
珍贵	2	2
优美	2	2
营商	2	2
小微	2	2
限度	2	2
停留	2	2
不小	2	2
无痛	2	2
事务所	2	3
庞大	2	2
原有	2	2
最快	2	2
羯	2	1
咨询电话	2	4
热巴	2	2
萨斯	2	2
分机	2	2
较强	2	2
惊人	2	2
下旬	2	2
多大	2	2
应有	2	2
冠状病毒	2	4
宝贵	2	2
几率	2	2
莫名	2	2
迷人	2	2
浓厚	2	2
话语	2	2
深厚	2	2
极高	2	2
针对性	2	3
漫长	2	2
社会保障	2	4
简书	2	2
迪丽	2	2
各行	2	2
嬛	2	1
华声	2	2
现	1	1
工	1	1
公	1	1
理	1	1
合	1	1
产	1	1
么	1	1
关	1	1
果	1	1
己	1	1
常	1	1
提	1	1
资	1	1
保	1	1
电	1	1
展	1	1
平	1	1
目	1	1
建	1	1
民	1	1
务	1	1
安	1	1
设	1	1
特	1	1
管	1	1
司	1	1
题	1	1
解	1	1
别	1	1
交	1	1
计	1	1
程	1	1
接	1	1
持	1	1
十	1	1
直	1	1
结	1	1
服	1	1
基	1	1
东	1	1
单	1	1
收	1	1
技	1	1
政	1	1
格	1	1
术	1	1
商	1	1
候	1	1
任	1	1
今	1	1
运	1	1
孩	1	1
造	1	1
认	1	1
导	1	1
调	1	1
规	1	1
医	1	1
增	1	1
立	1	1
什	1	1
影	1	1
容	1	1
联	1	1
效	1	1
南	1	1
专	1	1
整	1	1
清	1	1
标	1	1
示	1	1
统	1	1
创	1	1
台	1	1
企	1	1
证	1	1
消	1	1
项	1	1
精	1	1
社	1	1
友	1	1
考	1	1
游	1	1
注	1	1
觉	1	1
治	1	1
易	1	1
户	1	1
视	1	1
功	1	1
推	1	1
具	1	1
北	1	1
且	1	1
改	1	1
投	1	1
取	1	1
步	1	1
确	1	1
食	1	1
备	1	1
始	1	1
育	1	1
周	1	1
领	1	1
何	1	1
华	1	1
营	1	1
优	1	1
准	1	1
息	1	1
习	1	1
布	1	1
广	1	1
共	1	1
速	1	1
乐	1	1
办	1	1
集	1	1
养	1	1
防	1	1
决	1	1
反	1	1
包	1	1
续	1	1
校	1	1
客	1	1
马	1	1
值	1	1
源	1	1
宝	1	1
显	1	1
势	1	1
环	1	1
论	1	1
况	1	1
参	1	1
省	1	1
升	1	1
研	1	1
态	1	1
助	1	1
根	1	1
告	1	1
查	1	1
思	1	1
案	1	1
料	1	1
照	1	1
识	1	1
随	1	1
护	1	1
喜	1	1
适	1	1
许	1	1
失	1	1
男	1	1
极	1	1
议	1	1
际	1	1
命	1	1
验	1	1
置	1	1
象	1	1
施	1	1
境	1	1
欢	1	1
试	1	1
销	1	1
百	1	1
演	1	1
响	1	1
获	1	1
济	1	1
历	1	1
模	1	1
阳	1	1
健	1	1
轻	1	1
构	1	1
景	1	1
委	1	1
牌	1	1
责	1	1
积	1	1
德	1	1
终	1	1
星	1	1
农	1	1
预	1	1
亲	1	1
黄	1	1
士	1	1
江	1	1
义	1	1
维	1	1
采	1	1
细	1	1
温	1	1
京	1	1
依	1	1
险	1	1
疗	1	1
英	1	1
拉	1	1
药	1	1
妈	1	1
择	1	1
园	1	1
职	1	1
究	1	1
状	1	1
压	1	1
智	1	1
青	1	1
属	1	1
尔	1	1
康	1	1
声	1	1
按	1	1
福	1	1
酒	1	1
群	1	1
虽	1	1
林	1	1
语	1	1
充	1	1
购	1	1
伤	1	1
严	1	1
例	1	1
母	1	1
修	1	1
富	1	1
留	1	1
融	1	1
坚	1	1
检	1	1
音	1	1
益	1	1
春	1	1
简	1	1
石	1	1
故	1	1
争	1	1
财	1	1
划	1	1
减	1	1
居	1	1
季	1	1
怎	1	1
售	1	1
范	1	1
艺	1	1
害	1	1
评	1	1
材	1	1
补	1	1
古	1	1
念	1	1
朋	1	1
免	1	1
列	1	1
击	1	1
承	1	1
土	1	1
盘	1	1
域	1	1
旅	1	1
汽	1	1
围	1	1
警	1	1
负	1	1
策	1	1
般	1	1
待	1	1
止	1	1
互	1	1
普	1	1
亚	1	1
协	1	1
银	1	1
千	1	1
举	1	1
读	1	1
善	1	1
河	1	1
史	1	1
否	1	1
官	1	1
这一	1	2
志	1	1
律	1	1
湖	1	1
突	1	1
监	1	1
博	1	1
兴	1	1
独	1	1
戏	1	1
吸	1	1
诉	1	1
府	1	1
课	1	1
享	1	1
希	1	1
核	1	1
卡	1	1
担	1	1
测	1	1
父	1	1
菜	1	1
愿	1	1
编	1	1
婚	1	1
织	1	1
货	1	1
票	1	1
激	1	1
紧	1	1
患	1	1
继	1	1
遇	1	1
甚	1	1
付	1	1
六	1	1
招	1	1
钟	1	1
额	1	1
镇	1	1
罗	1	1
痛	1	1
粉	1	1
第二	1	2
套	1	1
左	1	1
良	1	1
夫	1	1
武	1	1
巴	1	1
卫	1	1
八	1	1
须	1	1
右	1	1
背	1	1
介	1	1
铁	1	1
疫	1	1
慢	1	1
播	1	1
纪	1	1
庭	1	1
临	1	1
审	1	1
章	1	1
端	1	1
批	1	1
似	1	1
衣	1	1
稳	1	1
奇	1	1
宣	1	1
执	1	1
印	1	1
刘	1	1
波	1	1
刻	1	1
毒	1	1
略	1	1
乎	1	1
松	1	1
阿	1	1
络	1	1
录	1	1
苦	1	1
练	1	1
丰	1	1
载	1	1
损	1	1
顺	1	1
察	1	1
劳	1	1
追	1	1
牛	1	1
操	1	1
涨	1	1
拥	1	1
税	1	1
脑	1	1
培	1	1
木	1	1
毛	1	1
频	1	1
毕	1	1
轮	1	1
症	1	1
缺	1	1
雨	1	1
辆	1	1
革	1	1
令	1	1
肤	1	1
胜	1	1
航	1	1
彩	1	1
净	1	1
困	1	1
丝	1	1
退	1	1
具有	1	2
借	1	1
幸	1	1
佛	1	1
七	1	1
秀	1	1
静	1	1
括	1	1
苏	1	1
笔	1	1
绿	1	1
攻	1	1
纳	1	1
判	1	1
移	1	1
餐	1	1
兰	1	1
歌	1	1
熟	1	1
午	1	1
冲	1	1
训	1	1
永	1	1
汉	1	1
急	1	1
灵	1	1
驾	1	1
草	1	1
工程	1	2
宁	1	1
申	1	1
树	1	1
竟	1	1
沙	1	1
街	1	1
圈	1	1
绩	1	1
梦	1	1
抗	1	1
析	1	1
登	1	1
础	1	1
障	1	1
脚	1	1
的话	1	2
鲜	1	1
欧	1	1
征	1	1
饮	1	1
谈	1	1
怕	1	1
幅	1	1
饭	1	1
守	1	1
港	1	1
摄	1	1
啊	1	1
贫	1	1
迎	1	1
顾	1	1
竞	1	1
怀	1	1
谢	1	1
蛋	1	1
脱	1	1
冠	1	1
索	1	1
厂	1	1
九	1	1
朝	1	1
媒	1	1
救	1	1
哈	1	1
闻	1	1
签	1	1
启	1	1
序	1	1
睡	1	1
糖	1	1
奶	1	1
除了	1	2
软	1	1
综	1	1
典	1	1
尚	1	1
聚	1	1
答	1	1
顶	1	1
违	1	1
灯	1	1
避	1	1
夏	1	1
礼	1	1
馆	1	1
露	1	1
绍	1	1
键	1	1
针	1	1
交通	1	2
酸	1	1
染	1	1
威	1	1
叶	1	1
杨	1	1
述	1	1
伴	1	1
跌	1	1
斗	1	1
驶	1	1
散	1	1
比如	1	2
逐	1	1
盖	1	1
休	1	1
田	1	1
阶	1	1
促	1	1
透	1	1
分析	1	2
佳	1	1
液	1	1
荣	1	1
爸	1	1
骨	1	1
危	1	1
努	1	1
炎	1	1
渐	1	1
洲	1	1
饰	1	1
延	1	1
疾	1	1
爆	1	1
雪	1	1
浪	1	1
巨	1	1
童	1	1
玉	1	1
纷	1	1
贴	1	1
托	1	1
堂	1	1
哥	1	1
抓	1	1
颜	1	1
弹	1	1
筑	1	1
固	1	1
央	1	1
雄	1	1
冰	1	1
润	1	1
挥	1	1
宜	1	1
尤	1	1
野	1	1
豆	1	1
距	1	1
概	1	1
阴	1	1
虚	1	1
植	1	1
虑	1	1
曲	1	1
射	1	1
予	1	1
兵	1	1
奥	1	1
皇	1	1
诗	1	1
码	1	1
恶	1	1
架	1	1
呼	1	1
雷	1	1
姐	1	1
庆	1	1
惊	1	1
宫	1	1
贷	1	1
误	1	1
迷	1	1
零	1	1
峰	1	1
附	1	1
肥	1	1
不得	1	2
帝	1	1
席	1	1
释	1	1
旧	1	1
探	1	1
肯	1	1
败	1	1
杂	1	1
趣	1	1
耳	1	1
利用	1	2
那些	1	2
尼	1	1
访	1	1
暖	1	1
甲	1	1
折	1	1
涉	1	1
负责	1	2
冬	1	1
诊	1	1
最终	1	2
岛	1	1
秋	1	1
床	1	1
烟	1	1
牙	1	1
桥	1	1
束	1	1
乱	1	1
盛	1	1
醒	1	1
宽	1	1
妻	1	1
债	1	1
封	1	1
督	1	1
蓝	1	1
妇	1	1
舞	1	1
讯	1	1
库	1	1
沉	1	1
握	1	1
询	1	1
触	1	1
著	1	1
纸	1	1
刺	1	1
湿	1	1
吉	1	1
掌	1	1
暴	1	1
箱	1	1
检查	1	2
厅	1	1
美元	1	2
专家	1	2
偏	1	1
谓	1	1
租	1	1
措	1	1
遗	1	1
惯	1	1
电话	1	2
舒	1	1
保险	1	2
禁	1	1
可是	1	2
实施	1	2
翻	1	1
私	1	1
惠	1	1
隐	1	1
缓	1	1
阵	1	1
钢	1	1
圆	1	1
韩	1	1
幕	1	1
锅	1	1
献	1	1
符	1	1
挑	1	1
无论	1	2
授	1	1
伙	1	1
汇	1	1
乘	1	1
旗	1	1
屋	1	1
烧	1	1
滑	1	1
陆	1	1
胃	1	1
麻	1	1
面对	1	2
寻	1	1
保障	1	2
豪	1	1
途	1	1
川	1	1
寒	1	1
讨	1	1
泡	1	1
混	1	1
弟	1	1
洋	1	1
淡	1	1
法院	1	2
秘	1	1
洁	1	1
镜	1	1
胡	1	1
扩	1	1
肌	1	1
孕	1	1
励	1	1
雅	1	1
订	1	1
孙	1	1
龄	1	1
扶	1	1
敢	1	1
弃	1	1
杯	1	1
齐	1	1
电视	1	2
末	1	1
猪	1	1
申请	1	2
诚	1	1
毫	1	1
腿	1	1
汤	1	1
勇	1	1
现代	1	2
唐	1	1
迪	1	1
宣传	1	2
阅	1	1
于是	1	2
仪	1	1
址	1	1
盟	1	1
遍	1	1
趋	1	1
扬	1	1
宗	1	1
慧	1	1
隔	1	1
估	1	1
尿	1	1
全部	1	2
缩	1	1
更是	1	2
电子	1	2
狗	1	1
池	1	1
污	1	1
脏	1	1
悉	1	1
缘	1	1
赶	1	1
潮	1	1
吴	1	1
楚	1	1
震	1	1
窗	1	1
尊	1	1
竞争	1	2
鼓	1	1
偿	1	1
庄	1	1
赵	1	1
朗	1	1
唱	1	1
储	1	1
漫	1	1
亡	1	1
中央	1	2
尾	1	1
癌	1	1
唯	1	1
学院	1	2
幼	1	1
衡	1	1
默	1	1
巧	1	1
档	1	1
跳	1	1
脂	1	1
婆	1	1
截	1	1
恩	1	1
抢	1	1
推动	1	2
岗	1	1
罚	1	1
肝	1	1
然而	1	2
炒	1	1
裁	1	1
泰	1	1
券	1	1
篇	1	1
面积	1	2
工业	1	2
社区	1	2
焦	1	1
刷	1	1
剂	1	1
支付	1	2
伟	1	1
谷	1	1
恋	1	1
盐	1	1
旦	1	1
主义	1	2
腾	1	1
基金	1	2
肠	1	1
奋	1	1
祖	1	1
湾	1	1
抽	1	1
食品	1	2
彻	1	1
交流	1	2
森	1	1
规划	1	2
针对	1	2
凡	1	1
船	1	1
凉	1	1
欲	1	1
忆	1	1
赞	1	1
伊	1	1
妹	1	1
沟	1	1
塔	1	1
繁	1	1
刑	1	1
暗	1	1
发动	1	2
诺	1	1
账	1	1
措施	1	2
墙	1	1
圣	1	1
耐	1	1
贸	1	1
浓	1	1
开放	1	2
肺	1	1
胎	1	1
君	1	1
蒙	1	1
闭	1	1
分享	1	2
瓜	1	1
联合	1	2
燃	1	1
津	1	1
辅	1	1
脉	1	1
凭	1	1
绪	1	1
敏	1	1
乳	1	1
呈	1	1
梅	1	1
刀	1	1
迅	1	1
潜	1	1
腰	1	1
荐	1	1
阻	1	1
莫	1	1
赢	1	1
瑞	1	1
丹	1	1
抵	1	1
诸	1	1
儿童	1	2
还要	1	2
俗	1	1
残	1	1
腹	1	1
膜	1	1
摆	1	1
扫	1	1
灾	1	1
公安	1	2
应当	1	2
珠	1	1
卷	1	1
再次	1	2
闲	1	1
贝	1	1
怪	1	1
嘉	1	1
此外	1	2
迹	1	1
戴	1	1
虎	1	1
聊	1	1
赏	1	1
技能	1	2
召	1	1
培养	1	2
侵	1	1
晓	1	1
姓	1	1
烦	1	1
顿	1	1
扣	1	1
践	1	1
聘	1	1
遭	1	1
安排	1	2
返	1	1
泽	1	1
运营	1	2
辛	1	1
磨	1	1
敬	1	1
宋	1	1
董	1	1
援	1	1
恐	1	1
等等	1	2
映	1	1
萨	1	1
鲁	1	1
俄	1	1
伦	1	1
赚	1	1
主动	1	2
殊	1	1
柔	1	1
寸	1	1
从而	1	2
塞	1	1
绕	1	1
羊	1	1
爷	1	1
菌	1	1
不足	1	2
能源	1	2
甘	1	1
珍	1	1
孔	1	1
横	1	1
耗	1	1
朱	1	1
放在	1	2
徐	1	1
委员	1	2
晨	1	1
沿	1	1
亦	1	1
梁	1	1
疼	1	1
恢	1	1
替	1	1
调查	1	2
胞	1	1
仓	1	1
高速	1	2
递	1	1
纹	1	1
炼	1	1
篮	1	1
就要	1	2
自由	1	2
用于	1	2
考试	1	2
即可	1	2
搭配	1	2
仙	1	1
智慧	1	2
敌	1	1
培训	1	2
突然	1	2
郑	1	1
偶	1	1
距离	1	2
位于	1	2
忍	1	1
机关	1	2
连续	1	2
跨	1	1
暂	1	1
泉	1	1
办公	1	2
径	1	1
撑	1	1
鼻	1	1
行政	1	2
紫	1	1
辑	1	1
桃	1	1
猫	1	1
扎	1	1
搞	1	1
地产	1	2
恢复	1	2
有点	1	2
方便	1	2
终于	1	2
之外	1	2
圳	1	1
丁	1	1
欢迎	1	2
晚上	1	2
灭	1	1
商品	1	2
深圳	1	2
体育	1	2
舍	1	1
娱乐	1	2
筹	1	1
突破	1	2
肾	1	1
仁	1	1
娘	1	1
睛	1	1
奔	1	1
祝	1	1
洞	1	1
泥	1	1
恒	1	1
确保	1	2
滴	1	1
勤	1	1
杰	1	1
咨	1	1
逐渐	1	2
民族	1	2
阅读	1	2
腐	1	1
尝	1	1
誉	1	1
嘴	1	1
贯	1	1
狂	1	1
添	1	1
设施	1	2
赔	1	1
昨	1	1
上涨	1	2
宇	1	1
煮	1	1
咨询	1	2
居民	1	2
劲	1	1
训练	1	2
伍	1	1
铺	1	1
振	1	1
数字	1	2
一旦	1	2
哦	1	1
肿	1	1
秒	1	1
美的	1	2
覆	1	1
似乎	1	2
胆	1	1
中华	1	2
胸	1	1
忽	1	1
魔	1	1
榜	1	1
乏	1	1
塑	1	1
锁	1	1
悲	1	1
网站	1	2
明星	1	2
详	1	1
公共	1	2
冒	1	1
重新	1	2
月份	1	2
惜	1	1
办理	1	2
拟	1	1
酒店	1	2
陷	1	1
泛	1	1
署	1	1
捷	1	1
施工	1	2
寿	1	1
直播	1	2
嫌	1	1
追求	1	2
辣	1	1
很难	1	2
涂	1	1
日常	1	2
逃	1	1
册	1	1
心里	1	2
矿	1	1
鉴	1	1
手术	1	2
麦	1	1
欣	1	1
贷款	1	2
夺	1	1
瓶	1	1
英国	1	2
颗	1	1
宾	1	1
苗	1	1
工资	1	2
小学	1	2
循	1	1
机制	1	2
耀	1	1
愈	1	1
是不是	1	3
姜	1	1
菲	1	1
蜜	1	1
乌	1	1
胶	1	1
记录	1	2
平均	1	2
览	1	1
废	1	1
改善	1	2
看着	1	2
利润	1	2
事故	1	2
承担	1	2
监管	1	2
驱	1	1
辈	1	1
眠	1	1
盈	1	1
感到	1	2
广告	1	2
苹	1	1
迅速	1	2
氧	1	1
眼睛	1	2
性能	1	2
尖	1	1
漂	1	1
大部分	1	3
宿	1	1
坦	1	1
年龄	1	2
澳	1	1
浮	1	1
缴	1	1
伸	1	1
苹果	1	2
碎	1	1
凯	1	1
炸	1	1
杜	1	1
姆	1	1
每次	1	2
秦	1	1
裤	1	1
第四	1	2
基地	1	2
壮	1	1
细胞	1	2
广州	1	2
岸	1	1
隆	1	1
倾	1	1
十年	1	2
公开	1	2
营销	1	2
规范	1	2
兼	1	1
洛	1	1
配合	1	2
巡	1	1
啦	1	1
有所	1	2
生物	1	2
昌	1	1
迁	1	1
闹	1	1
爸爸	1	2
近日	1	2
迫	1	1
椒	1	1
课程	1	2
经理	1	2
协议	1	2
令人	1	2
指出	1	2
贡	1	1
忧	1	1
脾	1	1
不知	1	2
提前	1	2
违法	1	2
尺	1	1
公园	1	2
灰	1	1
壁	1	1
坛	1	1
黄金	1	2
荡	1	1
亏	1	1
出版	1	2
投资者	1	3
拜	1	1
妆	1	1
仿	1	1
碰	1	1
预计	1	2
供应	1	2
纠	1	1
吨	1	1
天气	1	2
观察	1	2
指数	1	2
穴	1	1
反应	1	2
幼儿	1	2
宅	1	1
解释	1	2
就业	1	2
垃	1	1
泪	1	1
汁	1	1
重视	1	2
姻	1	1
圾	1	1
看来	1	2
动物	1	2
跃	1	1
青年	1	2
仔	1	1
驻	1	1
墨	1	1
第一次	1	3
至少	1	2
描	1	1
逆	1	1
稍	1	1
貌	1	1
软件	1	2
登记	1	2
实验	1	2
枪	1	1
拆	1	1
籍	1	1
浙	1	1
尽管	1	2
伙伴	1	2
罗斯	1	2
中医	1	2
线上	1	2
骑	1	1
辉	1	1
检测	1	2
竹	1	1
渠	1	1
桌	1	1
难以	1	2
斑	1	1
安装	1	2
刺激	1	2
袋	1	1
斤	1	1
肩	1	1
平时	1	2
判断	1	2
游客	1	2
坡	1	1
协会	1	2
下去	1	2
吐	1	1
谋	1	1
冠军	1	2
轨	1	1
晶	1	1
械	1	1
鸟	1	1
剑	1	1
杆	1	1
拓	1	1
当前	1	2
思考	1	2
这位	1	2
忠	1	1
汗	1	1
拔	1	1
尘	1	1
挡	1	1
死亡	1	2
偷	1	1
页	1	1
莱	1	1
女孩	1	2
滋	1	1
扰	1	1
曼	1	1
帅	1	1
意味	1	2
农民	1	2
半年	1	2
支撑	1	2
平方	1	2
工具	1	2
接触	1	2
喷	1	1
婚姻	1	2
兴趣	1	2
文件	1	2
报名	1	2
旺	1	1
市民	1	2
大众	1	2
郭	1	1
强调	1	2
舰	1	1
通常	1	2
广东	1	2
华为	1	2
山东	1	2
演员	1	2
穷	1	1
轻松	1	2
评价	1	2
感染	1	2
粗	1	1
番	1	1
擦	1	1
填	1	1
将会	1	2
裂	1	1
勒	1	1
点击	1	2
孤	1	1
人士	1	2
房屋	1	2
机器	1	2
损失	1	2
二十	1	2
伯	1	1
瓦	1	1
阳光	1	2
看起来	1	3
奏	1	1
官方	1	2
虫	1	1
插	1	1
沟通	1	2
凝	1	1
盾	1	1
牢	1	1
赖	1	1
统计	1	2
悟	1	1
效率	1	2
挑战	1	2
履	1	1
预防	1	2
幻	1	1
思维	1	2
粮	1	1
上升	1	2
腺	1	1
饮食	1	2
姿	1	1
民警	1	2
衰	1	1
携	1	1
撞	1	1
依法	1	2
摸	1	1
之中	1	2
薪	1	1
凌	1	1
迟	1	1
生素	1	2
瘦	1	1
多次	1	2
淘	1	1
晒	1	1
闪	1	1
植物	1	2
杭	1	1
邮	1	1
使得	1	2
随后	1	2
宏	1	1
邀	1	1
粒	1	1
状况	1	2
电脑	1	2
融资	1	2
徒	1	1
欧洲	1	2
兄	1	1
排名	1	2
氏	1	1
收益	1	2
小区	1	2
踏	1	1
碍	1	1
外观	1	2
蛋白	1	2
贫困	1	2
岗位	1	2
爽	1	1
限制	1	2
荷	1	1
彼	1	1
维护	1	2
女士	1	2
霸	1	1
拍摄	1	2
洪	1	1
教授	1	2
老板	1	2
伏	1	1
年度	1	2
抑	1	1
氛	1	1
运输	1	2
吹	1	1
柱	1	1
太阳	1	2
布局	1	2
饱	1	1
郁	1	1
资格	1	2
宣布	1	2
下跌	1	2
驰	1	1
殖	1	1
至于	1	2
防止	1	2
纷纷	1	2
俄罗斯	1	3
对手	1	2
总结	1	2
贡献	1	2
摇	1	1
碗	1	1
悬	1	1
少年	1	2
胖	1	1
德国	1	2
佩	1	1
鬼	1	1
温度	1	2
拖	1	1
匀	1	1
牵	1	1
装备	1	2
漏	1	1
煤	1	1
纵	1	1
丈	1	1
井	1	1
人工	1	2
韩国	1	2
感谢	1	2
烂	1	1
悦	1	1
优惠	1	2
武汉	1	2
出口	1	2
梯	1	1
梦想	1	2
例如	1	2
会上	1	2
记忆	1	2
引导	1	2
魂	1	1
指标	1	2
电池	1	2
公路	1	2
鼓励	1	2
委员会	1	3
凤	1	1
放入	1	2
玻	1	1
挖	1	1
弄	1	1
堆	1	1
轴	1	1
组合	1	2
艳	1	1
裙	1	1
蒸	1	1
渠道	1	2
葱	1	1
神经	1	2
蔬	1	1
推广	1	2
顺利	1	2
传播	1	2
曹	1	1
真是	1	2
环保	1	2
重庆	1	2
州市	1	2
厨	1	1
浙江	1	2
证券	1	2
艾	1	1
直到	1	2
恰	1	1
颈	1	1
晋	1	1
消防	1	2
维生素	1	3
证据	1	2
盆	1	1
成就	1	2
璃	1	1
即将	1	2
成果	1	2
否则	1	2
疏	1	1
药物	1	2
箭	1	1
定位	1	2
可见	1	2
从事	1	2
柜	1	1
董事	1	2
烤	1	1
至今	1	2
沈	1	1
奉	1	1
讼	1	1
魅	1	1
猛	1	1
旋	1	1
不住	1	2
拳	1	1
党员	1	2
改造	1	2
一边	1	2
讨论	1	2
运用	1	2
枝	1	1
革命	1	2
呈现	1	2
姑	1	1
成都	1	2
赋	1	1
溪	1	1
利于	1	2
优化	1	2
呼吸	1	2
战争	1	2
上下	1	2
熊	1	1
装修	1	2
元素	1	2
戒	1	1
各类	1	2
血管	1	2
刚刚	1	2
疲	1	1
工艺	1	2
怨	1	1
规则	1	2
季度	1	2
扩大	1	2
召开	1	2
纤	1	1
三年	1	2
职工	1	2
参数	1	2
彻底	1	2
寺	1	1
青春	1	2
贸易	1	2
成交	1	2
吸收	1	2
强化	1	2
上述	1	2
聪	1	1
医学	1	2
百姓	1	2
测试	1	2
加工	1	2
上去	1	2
桂	1	1
本来	1	2
作业	1	2
涵	1	1
适应	1	2
糊	1	1
朵	1	1
娜	1	1
平衡	1	2
锦	1	1
治理	1	2
乃	1	1
探索	1	2
诉讼	1	2
酱	1	1
厉	1	1
场景	1	2
等待	1	2
补充	1	2
沃	1	1
弯	1	1
役	1	1
被告	1	2
亩	1	1
印度	1	2
细节	1	2
力度	1	2
寻找	1	2
对此	1	2
呀	1	1
腔	1	1
大利	1	2
大幅	1	2
休息	1	2
养老	1	2
浅	1	1
绘	1	1
椅	1	1
环节	1	2
天下	1	2
当事	1	2
参考	1	2
稀	1	1
立即	1	2
水果	1	2
四川	1	2
弗	1	1
中间	1	2
财政	1	2
酷	1	1
湘	1	1
街道	1	2
袭	1	1
栏	1	1
玻璃	1	2
货币	1	2
面前	1	2
招聘	1	2
犹	1	1
怒	1	1
逼	1	1
出行	1	2
十二	1	2
食用	1	2
宠	1	1
押	1	1
财产	1	2
高考	1	2
物流	1	2
商务	1	2
广场	1	2
肖	1	1
机械	1	2
年代	1	2
辞	1	1
进步	1	2
肚	1	1
无人	1	2
注册	1	2
锻	1	1
文字	1	2
遵	1	1
选手	1	2
第一个	1	3
缺乏	1	2
各个	1	2
饼	1	1
祥	1	1
信心	1	2
加速	1	2
无论是	1	3
男子	1	2
忌	1	1
迈	1	1
乔	1	1
匹	1	1
允	1	1
行情	1	2
长沙	1	2
英语	1	2
累计	1	2
肪	1	1
有时	1	2
不起	1	2
莲	1	1
脂肪	1	2
慈	1	1
诱	1	1
高校	1	2
燕	1	1
慎	1	1
表演	1	2
萝	1	1
老年	1	2
葡	1	1
瞬	1	1
依据	1	2
首次	1	2
雕	1	1
连接	1	2
种植	1	2
股市	1	2
超级	1	2
确认	1	2
股价	1	2
婴	1	1
矛	1	1
近期	1	2
义务	1	2
进口	1	2
更新	1	2
羽	1	1
示范	1	2
信用	1	2
陵	1	1
缝	1	1
卧	1	1
艰	1	1
基于	1	2
天津	1	2
南京	1	2
吃饭	1	2
滚	1	1
毁	1	1
把握	1	2
眉	1	1
财富	1	2
中学	1	2
业绩	1	2
自行	1	2
意外	1	2
琴	1	1
慰	1	1
河南	1	2
村民	1	2
炮	1	1
血液	1	2
扭	1	1
铁路	1	2
个性	1	2
常常	1	2
抛	1	1
碑	1	1
搬	1	1
利率	1	2
委会	1	2
循环	1	2
战斗	1	2
老公	1	2
岩	1	1
蔬菜	1	2
停车	1	2
流量	1	2
竟然	1	2
台湾	1	2
最低	1	2
相互	1	2
卜	1	1
读书	1	2
维持	1	2
主持	1	2
江苏	1	2
全市	1	2
基层	1	2
四个	1	2
芯	1	1
鸡蛋	1	2
萄	1	1
雾	1	1
疆	1	1
醉	1	1
皇帝	1	2
马上	1	2
陶	1	1
收费	1	2
说话	1	2
瘤	1	1
葡萄	1	2
乙	1	1
补贴	1	2
紧张	1	2
割	1	1
剪	1	1
拌	1	1
阔	1	1
粘	1	1
旅行	1	2
柳	1	1
奈	1	1
惑	1	1
司机	1	2
回答	1	2
航空	1	2
呵	1	1
考生	1	2
平方米	1	3
芳	1	1
捐	1	1
堵	1	1
盗	1	1
文学	1	2
冻	1	1
有没有	1	3
很少	1	2
恨	1	1
周边	1	2
反而	1	2
赠	1	1
叉	1	1
有个	1	2
一是	1	2
围绕	1	2
小米	1	2
万人	1	2
邻	1	1
协调	1	2
蜂	1	1
办公室	1	3
锻炼	1	2
矛盾	1	2
公告	1	2
处罚	1	2
公益	1	2
集体	1	2
鸣	1	1
听到	1	2
各位	1	2
寄	1	1
邦	1	1
颖	1	1
囊	1	1
飞机	1	2
罩	1	1
燥	1	1
逐步	1	2
俊	1	1
女子	1	2
尝试	1	2
司法	1	2
减肥	1	2
互动	1	2
胀	1	1
打击	1	2
飘	1	1
崇	1	1
攻击	1	2
谐	1	1
实行	1	2
滨	1	1
垂	1	1
周期	1	2
悠	1	1
昆	1	1
辖	1	1
贪	1	1
高级	1	2
创作	1	2
高端	1	2
纽	1	1
此前	1	2
矩	1	1
今日	1	2
装饰	1	2
摄影	1	2
尊重	1	2
接近	1	2
先后	1	2
策略	1	2
看见	1	2
堪	1	1
当天	1	2
海外	1	2
摘	1	1
齿	1	1
消化	1	2
或是	1	2
谨	1	1
幼儿园	1	3
校园	1	2
叔	1	1
血压	1	2
两年	1	2
铜	1	1
浸	1	1
对比	1	2
卓	1	1
钻	1	1
道理	1	2
框	1	1
全省	1	2
炉	1	1
廉	1	1
无数	1	2
慕	1	1
诈	1	1
认可	1	2
并非	1	2
厦	1	1
之下	1	2
有时候	1	3
普遍	1	2
人家	1	2
糕	1	1
日起	1	2
公交	1	2
芝	1	1
特征	1	2
车主	1	2
头发	1	2
辩	1	1
便是	1	2
临床	1	2
叹	1	1
虾	1	1
成分	1	2
必然	1	2
疯	1	1
肃	1	1
扮	1	1
徽	1	1
娃	1	1
脆	1	1
空调	1	2
蒜	1	1
居住	1	2
素质	1	2
城区	1	2
流程	1	2
凭借	1	2
更为	1	2
法国	1	2
近年来	1	3
丈夫	1	2
离婚	1	2
杭州	1	2
挤	1	1
执法	1	2
第五	1	2
屈	1	1
规律	1	2
辅助	1	2
仰	1	1
发行	1	2
弥	1	1
屏幕	1	2
债务	1	2
泌	1	1
哲	1	1
泄	1	1
郎	1	1
盒	1	1
获取	1	2
骂	1	1
晰	1	1
诞	1	1
夹	1	1
悔	1	1
恼	1	1
金属	1	2
情感	1	2
身材	1	2
瞬间	1	2
稿	1	1
御	1	1
嫁	1	1
捕	1	1
展开	1	2
地点	1	2
西安	1	2
腻	1	1
喊	1	1
履行	1	2
基本上	1	3
案例	1	2
淋	1	1
技巧	1	2
岳	1	1
视觉	1	2
拨	1	1
形态	1	2
小组	1	2
化学	1	2
撤	1	1
桶	1	1
检察	1	2
一片	1	2
曝	1	1
品种	1	2
遥	1	1
金额	1	2
抹	1	1
兄弟	1	2
注重	1	2
叠	1	1
筋	1	1
痕	1	1
棒	1	1
非法	1	2
层次	1	2
森林	1	2
撒	1	1
自信	1	2
博物	1	2
照顾	1	2
群体	1	2
辽	1	1
懂得	1	2
色彩	1	2
中小	1	2
清洁	1	2
破坏	1	2
吊	1	1
通道	1	2
女生	1	2
不上	1	2
嫩	1	1
反弹	1	2
邀请	1	2
应对	1	2
充电	1	2
渡	1	1
欠	1	1
指挥	1	2
场所	1	2
揭	1	1
译	1	1
板块	1	2
爬	1	1
决赛	1	2
砖	1	1
家族	1	2
危机	1	2
休闲	1	2
用来	1	2
昨天	1	2
整理	1	2
不久	1	2
这时	1	2
夕	1	1
瓷	1	1
高中	1	2
答案	1	2
反复	1	2
辨	1	1
碳	1	1
锐	1	1
武器	1	2
出发	1	2
掘	1	1
臣	1	1
熬	1	1
串	1	1
调节	1	2
缓解	1	2
招生	1	2
浩	1	1
健身	1	2
创建	1	2
不良	1	2
黎	1	1
逻	1	1
签订	1	2
睡眠	1	2
玛	1	1
肌肤	1	2
帽	1	1
孝	1	1
总体	1	2
党委	1	2
设立	1	2
赚钱	1	2
颜值	1	2
行驶	1	2
啡	1	1
翼	1	1
肌肉	1	2
生存	1	2
代理	1	2
同事	1	2
臂	1	1
股权	1	2
现金	1	2
卵	1	1
深度	1	2
部位	1	2
添加	1	2
在家	1	2
旨	1	1
免疫	1	2
三大	1	2
暑	1	1
赴	1	1
胜利	1	2
每日	1	2
同志	1	2
流动	1	2
抬	1	1
子女	1	2
贾	1	1
萝卜	1	2
岭	1	1
事项	1	2
含量	1	2
棉	1	1
风景	1	2
学科	1	2
纪念	1	2
练习	1	2
爆发	1	2
咱	1	1
过于	1	2
贤	1	1
傅	1	1
馨	1	1
幽	1	1
咖啡	1	2
淀	1	1
没想到	1	3
傲	1	1
墓	1	1
赌	1	1
氛围	1	2
每一	1	2
壳	1	1
购物	1	2
便宜	1	2
刊	1	1
啥	1	1
走向	1	2
异常	1	2
随时	1	2
不但	1	2
惨	1	1
坐在	1	2
道德	1	2
邓	1	1
东方	1	2
踪	1	1
和谐	1	2
包装	1	2
桑	1	1
陌	1	1
硕	1	1
第十	1	2
年底	1	2
近平	1	2
到达	1	2
编辑	1	2
鼠	1	1
披	1	1
早上	1	2
却是	1	2
埃	1	1
发育	1	2
显然	1	2
走进	1	2
阿里	1	2
蔡	1	1
配套	1	2
高兴	1	2
枢	1	1
和国	1	2
云南	1	2
新区	1	2
欺	1	1
前往	1	2
二是	1	2
评估	1	2
魏	1	1
博士	1	2
豪华	1	2
姐姐	1	2
工厂	1	2
地铁	1	2
耕	1	1
市委	1	2
保健	1	2
顾客	1	2
磁	1	1
狼	1	1
对外	1	2
论坛	1	2
湖北	1	2
砂	1	1
逸	1	1
会员	1	2
睡觉	1	2
丧	1	1
轿	1	1
原本	1	2
劝	1	1
荒	1	1
新增	1	2
槽	1	1
盲	1	1
估计	1	2
合法	1	2
机动	1	2
积累	1	2
逢	1	1
接着	1	2
上班	1	2
之所以	1	3
收购	1	2
霍	1	1
埋	1	1
回忆	1	2
催	1	1
赤	1	1
涌	1	1
呆	1	1
霜	1	1
转载	1	2
识别	1	2
蒂	1	1
抚	1	1
三分	1	2
停止	1	2
切实	1	2
而已	1	2
怀孕	1	2
夸	1	1
博物馆	1	3
带动	1	2
军事	1	2
究竟	1	2
碧	1	1
差异	1	2
请求	1	2
事实上	1	3
浴	1	1
疼痛	1	2
渴	1	1
较为	1	2
教练	1	2
浦	1	1
删	1	1
生意	1	2
担任	1	2
亚洲	1	2
承诺	1	2
禅	1	1
联赛	1	2
时光	1	2
试验	1	2
昂	1	1
调研	1	2
丑	1	1
俩	1	1
朴	1	1
嫌疑	1	2
舌	1	1
数学	1	2
牧	1	1
夏天	1	2
窝	1	1
一只	1	2
不太	1	2
冲击	1	2
命运	1	2
国产	1	2
棋	1	1
涯	1	1
募	1	1
最为	1	2
火箭	1	2
辰	1	1
跟着	1	2
既然	1	2
释放	1	2
百分	1	2
短期	1	2
腾讯	1	2
由此	1	2
堡	1	1
放松	1	2
感动	1	2
财务	1	2
猜	1	1
关节	1	2
劣	1	1
一个月	1	3
营造	1	2
泳	1	1
节奏	1	2
足球	1	2
绵	1	1
优先	1	2
厌	1	1
采购	1	2
臭	1	1
房间	1	2
醋	1	1
不见	1	2
对待	1	2
坑	1	1
预测	1	2
契	1	1
交警	1	2
煎	1	1
业主	1	2
损害	1	2
盈利	1	2
地球	1	2
平安	1	2
书法	1	2
分泌	1	2
伪	1	1
室内	1	2
东北	1	2
科研	1	2
鹏	1	1
警方	1	2
画面	1	2
垫	1	1
应急	1	2
悄	1	1
峡	1	1
哈哈	1	2
河北	1	2
男性	1	2
心脏	1	2
惧	1	1
输出	1	2
兽	1	1
胁	1	1
前期	1	2
落地	1	2
某些	1	2
仔细	1	2
餐饮	1	2
障碍	1	2
面试	1	2
坊	1	1
邪	1	1
陕	1	1
大大	1	2
售价	1	2
庙	1	1
大师	1	2
古代	1	2
溶	1	1
男孩	1	2
明天	1	2
萌	1	1
斜	1	1
便利	1	2
青岛	1	2
咳	1	1
欣赏	1	2
思路	1	2
修复	1	2
寓	1	1
名单	1	2
螺	1	1
塘	1	1
透露	1	2
卢	1	1
线路	1	2
一方面	1	3
信任	1	2
巾	1	1
养生	1	2
搅	1	1
线下	1	2
傻	1	1
中有	1	2
子里	1	2
日前	1	2
洒	1	1
年前	1	2
涛	1	1
导演	1	2
物品	1	2
闷	1	1
彼此	1	2
逊	1	1
鹿	1	1
门口	1	2
大约	1	2
侦	1	1
我要	1	2
醇	1	1
变速	1	2
抓住	1	2
总经理	1	3
三十	1	2
构建	1	2
钙	1	1
共有	1	2
全体	1	2
引领	1	2
镜头	1	2
韵	1	1
分子	1	2
倡	1	1
住宅	1	2
骤	1	1
痘	1	1
基因	1	2
纠纷	1	2
奖励	1	2
物理	1	2
药品	1	2
志愿者	1	3
形势	1	2
为何	1	2
滩	1	1
发放	1	2
老婆	1	2
手续	1	2
权益	1	2
柴	1	1
整合	1	2
清洗	1	2
本文	1	2
懒	1	1
妥	1	1
缠	1	1
纱	1	1
超越	1	2
挣	1	1
害怕	1	2
两次	1	2
禁止	1	2
仲	1	1
袖	1	1
房价	1	2
祭	1	1
引进	1	2
判决	1	2
后期	1	2
赫	1	1
滤	1	1
传承	1	2
妨	1	1
奋斗	1	2
面上	1	2
喂	1	1
西方	1	2
原创	1	2
漆	1	1
搜索	1	2
菩	1	1
退休	1	2
机器人	1	3
早已	1	2
辈子	1	2
护理	1	2
蒋	1	1
兑	1	1
证书	1	2
全身	1	2
宴	1	1
柏	1	1
氧化	1	2
进攻	1	2
图书	1	2
厘	1	1
火车	1	2
作文	1	2
予以	1	2
产权	1	2
录取	1	2
人工智能	1	4
差距	1	2
依靠	1	2
苍	1	1
监测	1	2
回归	1	2
多元	1	2
匙	1	1
扑	1	1
天天	1	2
糖尿	1	2
观念	1	2
孟	1	1
亭	1	1
快递	1	2
穿着	1	2
寂	1	1
格局	1	2
活力	1	2
共和国	1	3
爱好	1	2
狠	1	1
餐厅	1	2
枣	1	1
坚决	1	2
山西	1	2
居然	1	2
浆	1	1
廷	1	1
进去	1	2
憾	1	1
哪个	1	2
增速	1	2
冯	1	1
法规	1	2
鸭	1	1
袁	1	1
祝福	1	2
刹	1	1
影视	1	2
京东	1	2
考察	1	2
清理	1	2
球迷	1	2
姑娘	1	2
所得	1	2
保留	1	2
咬	1	1
翠	1	1
派出	1	2
学历	1	2
另一方面	1	4
芽	1	1
输入	1	2
承认	1	2
在外	1	2
学术	1	2
愁	1	1
蓄	1	1
侯	1	1
考核	1	2
据悉	1	2
粥	1	1
解放	1	2
大盘	1	2
也就是说	1	4
某某	1	2
敲	1	1
国务	1	2
蛇	1	1
衬	1	1
膝	1	1
转变	1	2
整改	1	2
遮	1	1
见到	1	2
申报	1	2
福利	1	2
出台	1	2
用人	1	2
晕	1	1
赛事	1	2
通讯	1	2
灌	1	1
摊	1	1
灵活	1	2
一段时间	1	4
曰	1	1
葛	1	1
买卖	1	2
吵	1	1
养殖	1	2
难度	1	2
分布	1	2
消除	1	2
收藏	1	2
部队	1	2
曝光	1	2
铝	1	1
董事长	1	3
凶	1	1
吕	1	1
遭遇	1	2
下滑	1	2
勾	1	1
麻烦	1	2
狱	1	1
玲	1	1
记住	1	2
地说	1	2
颁	1	1
新疆	1	2
威胁	1	2
奶奶	1	2
人大	1	2
玄	1	1
个股	1	2
创意	1	2
多数	1	2
争议	1	2
负担	1	2
出租	1	2
路线	1	2
的确	1	2
园区	1	2
服装	1	2
性质	1	2
狮	1	1
讲话	1	2
动态	1	2
馈	1	1
强势	1	2
认证	1	2
按摩	1	2
超市	1	2
寨	1	1
不然	1	2
犬	1	1
霞	1	1
逻辑	1	2
弘	1	1
鉴定	1	2
地下	1	2
溢	1	1
公平	1	2
叙	1	1
锡	1	1
爱心	1	2
临时	1	2
受伤	1	2
助力	1	2
糖尿病	1	3
抖	1	1
互相	1	2
各大	1	2
回应	1	2
隐患	1	2
出门	1	2
审查	1	2
奢	1	1
贺	1	1
一看	1	2
娇	1	1
一块	1	2
留言	1	2
毕业生	1	3
大赛	1	2
查看	1	2
漠	1	1
赁	1	1
分配	1	2
唤	1	1
翔	1	1
嘛	1	1
仿佛	1	2
出席	1	2
小孩	1	2
膏	1	1
大道	1	2
感冒	1	2
租赁	1	2
原料	1	2
侠	1	1
转让	1	2
能否	1	2
滞	1	1
恋爱	1	2
看法	1	2
肿瘤	1	2
羡	1	1
当初	1	2
辛苦	1	2
石油	1	2
蒙古	1	2
勃	1	1
不及	1	2
少数	1	2
加盟	1	2
高于	1	2
助于	1	2
检验	1	2
定制	1	2
监控	1	2
显著	1	2
解除	1	2
泊	1	1
院校	1	2
彰	1	1
化妆	1	2
酬	1	1
意大利	1	3
和平	1	2
本科	1	2
房产	1	2
轰	1	1
定期	1	2
借款	1	2
气温	1	2
长安	1	2
韦	1	1
待遇	1	2
牛奶	1	2
福建	1	2
参观	1	2
吓	1	1
校长	1	2
更高	1	2
殿	1	1
国民	1	2
深化	1	2
账户	1	2
詹	1	1
俱乐	1	2
庞	1	1
伐	1	1
总裁	1	2
震荡	1	2
踩	1	1
晴	1	1
冬天	1	2
兔	1	1
渔	1	1
妇女	1	2
株	1	1
国务院	1	3
商家	1	2
渐渐	1	2
厨房	1	2
美术	1	2
维修	1	2
愉	1	1
刑事	1	2
彭	1	1
罢	1	1
前后	1	2
秩	1	1
掩	1	1
高铁	1	2
唇	1	1
批准	1	2
机动车	1	3
下方	1	2
名为	1	2
敏感	1	2
浪漫	1	2
保养	1	2
为此	1	2
描述	1	2
溃	1	1
拘	1	1
肢	1	1
有利于	1	3
厉害	1	2
不论	1	2
常规	1	2
诈骗	1	2
咸	1	1
赶紧	1	2
警察	1	2
成年	1	2
虹	1	1
腊	1	1
传递	1	2
贵州	1	2
安徽	1	2
烦恼	1	2
星期	1	2
椎	1	1
座椅	1	2
鸿	1	1
违反	1	2
猴	1	1
各级	1	2
客观	1	2
渗	1	1
更换	1	2
飞行	1	2
三星	1	2
无奈	1	2
匹配	1	2
医药	1	2
笔者	1	2
丸	1	1
三角	1	2
名称	1	2
拍照	1	2
隔离	1	2
担当	1	2
聊天	1	2
秩序	1	2
祸	1	1
第二天	1	3
等到	1	2
家具	1	2
芯片	1	2
棚	1	1
定义	1	2
咽	1	1
猎	1	1
癌症	1	2
查询	1	2
口罩	1	2
消耗	1	2
蛋白质	1	3
玉米	1	2
第六	1	2
补偿	1	2
大脑	1	2
宝马	1	2
签约	1	2
从此	1	2
芬	1	1
铭	1	1
理财	1	2
蟹	1	1
朋友圈	1	3
消毒	1	2
敦	1	1
冬季	1	2
通信	1	2
外国	1	2
舟	1	1
战队	1	2
批评	1	2
膀	1	1
淮	1	1
精力	1	2
莉	1	1
利亚	1	2
攀	1	1
百度	1	2
一人	1	2
捧	1	1
重复	1	2
旬	1	1
违规	1	2
专利	1	2
美容	1	2
毅	1	1
姨	1	1
激素	1	2
祛	1	1
后果	1	2
五年	1	2
裕	1	1
以往	1	2
鼎	1	1
凑	1	1
怎么样	1	3
壤	1	1
局长	1	2
共产	1	2
密切	1	2
劫	1	1
宙	1	1
海洋	1	2
亏损	1	2
收集	1	2
身份证	1	3
人心	1	2
一会	1	2
浪费	1	2
躲	1	1
男女	1	2
诊断	1	2
周年	1	2
叫做	1	2
几十	1	2
难道	1	2
达成	1	2
别的	1	2
厕	1	1
海南	1	2
人民共和国	1	5
减轻	1	2
过度	1	2
救援	1	2
回报	1	2
加油	1	2
上市公司	1	4
演出	1	2
接到	1	2
昏	1	1
比亚	1	2
双手	1	2
阵容	1	2
帕	1	1
权威	1	2
厂商	1	2
涨幅	1	2
炭	1	1
强度	1	2
随意	1	2
奥运	1	2
来讲	1	2
栋	1	1
毛泽	1	2
优雅	1	2
主管	1	2
茫	1	1
审核	1	2
反对	1	2
煌	1	1
授权	1	2
面向	1	2
防护	1	2
二手	1	2
西部	1	2
活跃	1	2
慌	1	1
效应	1	2
十一	1	2
北京市	1	3
依赖	1	2
珍惜	1	2
购房	1	2
廊	1	1
生日	1	2
毛泽东	1	3
可惜	1	2
尽快	1	2
景观	1	2
回复	1	2
日至	1	2
裹	1	1
惊喜	1	2
拓展	1	2
要是	1	2
放心	1	2
开车	1	2
怀疑	1	2
增值	1	2
茅	1	1
预约	1	2
妃	1	1
惩	1	1
十八	1	2
姆斯	1	2
愤	1	1
一度	1	2
税务	1	2
会计	1	2
提交	1	2
侣	1	1
工人	1	2
变速箱	1	3
少女	1	2
工商	1	2
灵魂	1	2
文艺	1	2
大学生	1	3
微笑	1	2
梨	1	1
全世界	1	3
阁	1	1
茂	1	1
塑料	1	2
大队	1	2
同一	1	2
萧	1	1
凸	1	1
民主	1	2
承受	1	2
期限	1	2
江西	1	2
斗争	1	2
相反	1	2
钓	1	1
水分	1	2
创始	1	2
原油	1	2
笼	1	1
主流	1	2
畏	1	1
发达	1	2
荣誉	1	2
周末	1	2
长江	1	2
辣椒	1	2
一方	1	2
美女	1	2
陪伴	1	2
暂时	1	2
机遇	1	2
百万	1	2
陕西	1	2
躁	1	1
陀	1	1
紧急	1	2
认知	1	2
步骤	1	2
夏季	1	2
看上去	1	3
计算机	1	3
等级	1	2
试点	1	2
地面	1	2
波动	1	2
子宫	1	2
稻	1	1
大气	1	2
刮	1	1
线条	1	2
修改	1	2
东南	1	2
节日	1	2
汪	1	1
豫	1	1
逛	1	1
气息	1	2
库存	1	2
婴儿	1	2
疯狂	1	2
月底	1	2
拾	1	1
纳税	1	2
敌人	1	2
捞	1	1
慢性	1	2
衫	1	1
驱动	1	2
功夫	1	2
自觉	1	2
缸	1	1
泻	1	1
相似	1	2
已有	1	2
许可	1	2
远远	1	2
巢	1	1
担保	1	2
蹈	1	1
轻轻	1	2
价比	1	2
擅	1	1
逝	1	1
初中	1	2
一辆	1	2
期货	1	2
激励	1	2
熙	1	1
主人	1	2
俱乐部	1	3
匆	1	1
芒	1	1
产量	1	2
体制	1	2
四大	1	2
删除	1	2
学家	1	2
新华	1	2
酵	1	1
倒入	1	2
好友	1	2
梳	1	1
大陆	1	2
姚	1	1
想想	1	2
枚	1	1
职责	1	2
只会	1	2
损伤	1	2
城镇	1	2
作战	1	2
我会	1	2
阳市	1	2
病情	1	2
趁	1	1
民事	1	2
生涯	1	2
哥哥	1	2
扇	1	1
厘米	1	2
杠	1	1
宇宙	1	2
基督	1	2
将来	1	2
罐	1	1
乘客	1	2
奔驰	1	2
龙头	1	2
委托	1	2
沫	1	1
有序	1	2
报警	1	2
抑制	1	2
这时候	1	3
故意	1	2
人为	1	2
俱	1	1
年纪	1	2
浇	1	1
国有	1	2
豆腐	1	2
搏	1	1
致力	1	2
主张	1	2
硬件	1	2
脊	1	1
削	1	1
继承	1	2
打算	1	2
妖	1	1
庸	1	1
揉	1	1
早期	1	2
写作	1	2
陆续	1	2
想着	1	2
潘	1	1
耐心	1	2
想起	1	2
属性	1	2
鹅	1	1
询问	1	2
勺	1	1
乘坐	1	2
巷	1	1
摄像	1	2
用人单位	1	4
衷	1	1
轿车	1	2
年初	1	2
绑	1	1
有机	1	2
争取	1	2
师傅	1	2
干燥	1	2
如同	1	2
崩	1	1
性价比	1	3
清水	1	2
广西	1	2
谊	1	1
纪录	1	2
随便	1	2
南方	1	2
窄	1	1
公务	1	2
细菌	1	2
并未	1	2
订单	1	2
家中	1	2
亮点	1	2
通行	1	2
浑	1	1
聚集	1	2
青少年	1	3
花园	1	2
高峰	1	2
审批	1	2
挫	1	1
康复	1	2
秘密	1	2
事务	1	2
防守	1	2
提起	1	2
天地	1	2
不变	1	2
烫	1	1
强制	1	2
菇	1	1
净利润	1	3
可靠	1	2
人力	1	2
物资	1	2
同步	1	2
关闭	1	2
十五	1	2
差不多	1	3
打电话	1	3
栽	1	1
一流	1	2
保存	1	2
乐观	1	2
爷爷	1	2
家居	1	2
难题	1	2
兴奋	1	2
神秘	1	2
省委	1	2
军队	1	2
报考	1	2
特朗	1	2
谢谢	1	2
缺少	1	2
留在	1	2
戚	1	1
学者	1	2
水泥	1	2
树立	1	2
枯	1	1
激发	1	2
尬	1	1
场上	1	2
礼物	1	2
蛮	1	1
研究院	1	3
服用	1	2
多家	1	2
央行	1	2
尚未	1	2
得知	1	2
对接	1	2
途径	1	2
中药	1	2
读者	1	2
解决方案	1	4
带有	1	2
材质	1	2
羡慕	1	2
亲自	1	2
几次	1	2
队友	1	2
匠	1	1
相当于	1	3
公主	1	2
厂家	1	2
莎	1	1
感恩	1	2
仇	1	1
丰田	1	2
电力	1	2
中午	1	2
铃	1	1
延伸	1	2
本地	1	2
债权	1	2
一周	1	2
擎	1	1
岁月	1	2
潭	1	1
敷	1	1
出版社	1	3
据说	1	2
辅导	1	2
斌	1	1
骄	1	1
喻	1	1
展览	1	2
制品	1	2
城乡	1	2
装置	1	2
辽宁	1	2
融入	1	2
糟	1	1
发言	1	2
原理	1	2
洗净	1	2
特朗普	1	3
颠	1	1
吞	1	1
茄	1	1
缺点	1	2
耶	1	1
高温	1	2
毫不	1	2
自从	1	2
境界	1	2
派出所	1	3
主办	1	2
那时	1	2
记载	1	2
排除	1	2
两位	1	2
研究生	1	3
狐	1	1
百年	1	2
不易	1	2
皱	1	1
都市	1	2
策划	1	2
进展	1	2
斯坦	1	2
审理	1	2
婷	1	1
分手	1	2
劳动者	1	3
咱们	1	2
哀	1	1
人民政府	1	4
立刻	1	2
官员	1	2
丘	1	1
幸运	1	2
对话	1	2
优点	1	2
渣	1	1
葬	1	1
金钱	1	2
不宜	1	2
哈弗	1	2
满满	1	2
筛	1	1
后续	1	2
鹰	1	1
路口	1	2
衔	1	1
温柔	1	2
盼	1	1
牲	1	1
疲劳	1	2
质疑	1	2
旗舰	1	2
尴	1	1
举报	1	2
纲	1	1
霉	1	1
全年	1	2
勇士	1	2
纳入	1	2
一日	1	2
全程	1	2
万吨	1	2
沸	1	1
说起	1	2
用品	1	2
主角	1	2
同期	1	2
戈	1	1
新生	1	2
有望	1	2
民生	1	2
辱	1	1
奥迪	1	2
决心	1	2
尴尬	1	2
薯	1	1
远离	1	2
创始人	1	3
老百姓	1	3
讲解	1	2
路段	1	2
用心	1	2
汰	1	1
奉献	1	2
以此	1	2
政协	1	2
培育	1	2
兆	1	1
某种	1	2
不去	1	2
劳动合同	1	4
控股	1	2
外界	1	2
琳	1	1
走出	1	2
尸	1	1
普及	1	2
回去	1	2
为止	1	2
精品	1	2
举措	1	2
淘宝	1	2
旅客	1	2
只不过	1	3
无效	1	2
诸多	1	2
语文	1	2
产业链	1	3
有助于	1	3
终端	1	2
偶尔	1	2
人人	1	2
游泳	1	2
每月	1	2
省级	1	2
下载	1	2
主播	1	2
水中	1	2
作家	1	2
回收	1	2
体重	1	2
景点	1	2
蕴	1	1
宝贝	1	2
例子	1	2
办事	1	2
观看	1	2
窗口	1	2
时机	1	2
噪	1	1
谨慎	1	2
菩萨	1	2
入口	1	2
要么	1	2
参赛	1	2
安静	1	2
轻易	1	2
势力	1	2
竞争力	1	3
月经	1	2
前列	1	2
抄	1	1
以免	1	2
手指	1	2
视野	1	2
篮球	1	2
谦	1	1
壶	1	1
买入	1	2
门店	1	2
伞	1	1
蕾	1	1
扔	1	1
婆婆	1	2
菊	1	1
辐	1	1
这份	1	2
传说	1	2
生气	1	2
西北	1	2
等于	1	2
统筹	1	2
瑰	1	1
制造业	1	3
涉嫌	1	2
气候	1	2
默默	1	2
厦门	1	2
绒	1	1
坤	1	1
移民	1	2
逾	1	1
长城	1	2
绳	1	1
日期	1	2
公安机关	1	4
缴纳	1	2
白天	1	2
反馈	1	2
伊朗	1	2
东风	1	2
诚信	1	2
挖掘	1	2
小镇	1	2
神奇	1	2
原告	1	2
磊	1	1
好多	1	2
两侧	1	2
乾	1	1
口感	1	2
舞蹈	1	2
聚焦	1	2
种种	1	2
足以	1	2
那一	1	2
碌	1	1
短信	1	2
流通	1	2
老年人	1	3
频繁	1	2
幅度	1	2
碱	1	1
涨停	1	2
假期	1	2
恒大	1	2
怜	1	1
简介	1	2
詹姆斯	1	3
学员	1	2
肚子	1	2
土壤	1	2
携带	1	2
函	1	1
种子	1	2
帆	1	1
二次	1	2
承包	1	2
小时候	1	3
江南	1	2
我市	1	2
处置	1	2
兹	1	1
摔	1	1
不必	1	2
高血压	1	3
巩	1	1
演技	1	2
致力于	1	3
山区	1	2
这家	1	2
痴	1	1
食材	1	2
局部	1	2
招商	1	2
民众	1	2
瓣	1	1
僧	1	1
乡镇	1	2
轩	1	1
踢	1	1
退出	1	2
块钱	1	2
男生	1	2
文物	1	2
早餐	1	2
帖	1	1
最早	1	2
氨	1	1
相处	1	2
情节	1	2
设计师	1	3
延长	1	2
勿	1	1
本周	1	2
演讲	1	2
婚礼	1	2
媳	1	1
传奇	1	2
防范	1	2
扩张	1	2
转向	1	2
效益	1	2
饮料	1	2
依托	1	2
三种	1	2
大地	1	2
丛	1	1
用车	1	2
导弹	1	2
团结	1	2
成效	1	2
协同	1	2
瑜	1	1
善良	1	2
粤	1	1
开通	1	2
陷入	1	2
出血	1	2
与其	1	2
精心	1	2
不妨	1	2
芦	1	1
区间	1	2
不止	1	2
薇	1	1
饲	1	1
平常	1	2
高速公路	1	4
冲突	1	2
弟弟	1	2
卸	1	1
领取	1	2
初步	1	2
做事	1	2
校区	1	2
纽约	1	2
法定	1	2
分数	1	2
蓬	1	1
樱	1	1
口碑	1	2
透明	1	2
北方	1	2
孕妇	1	2
残疾	1	2
告知	1	2
歌曲	1	2
家乡	1	2
截止	1	2
中共	1	2
潜力	1	2
多样	1	2
广播	1	2
嘉宾	1	2
不行	1	2
生理	1	2
出一	1	2
昨日	1	2
炫	1	1
养成	1	2
屡	1	1
稍微	1	2
忽视	1	2
受害	1	2
资讯	1	2
澡	1	1
考验	1	2
这句	1	2
热爱	1	2
英寸	1	2
加热	1	2
业内	1	2
淘汰	1	2
脾气	1	2
公斤	1	2
酿	1	1
假如	1	2
玫	1	1
视为	1	2
泼	1	1
孤独	1	2
预算	1	2
喉	1	1
黄色	1	2
暨	1	1
中枢	1	2
响应	1	2
坪	1	1
体检	1	2
抱怨	1	2
苏州	1	2
妹妹	1	2
协助	1	2
诞生	1	2
杏	1	1
份额	1	2
现状	1	2
上课	1	2
结论	1	2
茶叶	1	2
正好	1	2
过敏	1	2
丙	1	1
穆	1	1
海军	1	2
辖区	1	2
石头	1	2
斥	1	1
财经	1	2
寿命	1	2
得以	1	2
联储	1	2
借助	1	2
与此同时	1	4
方位	1	2
蓉	1	1
买房	1	2
没什么	1	3
权力	1	2
西南	1	2
验证	1	2
经销	1	2
一口	1	2
是从	1	2
治愈	1	2
第二个	1	3
转换	1	2
影片	1	2
率先	1	2
学位	1	2
管道	1	2
演唱	1	2
受益	1	2
柯	1	1
内外	1	2
郑州	1	2
重量	1	2
比如说	1	3
度假	1	2
模型	1	2
旭	1	1
筒	1	1
体质	1	2
太平	1	2
吉利	1	2
被告人	1	3
月初	1	2
牛肉	1	2
外出	1	2
亮相	1	2
挽	1	1
抵押	1	2
称号	1	2
玩具	1	2
电动车	1	3
语音	1	2
激情	1	2
社保	1	2
地理	1	2
砸	1	1
乃至	1	2
看似	1	2
空中	1	2
酒精	1	2
支部	1	2
火灾	1	2
产能	1	2
帮扶	1	2
热门	1	2
去世	1	2
剥	1	1
西班	1	2
一级	1	2
放下	1	2
厢	1	1
着力	1	2
师范	1	2
焦虑	1	2
卑	1	1
西班牙	1	3
坎	1	1
次数	1	2
第七	1	2
加拿大	1	3
慨	1	1
支出	1	2
牺	1	1
愧	1	1
恐惧	1	2
砍	1	1
桃花	1	2
改进	1	2
上周	1	2
网红	1	2
总之	1	2
实验室	1	3
标签	1	2
艇	1	1
送到	1	2
秘书	1	2
血糖	1	2
喝酒	1	2
蝶	1	1
钩	1	1
捉	1	1
牺牲	1	2
开学	1	2
闯	1	1
挑选	1	2
有钱	1	2
见面	1	2
向前	1	2
辟	1	1
爆炸	1	2
翰	1	1
全民	1	2
奴	1	1
粮食	1	2
涡	1	1
帮忙	1	2
将军	1	2
焊	1	1
链接	1	2
痒	1	1
除此之外	1	4
命中	1	2
虚拟	1	2
诵	1	1
帐	1	1
暴力	1	2
某个	1	2
一部	1	2
一颗	1	2
遵守	1	2
后悔	1	2
从未	1	2
驾驶员	1	3
佐	1	1
拿出	1	2
潮流	1	2
歉	1	1
发起	1	2
勇气	1	2
痰	1	1
替代	1	2
开拓	1	2
披露	1	2
恐怕	1	2
罚款	1	2
留学	1	2
艰难	1	2
蜂蜜	1	2
冰箱	1	2
出售	1	2
复合	1	2
高等	1	2
开工	1	2
灶	1	1
仗	1	1
正规	1	2
面包	1	2
纪律	1	2
民营	1	2
生肖	1	2
鑫	1	1
过后	1	2
点赞	1	2
变更	1	2
到处	1	2
积分	1	2
锈	1	1
助攻	1	2
生育	1	2
斩	1	1
讲究	1	2
口腔	1	2
开水	1	2
用地	1	2
本赛季	1	3
克斯	1	2
篮板	1	2
内涵	1	2
上方	1	2
之际	1	2
估值	1	2
疫苗	1	2
目光	1	2
舆	1	1
耍	1	1
清华	1	2
热点	1	2
明年	1	2
战胜	1	2
起诉	1	2
极为	1	2
佛教	1	2
论文	1	2
一时	1	2
蚀	1	1
沾	1	1
辉煌	1	2
日晚	1	2
善于	1	2
单独	1	2
未能	1	2
屁	1	1
实地	1	2
跑步	1	2
户外	1	2
气象	1	2
精英	1	2
搭建	1	2
生态环境	1	4
总部	1	2
投诉	1	2
解读	1	2
轨道	1	2
运动员	1	3
无需	1	2
早就	1	2
极其	1	2
号码	1	2
嗽	1	1
有过	1	2
栅	1	1
热水	1	2
利息	1	2
儒	1	1
上学	1	2
奇怪	1	2
灿	1	1
激动	1	2
因而	1	2
骏	1	1
红包	1	2
交通事故	1	4
硕士	1	2
济南	1	2
欢乐	1	2
少许	1	2
当代	1	2
专用	1	2
前景	1	2
实时	1	2
电梯	1	2
失望	1	2
枕	1	1
交往	1	2
短线	1	2
返回	1	2
落后	1	2
斯拉	1	2
公民	1	2
牙齿	1	2
十大	1	2
见证	1	2
橙	1	1
怖	1	1
谣	1	1
渴望	1	2
头部	1	2
前进	1	2
审判	1	2
大于	1	2
每周	1	2
合资	1	2
女神	1	2
摩托	1	2
无线	1	2
橘	1	1
故障	1	2
市政府	1	3
之地	1	2
两大	1	2
受理	1	2
妮	1	1
舱	1	1
自治区	1	3
象征	1	2
祖国	1	2
号线	1	2
车上	1	2
商标	1	2
交付	1	2
澳大利	1	3
原始	1	2
誓	1	1
溜	1	1
气氛	1	2
春季	1	2
县委	1	2
市区	1	2
综艺	1	2
便捷	1	2
得分	1	2
封闭	1	2
澳大利亚	1	4
惹	1	1
桩	1	1
对抗	1	2
窃	1	1
加重	1	2
年级	1	2
卦	1	1
身高	1	2
撕	1	1
要素	1	2
韧	1	1
五个	1	2
笔记	1	2
喘	1	1
门票	1	2
十几	1	2
新兴	1	2
饮用	1	2
竭	1	1
进程	1	2
储备	1	2
点评	1	2
谅	1	1
回头	1	2
引擎	1	2
进而	1	2
共计	1	2
乖	1	1
毫米	1	2
叛	1	1
补助	1	2
猪肉	1	2
诀	1	1
专题	1	2
事业单位	1	4
不适	1	2
回落	1	2
第二次	1	3
辐射	1	2
身心	1	2
这座	1	2
吉林	1	2
拦	1	1
宁波	1	2
遂	1	1
排放	1	2
浏	1	1
接待	1	2
绎	1	1
裁判	1	2
泰国	1	2
晃	1	1
雀	1	1
玫瑰	1	2
会长	1	2
特性	1	2
人均	1	2
护士	1	2
排查	1	2
科学家	1	3
巴巴	1	2
英文	1	2
为例	1	2
博客	1	2
一行	1	2
咳嗽	1	2
通报	1	2
电信	1	2
现代化	1	3
日益	1	2
违约	1	2
寻求	1	2
炖	1	1
山水	1	2
店铺	1	2
正面	1	2
蛋糕	1	2
不说	1	2
器官	1	2
摄入	1	2
职务	1	2
开发商	1	3
花生	1	2
众生	1	2
扁	1	1
航天	1	2
镀	1	1
部件	1	2
运作	1	2
传媒	1	2
医师	1	2
交叉	1	2
衍	1	1
恐怖	1	2
可怕	1	2
底部	1	2
欲望	1	2
放大	1	2
只好	1	2
帘	1	1
平等	1	2
开幕	1	2
啤	1	1
农产品	1	3
个体	1	2
种类	1	2
真心	1	2
拐	1	1
上来	1	2
平稳	1	2
昭	1	1
通风	1	2
纺	1	1
一台	1	2
非洲	1	2
改革开放	1	4
携手	1	2
坚守	1	2
电视台	1	3
吻	1	1
眼里	1	2
罕	1	1
出于	1	2
抵抗	1	2
伽	1	1
低调	1	2
渊	1	1
那天	1	2
集成	1	2
官网	1	2
再度	1	2
坠	1	1
富有	1	2
鹤	1	1
厕所	1	2
天空	1	2
恭	1	1
隐藏	1	2
资质	1	2
苏联	1	2
公务员	1	3
愚	1	1
动画	1	2
存储	1	2
黏	1	1
热闹	1	2
胡萝卜	1	3
一辈子	1	3
离不开	1	3
切成	1	2
三次	1	2
本案	1	2
建造	1	2
气血	1	2
钉	1	1
甘肃	1	2
绣	1	1
题材	1	2
贫困户	1	3
风光	1	2
花费	1	2
吾	1	1
介入	1	2
经销商	1	3
欧元	1	2
之上	1	2
存款	1	2
崛起	1	2
羞	1	1
贩	1	1
轮胎	1	2
公寓	1	2
远程	1	2
不清	1	2
墅	1	1
秉	1	1
新建	1	2
馅	1	1
总会	1	2
线索	1	2
价值观	1	3
藤	1	1
征收	1	2
受欢迎	1	3
怡	1	1
内在	1	2
美联储	1	3
主演	1	2
拿下	1	2
探讨	1	2
长得	1	2
肝脏	1	2
正如	1	2
过年	1	2
看好	1	2
清明	1	2
遗产	1	2
真诚	1	2
预警	1	2
一对	1	2
车道	1	2
信息化	1	3
其余	1	2
客厅	1	2
源于	1	2
乐趣	1	2
世界杯	1	3
二人	1	2
翅	1	1
总额	1	2
莞	1	1
防疫	1	2
棵	1	1
隙	1	1
凰	1	1
差别	1	2
偶像	1	2
夜间	1	2
如果说	1	3
见过	1	2
顾问	1	2
一道	1	2
边缘	1	2
无比	1	2
疮	1	1
总局	1	2
加坡	1	2
形状	1	2
千年	1	2
土豆	1	2
本土	1	2
白酒	1	2
分解	1	2
广东省	1	3
这项	1	2
电器	1	2
粹	1	1
扮演	1	2
塌	1	1
健全	1	2
不下	1	2
相结合	1	3
荆	1	1
净化	1	2
火锅	1	2
小姐	1	2
工伤	1	2
发病	1	2
十四	1	2
期望	1	2
打工	1	2
企业家	1	3
胎儿	1	2
昆明	1	2
被动	1	2
用手	1	2
剧情	1	2
债券	1	2
诊疗	1	2
巅	1	1
作风	1	2
宰	1	1
师生	1	2
情怀	1	2
梗	1	1
感兴趣	1	3
前来	1	2
战士	1	2
首席	1	2
哲学	1	2
三是	1	2
捡	1	1
泵	1	1
发电	1	2
出演	1	2
人间	1	2
试图	1	2
钥	1	1
值得一提	1	4
党建	1	2
地震	1	2
电源	1	2
烹	1	1
身体健康	1	4
涩	1	1
通用	1	2
合肥	1	2
平凡	1	2
靖	1	1
尽可能	1	3
萎	1	1
焦点	1	2
奠	1	1
各国	1	2
摄像头	1	3
地图	1	2
雇	1	1
便秘	1	2
真相	1	2
万美元	1	3
合并	1	2
密码	1	2
检察院	1	3
营收	1	2
燃烧	1	2
光明	1	2
圆满	1	2
沧	1	1
啤酒	1	2
顶级	1	2
滴滴	1	2
看过	1	2
研究所	1	3
央视	1	2
情人	1	2
僵	1	1
支付宝	1	3
子上	1	2
守护	1	2
寞	1	1
中文	1	2
境外	1	2
缴费	1	2
疗法	1	2
题目	1	2
宪	1	1
十六	1	2
驳	1	1
顽	1	1
坝	1	1
商场	1	2
槛	1	1
三天	1	2
立体	1	2
供应商	1	3
裸	1	1
贼	1	1
地板	1	2
汇报	1	2
大桥	1	2
风雨	1	2
勇敢	1	2
第八	1	2
起点	1	2
未经	1	2
人文	1	2
嘱	1	1
狭	1	1
口味	1	2
走访	1	2
代替	1	2
髓	1	1
一次性	1	3
市值	1	2
姿势	1	2
退役	1	2
扶持	1	2
宿舍	1	2
测量	1	2
一同	1	2
宠物	1	2
也好	1	2
太极	1	2
主场	1	2
狗狗	1	2
成人	1	2
选用	1	2
歇	1	1
般的	1	2
相机	1	2
刹车	1	2
衰老	1	2
大连	1	2
无关	1	2
湖南省	1	3
平静	1	2
组建	1	2
医保	1	2
懈	1	1
清新	1	2
上海市	1	3
灯光	1	2
精华	1	2
射手	1	2
油耗	1	2
中山	1	2
翻译	1	2
咪	1	1
初期	1	2
强劲	1	2
开设	1	2
困扰	1	2
条款	1	2
阀	1	1
法治	1	2
就行	1	2
工程师	1	3
评选	1	2
第三方	1	3
薛	1	1
钮	1	1
发票	1	2
曹操	1	2
阴阳	1	2
行车	1	2
锤	1	1
东部	1	2
导向	1	2
实习	1	2
花钱	1	2
富含	1	2
签署	1	2
备案	1	2
分离	1	2
引入	1	2
妄	1	1
从中	1	2
娶	1	1
钢铁	1	2
化工	1	2
处处	1	2
军人	1	2
马拉	1	2
扎实	1	2
短短	1	2
公示	1	2
特斯拉	1	3
大火	1	2
境内	1	2
郊	1	1
窑	1	1
意志	1	2
万辆	1	2
骚	1	1
化解	1	2
一声	1	2
主持人	1	3
小型	1	2
穿越	1	2
服务中心	1	4
虚假	1	2
护肤	1	2
浸泡	1	2
吐槽	1	2
活着	1	2
密度	1	2
之内	1	2
歧	1	1
关联	1	2
播放	1	2
肆	1	1
碰撞	1	2
一杯	1	2
铸	1	1
供应链	1	3
账号	1	2
从业	1	2
马克	1	2
新款	1	2
内蒙古	1	3
导师	1	2
门槛	1	2
大规模	1	3
放到	1	2
回顾	1	2
违法行为	1	4
紧密	1	2
歌手	1	2
增值税	1	3
变革	1	2
凤凰	1	2
二级	1	2
芝麻	1	2
教育部	1	3
女友	1	2
排出	1	2
坚强	1	2
蹲	1	1
统治	1	2
翁	1	1
宽松	1	2
爵	1	1
越南	1	2
容量	1	2
备受	1	2
大事	1	2
扯	1	1
绿化	1	2
家属	1	2
柿	1	1
饺	1	1
说道	1	2
客人	1	2
税收	1	2
起步	1	2
马力	1	2
止损	1	2
常委	1	2
访问	1	2
不怕	1	2
磷	1	1
回事	1	2
难免	1	2
地块	1	2
早晨	1	2
货物	1	2
信仰	1	2
姐妹	1	2
投票	1	2
耳朵	1	2
慈善	1	2
大战	1	2
最有	1	2
模拟	1	2
无力	1	2
框架	1	2
复习	1	2
暴露	1	2
湖人	1	2
妇科	1	2
入选	1	2
增多	1	2
场地	1	2
遇见	1	2
流传	1	2
蜀	1	1
屠	1	1
世间	1	2
一遍	1	2
成交量	1	3
捏	1	1
手里	1	2
教室	1	2
实质	1	2
豹	1	1
效力	1	2
骄傲	1	2
团体	1	2
认同	1	2
充分发挥	1	4
面部	1	2
清除	1	2
发酵	1	2
污水	1	2
崖	1	1
频率	1	2
细腻	1	2
出场	1	2
愿望	1	2
巨头	1	2
安置	1	2
证实	1	2
幂	1	1
数字化	1	3
共产党	1	3
女排	1	2
硫	1	1
硅	1	1
县城	1	2
复制	1	2
传染	1	2
节点	1	2
瑶	1	1
阿姨	1	2
影像	1	2
内地	1	2
环比	1	2
缓慢	1	2
一下子	1	3
节能	1	2
电竞	1	2
而出	1	2
收取	1	2
宗教	1	2
忙碌	1	2
值得一提的是	1	6
贝尔	1	2
眼镜	1	2
设定	1	2
不利	1	2
失眠	1	2
床上	1	2
反正	1	2
琼	1	1
模块	1	2
协商	1	2
态势	1	2
疹	1	1
法官	1	2
竖	1	1
迎接	1	2
金融机构	1	4
国内外	1	3
一轮	1	2
动脉	1	2
莹	1	1
缺陷	1	2
塑造	1	2
不当	1	2
明明	1	2
萍	1	1
一身	1	2
头脑	1	2
撼	1	1
犹豫	1	2
诗人	1	2
关爱	1	2
西亚	1	2
包裹	1	2
密集	1	2
不满	1	2
揽	1	1
沃尔	1	2
公元	1	2
艺术家	1	3
奸	1	1
列车	1	2
野生	1	2
无可	1	2
卫星	1	2
难得	1	2
人力资源	1	4
向下	1	2
流水	1	2
彰显	1	2
姿态	1	2
剖	1	1
最多	1	2
高层	1	2
竞赛	1	2
舆论	1	2
信念	1	2
谭	1	1
脚步	1	2
赋予	1	2
拍卖	1	2
苏宁	1	2
命令	1	2
不已	1	2
新加坡	1	3
重组	1	2
巩固	1	2
手法	1	2
笑容	1	2
朝鲜	1	2
信用卡	1	3
登陆	1	2
演绎	1	2
架构	1	2
好奇	1	2
专科	1	2
结算	1	2
单一	1	2
大灯	1	2
腌	1	1
峻	1	1
杞	1	1
哈尔	1	2
十字	1	2
安慰	1	2
发明	1	2
多久	1	2
凹	1	1
占有	1	2
蔓	1	1
毒素	1	2
淫	1	1
肥胖	1	2
书画	1	2
贬	1	1
运气	1	2
巴黎	1	2
万物	1	2
联动	1	2
渗透	1	2
指示	1	2
肠道	1	2
接口	1	2
四季	1	2
产后	1	2
不幸	1	2
职位	1	2
膨	1	1
越野	1	2
侨	1	1
艘	1	1
调控	1	2
侧面	1	2
标的	1	2
媚	1	1
中控	1	2
新年	1	2
之心	1	2
干扰	1	2
疑问	1	2
灸	1	1
麟	1	1
教材	1	2
加以	1	2
狮子	1	2
上网	1	2
畜	1	1
获奖	1	2
战术	1	2
救助	1	2
龟	1	1
崔	1	1
座谈	1	2
摆脱	1	2
出资	1	2
男友	1	2
香味	1	2
战场	1	2
来临	1	2
沈阳	1	2
潜在	1	2
绘画	1	2
弊	1	1
婉	1	1
不安	1	2
氢	1	1
生成	1	2
过得	1	2
队长	1	2
龙江	1	2
肠胃	1	2
知识产权	1	4
靠近	1	2
泡沫	1	2
琪	1	1
拉克	1	2
越大	1	2
草原	1	2
莓	1	1
多名	1	2
两者	1	2
弹性	1	2
火爆	1	2
走路	1	2
全县	1	2
柔软	1	2
滥	1	1
数额	1	2
天使	1	2
阿里巴巴	1	4
头上	1	2
深受	1	2
同行	1	2
度过	1	2
纪委	1	2
楼市	1	2
客服	1	2
互联	1	2
腕	1	1
职场	1	2
占地	1	2
上门	1	2
外卖	1	2
一支	1	2
下行	1	2
出手	1	2
严肃	1	2
乳腺	1	2
勉	1	1
遣	1	1
蔚	1	1
修行	1	2
敞	1	1
突发	1	2
加班	1	2
方向盘	1	3
甜蜜	1	2
去除	1	2
茨	1	1
柠	1	1
一来	1	2
独自	1	2
区分	1	2
均衡	1	2
巴西	1	2
对面	1	2
公积	1	2
处在	1	2
人性	1	2
途中	1	2
腐败	1	2
警告	1	2
处理器	1	3
这点	1	2
士兵	1	2
着急	1	2
钥匙	1	2
爱国	1	2
凝聚	1	2
菱	1	1
住院	1	2
紧紧	1	2
职能	1	2
后者	1	2
不高	1	2
布置	1	2
智能化	1	3
收盘	1	2
南昌	1	2
斯特	1	2
清单	1	2
档案	1	2
黄河	1	2
小朋友	1	3
国家级	1	3
西藏	1	2
弦	1	1
页面	1	2
大街	1	2
一番	1	2
克服	1	2
蕉	1	1
东莞	1	2
上帝	1	2
搓	1	1
签证	1	2
脖	1	1
诸葛	1	2
主导	1	2
发射	1	2
头痛	1	2
跟随	1	2
代码	1	2
向往	1	2
粪	1	1
私人	1	2
投放	1	2
监会	1	2
生姜	1	2
贿	1	1
油价	1	2
掀	1	1
转发	1	2
结局	1	2
担忧	1	2
当日	1	2
轴距	1	2
外部	1	2
誉为	1	2
顺序	1	2
车子	1	2
果然	1	2
杉	1	1
本届	1	2
抓好	1	2
姥	1	1
不成	1	2
理事	1	2
起床	1	2
进度	1	2
付款	1	2
弘扬	1	2
甩	1	1
导航	1	2
梳理	1	2
医护	1	2
不像	1	2
立足	1	2
本田	1	2
脾胃	1	2
提取	1	2
这张	1	2
颗粒	1	2
总理	1	2
茎	1	1
寂寞	1	2
以便	1	2
黑暗	1	2
橡	1	1
此后	1	2
车站	1	2
代价	1	2
亲子	1	2
燃油	1	2
国庆	1	2
套路	1	2
有害	1	2
祈	1	1
睐	1	1
收缩	1	2
呵呵	1	2
监察	1	2
一会儿	1	3
协作	1	2
诗歌	1	2
彤	1	1
负面	1	2
增添	1	2
忽然	1	2
精细	1	2
遵循	1	2
可用	1	2
登录	1	2
乒	1	1
太过	1	2
拆迁	1	2
步伐	1	2
仪表	1	2
智能手机	1	4
骑士	1	2
腹部	1	2
用力	1	2
眼泪	1	2
规格	1	2
调解	1	2
生病	1	2
烘	1	1
行走	1	2
抑郁	1	2
土耳	1	2
佩戴	1	2
慰问	1	2
竞技	1	2
做人	1	2
失误	1	2
多人	1	2
暂停	1	2
潇	1	1
宏观	1	2
电子商务	1	4
审美	1	2
排队	1	2
入学	1	2
古人	1	2
扩展	1	2
答应	1	2
用途	1	2
五大	1	2
之道	1	2
手动	1	2
大胆	1	2
睿	1	1
毒品	1	2
中介	1	2
失业	1	2
一个个	1	3
卿	1	1
姬	1	1
场合	1	2
土耳其	1	3
新城	1	2
节省	1	2
武装	1	2
操控	1	2
亲戚	1	2
附属	1	2
管控	1	2
炎症	1	2
余人	1	2
贯彻落实	1	4
檬	1	1
咒	1	1
好事	1	2
瑟	1	1
体温	1	2
忍不住	1	3
放置	1	2
仲裁	1	2
奇迹	1	2
侦查	1	2
除非	1	2
发热	1	2
一波	1	2
大批	1	2
合成	1	2
锅中	1	2
片区	1	2
太太	1	2
捐赠	1	2
图书馆	1	3
不堪	1	2
一点点	1	3
牛仔	1	2
查处	1	2
中华民族	1	4
课题	1	2
进球	1	2
商城	1	2
用药	1	2
家电	1	2
一般来说	1	4
法师	1	2
当今	1	2
行程	1	2
激光	1	2
邻居	1	2
山东省	1	3
图案	1	2
否认	1	2
倦	1	1
夫妇	1	2
挨	1	1
交换	1	2
跌幅	1	2
青睐	1	2
发送	1	2
淀粉	1	2
众所	1	2
之旅	1	2
击败	1	2
极致	1	2
别墅	1	2
户口	1	2
磅	1	1
编制	1	2
巅峰	1	2
高位	1	2
理工	1	2
适宜	1	2
张家	1	2
一阵	1	2
王子	1	2
洗衣	1	2
古城	1	2
卖出	1	2
碰到	1	2
开盘	1	2
合伙	1	2
热线	1	2
办学	1	2
后排	1	2
入手	1	2
枸	1	1
简约	1	2
首发	1	2
赐	1	1
江湖	1	2
雷锋	1	2
获悉	1	2
填写	1	2
备用	1	2
销售额	1	3
极端	1	2
过滤	1	2
开发区	1	3
侃	1	1
熏	1	1
流畅	1	2
绝大多数	1	4
园林	1	2
东京	1	2
禽	1	1
住宿	1	2
昔	1	1
单身	1	2
嘲	1	1
打出	1	2
细致	1	2
美味	1	2
称之为	1	3
谎	1	1
率为	1	2
宵	1	1
上演	1	2
惕	1	1
湛	1	1
蜡	1	1
诱惑	1	2
桐	1	1
步行	1	2
中期	1	2
专属	1	2
我省	1	2
农户	1	2
定价	1	2
跟踪	1	2
路径	1	2
鼻子	1	2
蔽	1	1
防御	1	2
生死	1	2
界面	1	2
关键词	1	3
闺	1	1
最具	1	2
浏览	1	2
夜晚	1	2
弥补	1	2
运势	1	2
注意事项	1	4
全方位	1	3
阳台	1	2
货车	1	2
遭受	1	2
澄	1	1
阻止	1	2
丧失	1	2
可怜	1	2
车展	1	2
堪称	1	2
成年人	1	3
反思	1	2
一眼	1	2
不容	1	2
司马	1	2
排行	1	2
众所周	1	3
隧	1	1
刃	1	1
年内	1	2
分散	1	2
西瓜	1	2
食品安全	1	4
调味	1	2
要说	1	2
此类	1	2
连锁	1	2
终身	1	2
瀑	1	1
中年	1	2
依照	1	2
压缩	1	2
枸杞	1	2
注意力	1	3
一百	1	2
柠檬	1	2
后赛	1	2
隶	1	1
荣获	1	2
焕	1	1
谈判	1	2
甸	1	1
媳妇	1	2
有益	1	2
惟	1	1
凸显	1	2
苑	1	1
当成	1	2
下车	1	2
车企	1	2
史上	1	2
爹	1	1
活性	1	2
儿女	1	2
试试	1	2
艺人	1	2
汽油	1	2
进来	1	2
解答	1	2
发力	1	2
注射	1	2
一群	1	2
交给	1	2
挪	1	1
街头	1	2
不予	1	2
日讯	1	2
不吃	1	2
脱离	1	2
下半年	1	3
经纪	1	2
想必	1	2
沥	1	1
面粉	1	2
分局	1	2
致富	1	2
大人	1	2
南北	1	2
工作室	1	3
房企	1	2
争夺	1	2
总监	1	2
涵盖	1	2
寡	1	1
当作	1	2
一体化	1	3
合作伙伴	1	4
港澳	1	2
观赏	1	2
掏	1	1
洗澡	1	2
警惕	1	2
新一代	1	3
节约	1	2
摩托车	1	3
报价	1	2
约束	1	2
困境	1	2
持股	1	2
魄	1	1
栓	1	1
模仿	1	2
中毒	1	2
盲目	1	2
优良	1	2
好评	1	2
庚	1	1
呕	1	1
季后赛	1	3
数十	1	2
遗传	1	2
千里	1	2
奖金	1	2
吁	1	1
沉默	1	2
总决赛	1	3
书籍	1	2
村里	1	2
乐园	1	2
前列腺	1	3
旨在	1	2
身为	1	2
他会	1	2
敢于	1	2
星座	1	2
户籍	1	2
户型	1	2
关怀	1	2
上诉	1	2
升高	1	2
葡萄酒	1	3
标识	1	2
看不到	1	3
急性	1	2
庆祝	1	2
酱油	1	2
不算	1	2
枫	1	1
合金	1	2
高压	1	2
靓	1	1
雯	1	1
糯	1	1
首批	1	2
大蒜	1	2
还好	1	2
模糊	1	2
拆除	1	2
爱好者	1	3
澜	1	1
承载	1	2
传感	1	2
航班	1	2
患有	1	2
科目	1	2
尼亚	1	2
皇后	1	2
汇率	1	2
马云	1	2
配送	1	2
践行	1	2
惊艳	1	2
沙发	1	2
长寿	1	2
渝	1	1
三国	1	2
万平方米	1	4
指南	1	2
保险公司	1	4
冀	1	1
饥	1	1
四年	1	2
酥	1	1
动员	1	2
半小时	1	3
开关	1	2
旱	1	1
格外	1	2
友谊	1	2
感慨	1	2
正当	1	2
温泉	1	2
婚纱	1	2
必定	1	2
鞭	1	1
要点	1	2
毛病	1	2
行李	1	2
拥抱	1	2
情侣	1	2
寅	1	1
做过	1	2
繁荣	1	2
彦	1	1
矫	1	1
首个	1	2
阐	1	1
周岁	1	2
鄂	1	1
嵌	1	1
注定	1	2
杨幂	1	2
书写	1	2
何时	1	2
酶	1	1
缀	1	1
混凝	1	2
完毕	1	2
风情	1	2
第九	1	2
行人	1	2
成品	1	2
刘备	1	2
屑	1	1
单元	1	2
高手	1	2
建筑面积	1	4
寒冷	1	2
调理	1	2
何况	1	2
剧中	1	2
密封	1	2
相继	1	2
矣	1	1
河南省	1	3
小龙	1	2
缆	1	1
包容	1	2
玩笑	1	2
阶级	1	2
固醇	1	2
工作者	1	3
膳	1	1
书面	1	2
邵	1	1
家园	1	2
洽	1	1
福特	1	2
信贷	1	2
下列	1	2
质感	1	2
侵犯	1	2
欧美	1	2
海上	1	2
长久	1	2
趟	1	1
享有	1	2
从不	1	2
天赋	1	2
前行	1	2
奥运会	1	3
溯	1	1
五十	1	2
犹如	1	2
疤	1	1
爆料	1	2
黑龙江	1	3
缩短	1	2
虐	1	1
卧室	1	2
生动	1	2
冷静	1	2
贯穿	1	2
吸烟	1	2
实战	1	2
刚才	1	2
政务	1	2
新人	1	2
海关	1	2
雁	1	1
夷	1	1
垂直	1	2
忠诚	1	2
追究	1	2
书店	1	2
北部	1	2
家用	1	2
笋	1	1
翡	1	1
一小	1	2
扣除	1	2
这三	1	2
四十	1	2
硬化	1	2
尿裤	1	2
演艺	1	2
简洁	1	2
红旗	1	2
假日	1	2
温和	1	2
一分	1	2
直至	1	2
交通安全	1	4
一手	1	2
车间	1	2
不愿	1	2
取决	1	2
海鲜	1	2
夸张	1	2
风湿	1	2
公正	1	2
还款	1	2
总量	1	2
所得税	1	3
年间	1	2
无人机	1	3
负债	1	2
长度	1	2
面膜	1	2
老家	1	2
变形	1	2
江苏省	1	3
立马	1	2
离子	1	2
时常	1	2
热量	1	2
深圳市	1	3
首都	1	2
战绩	1	2
伦敦	1	2
常务	1	2
客运	1	2
比亚迪	1	3
我家	1	2
喝水	1	2
悍	1	1
既有	1	2
每人	1	2
化妆品	1	3
倡导	1	2
痕迹	1	2
佛山	1	2
出货	1	2
发了	1	2
小小的	1	3
风水	1	2
北大	1	2
整天	1	2
众所周知	1	4
露出	1	2
混凝土	1	3
班级	1	2
琐	1	1
模样	1	2
走过	1	2
郡	1	1
运营商	1	3
感叹	1	2
好几	1	2
白糖	1	2
羊肉	1	2
亥	1	1
受损	1	2
阿尔	1	2
童年	1	2
俞	1	1
瘾	1	1
逗	1	1
教训	1	2
电机	1	2
脐	1	1
按钮	1	2
用水	1	2
卓越	1	2
耻	1	1
就诊	1	2
采集	1	2
租金	1	2
锌	1	1
不让	1	2
珊	1	1
通讯员	1	3
治安	1	2
人事	1	2
余额	1	2
疗效	1	2
动漫	1	2
亲密	1	2
防火	1	2
比分	1	2
臀	1	1
欧盟	1	2
国防	1	2
胰	1	1
自动化	1	3
这套	1	2
得不到	1	3
美观	1	2
开花	1	2
蚁	1	1
南部	1	2
一根	1	2
事后	1	2
游玩	1	2
曲线	1	2
路面	1	2
保温	1	2
借鉴	1	2
没事	1	2
白菜	1	2
比起	1	2
撰	1	1
钢琴	1	2
快捷	1	2
验收	1	2
商品房	1	3
下调	1	2
齐全	1	2
多彩	1	2
钾	1	1
矮	1	1
使人	1	2
冷却	1	2
心疼	1	2
天堂	1	2
灾害	1	2
取决于	1	3
菠	1	1
分开	1	2
全区	1	2
告别	1	2
限于	1	2
下班	1	2
拘留	1	2
诠	1	1
偶然	1	2
接收	1	2
蚊	1	1
睁	1	1
电气	1	2
抵达	1	2
玩法	1	2
秋季	1	2
愉快	1	2
性感	1	2
戏剧	1	2
悄悄	1	2
防水	1	2
角落	1	2
窍	1	1
摩擦	1	2
白银	1	2
姓名	1	2
打野	1	2
班主任	1	3
澳洲	1	2
剔	1	1
一夜	1	2
贞	1	1
路边	1	2
奶粉	1	2
乾隆	1	2
票房	1	2
送给	1	2
画家	1	2
脆弱	1	2
刷新	1	2
睹	1	1
分析师	1	3
财运	1	2
旋转	1	2
禄	1	1
零食	1	2
推行	1	2
核桃	1	2
外交	1	2
档次	1	2
秘书长	1	3
收拾	1	2
发作	1	2
牡	1	1
浙江省	1	3
底线	1	2
鞋子	1	2
一共	1	2
疡	1	1
电路	1	2
配方	1	2
煤炭	1	2
阻力	1	2
开门	1	2
支队	1	2
个别	1	2
就医	1	2
美军	1	2
获利	1	2
钻石	1	2
重要性	1	3
哈尔滨	1	3
助理	1	2
铅	1	1
夫人	1	2
王某	1	2
嚼	1	1
注明	1	2
饶	1	1
笨	1	1
复兴	1	2
涉案	1	2
峡谷	1	2
体力	1	2
意愿	1	2
俯	1	1
帝国	1	2
隐私	1	2
食欲	1	2
沿着	1	2
骁	1	1
常委会	1	3
花椒	1	2
科普	1	2
弓	1	1
桥梁	1	2
胆固醇	1	3
挂牌	1	2
女孩子	1	3
更能	1	2
蒲	1	1
落户	1	2
动手	1	2
党中央	1	3
娟	1	1
促使	1	2
空军	1	2
拉开	1	2
不觉	1	2
暴雨	1	2
听力	1	2
一本	1	2
处分	1	2
入住	1	2
均价	1	2
标配	1	2
时段	1	2
爸爸妈妈	1	4
邮件	1	2
隧道	1	2
唱歌	1	2
价位	1	2
破产	1	2
垒	1	1
耳机	1	2
日线	1	2
工会	1	2
款式	1	2
法庭	1	2
震撼	1	2
纸尿裤	1	3
变动	1	2
富贵	1	2
岂	1	1
翡翠	1	2
回升	1	2
兜	1	1
正义	1	2
外套	1	2
省份	1	2
静脉	1	2
班子	1	2
张某	1	2
宗旨	1	2
在意	1	2
中秋	1	2
书中	1	2
捣	1	1
亲切	1	2
诠释	1	2
附加	1	2
天生	1	2
未必	1	2
沉淀	1	2
党支部	1	3
审计	1	2
血液循环	1	4
歪	1	1
运转	1	2
讨厌	1	2
场均	1	2
饺子	1	2
生效	1	2
紧凑	1	2
灾难	1	2
取代	1	2
绽	1	1
抓获	1	2
创业板	1	3
商店	1	2
阿拉	1	2
将近	1	2
聚会	1	2
春晚	1	2
手工	1	2
棕	1	1
南海	1	2
证件	1	2
烯	1	1
弧	1	1
图为	1	2
擅长	1	2
饭店	1	2
讶	1	1
严厉	1	2
严禁	1	2
公交车	1	3
面子	1	2
彬	1	1
青海	1	2
虽说	1	2
侈	1	1
毯	1	1
众人	1	2
少量	1	2
细分	1	2
男篮	1	2
过渡	1	2
大厦	1	2
伤口	1	2
解决问题	1	4
饱满	1	2
这首	1	2
杠杆	1	2
分公司	1	3
村庄	1	2
看待	1	2
医疗机构	1	4
交通运输	1	4
天猫	1	2
芹	1	1
支援	1	2
清醒	1	2
浓度	1	2
鲍	1	1
带给	1	2
如来	1	2
安心	1	2
十七	1	2
此事	1	2
先锋	1	2
传达	1	2
常识	1	2
注入	1	2
愤怒	1	2
自杀	1	2
历程	1	2
翻炒	1	2
博览	1	2
打印	1	2
法律法规	1	4
纯粹	1	2
熬夜	1	2
混乱	1	2
芙	1	1
流动性	1	3
再说	1	2
棍	1	1
照明	1	2
共识	1	2
似的	1	2
交易所	1	3
伤心	1	2
入境	1	2
这款	1	2
大方	1	2
而后	1	2
必备	1	2
肾脏	1	2
先行	1	2
出国	1	2
幽默	1	2
缅	1	1
冰冰	1	2
敛	1	1
道歉	1	2
选项	1	2
不爱	1	2
大致	1	2
万亿	1	2
膨胀	1	2
情景	1	2
剩余	1	2
研讨	1	2
溃疡	1	2
合计	1	2
联合国	1	3
解析	1	2
听取	1	2
铬	1	1
殷	1	1
亲人	1	2
大哥	1	2
援助	1	2
醛	1	1
创办	1	2
撤销	1	2
新高	1	2
极具	1	2
拇	1	1
冲动	1	2
挫折	1	2
列入	1	2
籽	1	1
资助	1	2
琦	1	1
标准化	1	3
榴	1	1
分辨	1	2
冈	1	1
腹泻	1	2
合影	1	2
模特	1	2
二维	1	2
宁静	1	2
拭	1	1
气体	1	2
肛	1	1
过大	1	2
奢侈	1	2
激活	1	2
言论	1	2
宽容	1	2
售后	1	2
想不到	1	3
白云	1	2
叙利亚	1	3
出租车	1	3
妊	1	1
卫视	1	2
外汇	1	2
跪	1	1
周一	1	2
活泼	1	2
李某	1	2
交互	1	2
券商	1	2
学期	1	2
终止	1	2
跨越	1	2
穴位	1	2
坦克	1	2
特效	1	2
损坏	1	2
广阔	1	2
畅通	1	2
瑜伽	1	2
停车场	1	3
大海	1	2
荷兰	1	2
梭	1	1
爸妈	1	2
流失	1	2
委屈	1	2
利好	1	2
沙漠	1	2
两岸	1	2
香蕉	1	2
同一个	1	3
共建	1	2
党员干部	1	4
门诊	1	2
新品	1	2
批发	1	2
频道	1	2
溺	1	1
底盘	1	2
猜测	1	2
免疫力	1	3
顶尖	1	2
春风	1	2
法则	1	2
配件	1	2
合作社	1	3
不顾	1	2
静静	1	2
中小学	1	3
出具	1	2
对阵	1	2
联想	1	2
饮酒	1	2
华夏	1	2
立案	1	2
整车	1	2
增大	1	2
悬挂	1	2
国王	1	2
惊讶	1	2
焰	1	1
极限	1	2
湿地	1	2
依次	1	2
提问	1	2
得益	1	2
巡视	1	2
创立	1	2
心思	1	2
蝎	1	1
开口	1	2
中超	1	2
还原	1	2
外资	1	2
冤	1	1
笔试	1	2
哄	1	1
筷	1	1
几种	1	2
越高	1	2
毫升	1	2
实话	1	2
古典	1	2
个性化	1	3
迹象	1	2
划分	1	2
家庄	1	2
跨境	1	2
独家	1	2
泣	1	1
出身	1	2
朝阳	1	2
长春	1	2
暑假	1	2
钦	1	1
佣	1	1
赶到	1	2
讽	1	1
仅为	1	2
特意	1	2
榜单	1	2
智力	1	2
自家	1	2
航母	1	2
吉祥	1	2
摆放	1	2
素养	1	2
刚好	1	2
再生	1	2
小火	1	2
含义	1	2
液晶	1	2
著作	1	2
视角	1	2
深处	1	2
手游	1	2
各界	1	2
走上	1	2
恶劣	1	2
代言	1	2
目的地	1	3
带头	1	2
供电	1	2
勘	1	1
主管部门	1	4
漫画	1	2
夺冠	1	2
打通	1	2
垄	1	1
弟子	1	2
卫生间	1	3
自助	1	2
台风	1	2
相差	1	2
友好	1	2
图像	1	2
一心	1	2
作物	1	2
前脸	1	2
民俗	1	2
罗马	1	2
科创	1	2
悟空	1	2
参照	1	2
恰恰	1	2
招标	1	2
希腊	1	2
传感器	1	3
随机	1	2
青山	1	2
娠	1	1
师范大学	1	4
带上	1	2
一股	1	2
蠢	1	1
楼盘	1	2
王朝	1	2
翘	1	1
以内	1	2
折叠	1	2
睡前	1	2
上半	1	2
月亮	1	2
清朝	1	2
变为	1	2
党委书记	1	4
蓝天	1	2
一期	1	2
国际化	1	3
立法	1	2
执着	1	2
液体	1	2
淡淡	1	2
妊娠	1	2
想过	1	2
君子	1	2
神话	1	2
奕	1	1
地质	1	2
绸	1	1
打扮	1	2
辜	1	1
区委	1	2
喜悦	1	2
临近	1	2
踏实	1	2
指引	1	2
届时	1	2
授予	1	2
眼光	1	2
阻碍	1	2
茅台	1	2
开创	1	2
为准	1	2
县级	1	2
战役	1	2
考研	1	2
悲伤	1	2
大门	1	2
型号	1	2
养老金	1	3
内存	1	2
好人	1	2
优异	1	2
一丝	1	2
水利	1	2
上级	1	2
灿烂	1	2
不明	1	2
美人	1	2
被誉为	1	3
南宁	1	2
信托	1	2
有大	1	2
领袖	1	2
印发	1	2
教育局	1	3
冶	1	1
外科	1	2
指责	1	2
省市	1	2
凭证	1	2
番茄	1	2
起码	1	2
淑	1	1
拼命	1	2
永久	1	2
点点	1	2
才华	1	2
督促	1	2
申请人	1	3
蹄	1	1
复印	1	2
大奖	1	2
规矩	1	2
图形	1	2
做饭	1	2
硝	1	1
高度重视	1	4
三四	1	2
载体	1	2
叮	1	1
气管	1	2
促销	1	2
褐	1	1
黄瓜	1	2
民办	1	2
感悟	1	2
多万	1	2
学费	1	2
肇	1	1
铲	1	1
亚马	1	2
各方	1	2
谈到	1	2
攻略	1	2
耿	1	1
赌博	1	2
骨头	1	2
报纸	1	2
惩罚	1	2
做成	1	2
旺盛	1	2
不通	1	2
集合	1	2
清热	1	2
华人	1	2
名义	1	2
永恒	1	2
子公司	1	3
盘中	1	2
一双	1	2
衡量	1	2
沦	1	1
颂	1	1
这边	1	2
修建	1	2
暗示	1	2
新华社	1	3
收益率	1	3
衬衫	1	2
繁华	1	2
人身	1	2
小事	1	2
左手	1	2
时节	1	2
宝石	1	2
食堂	1	2
过分	1	2
短板	1	2
合约	1	2
西兰	1	2
不禁	1	2
详情	1	2
果实	1	2
右手	1	2
闸	1	1
腥	1	1
外地	1	2
印刷	1	2
珍珠	1	2
颁奖	1	2
拇指	1	2
中医药	1	3
分割	1	2
皂	1	1
驴	1	1
居家	1	2
回国	1	2
傍	1	1
说出	1	2
很小	1	2
增幅	1	2
有利	1	2
抢救	1	2
光伏	1	2
拨打	1	2
栖	1	1
全场	1	2
登上	1	2
牛市	1	2
副作用	1	3
场面	1	2
改装	1	2
秋天	1	2
过往	1	2
消灭	1	2
幻想	1	2
讲座	1	2
仕	1	1
帽子	1	2
呼吁	1	2
游览	1	2
折扣	1	2
团伙	1	2
评审	1	2
自带	1	2
雷达	1	2
服务业	1	3
鸽	1	1
吟	1	1
处女	1	2
甲状	1	2
台上	1	2
历经	1	2
窗户	1	2
悲剧	1	2
病变	1	2
租房	1	2
漓	1	1
并购	1	2
洋葱	1	2
目录	1	2
再用	1	2
先天	1	2
蔓延	1	2
办案	1	2
绩效	1	2
火车站	1	3
流入	1	2
开业	1	2
雍	1	1
舅	1	1
稠	1	1
扫描	1	2
文旅	1	2
所致	1	2
排毒	1	2
扩散	1	2
枢纽	1	2
诸葛亮	1	3
勋	1	1
冰雪	1	2
承办	1	2
现货	1	2
马拉松	1	3
头条	1	2
整齐	1	2
燃料	1	2
侍	1	1
业态	1	2
合一	1	2
古镇	1	2
抛弃	1	2
一举	1	2
常年	1	2
容器	1	2
显现	1	2
农民工	1	3
肘	1	1
邱	1	1
兮	1	1
二维码	1	3
浊	1	1
假设	1	2
偷偷	1	2
经济学	1	3
禧	1	1
艰苦	1	2
模范	1	2
不难	1	2
切换	1	2
好转	1	2
陨	1	1
院士	1	2
播出	1	2
不胜	1	2
竞争对手	1	4
三人	1	2
此刻	1	2
袜	1	1
风口	1	2
亚马逊	1	3
楠	1	1
圣诞	1	2
康熙	1	2
残疾人	1	3
平米	1	2
降价	1	2
烟花	1	2
督导	1	2
沐	1	1
帅气	1	2
中原	1	2
无聊	1	2
经费	1	2
年限	1	2
耽	1	1
服饰	1	2
拢	1	1
算法	1	2
哪儿	1	2
到期	1	2
糟糕	1	2
栗	1	1
四川省	1	3
小小	1	2
抖音	1	2
哑	1	1
政法	1	2
相遇	1	2
合法权益	1	4
辩护	1	2
越是	1	2
取出	1	2
全家	1	2
红枣	1	2
百家	1	2
恶性	1	2
外表	1	2
上传	1	2
真理	1	2
孔子	1	2
小于	1	2
保守	1	2
举动	1	2
合物	1	2
额度	1	2
昊	1	1
爪	1	1
尤为	1	2
回调	1	2
新春	1	2
韭	1	1
饭后	1	2
透过	1	2
早晚	1	2
七夕	1	2
迭	1	1
来得	1	2
惫	1	1
丫	1	1
日电	1	2
倪	1	1
名叫	1	2
传输	1	2
兰州	1	2
叶子	1	2
阳气	1	2
甲状腺	1	3
当场	1	2
萎缩	1	2
下次	1	2
降温	1	2
党组织	1	3
俺	1	1
鲜花	1	2
气势	1	2
改为	1	2
各有	1	2
大招	1	2
挚	1	1
医护人员	1	4
匆匆	1	2
安全隐患	1	4
卯	1	1
呈现出	1	3
手上	1	2
战机	1	2
陶瓷	1	2
稳健	1	2
榜样	1	2
糙	1	1
璐	1	1
超出	1	2
写字	1	2
这块	1	2
周五	1	2
保罗	1	2
做个	1	2
发型	1	2
谜	1	1
廓	1	1
恤	1	1
早日	1	2
万达	1	2
劳务	1	2
外形	1	2
农历	1	2
冥	1	1
金山	1	2
兰特	1	2
工地	1	2
安全感	1	3
疲惫	1	2
日军	1	2
有余	1	2
氯	1	1
奖项	1	2
精确	1	2
蝴	1	1
海拔	1	2
纠正	1	2
乘车	1	2
排水	1	2
饲料	1	2
匿	1	1
感知	1	2
冒险	1	2
摧	1	1
警示	1	2
国人	1	2
异议	1	2
锈钢	1	2
近视	1	2
抬头	1	2
日产	1	2
瞧	1	1
大国	1	2
号召	1	2
动能	1	2
商户	1	2
核实	1	2
低价	1	2
思念	1	2
蝴蝶	1	2
衣裙	1	2
嫂	1	1
在校	1	2
意图	1	2
俭	1	1
领导小组	1	4
稳定性	1	3
飙	1	1
炒作	1	2
爱上	1	2
一笔	1	2
救治	1	2
呕吐	1	2
购车	1	2
亲爱	1	2
袍	1	1
胺	1	1
纳税人	1	3
美白	1	2
首届	1	2
衔接	1	2
仪器	1	2
昕	1	1
广汽	1	2
清晨	1	2
大声	1	2
长相	1	2
前沿	1	2
解毒	1	2
很长	1	2
忍受	1	2
服务器	1	3
劳动力	1	3
养护	1	2
杀人	1	2
太原	1	2
修养	1	2
一笑	1	2
赠送	1	2
人格	1	2
天然气	1	3
视力	1	2
万里	1	2
熟练	1	2
应聘	1	2
百分之	1	3
保暖	1	2
大厅	1	2
黛	1	1
醒来	1	2
一审	1	2
无尽	1	2
马来	1	2
地域	1	2
文中	1	2
血脂	1	2
万余	1	2
复苏	1	2
爱人	1	2
纠结	1	2
名人	1	2
经络	1	2
浓郁	1	2
哺	1	1
国土	1	2
占用	1	2
储存	1	2
尹	1	1
重心	1	2
髦	1	1
码头	1	2
遗址	1	2
罢了	1	2
福州	1	2
畔	1	1
巧克	1	2
值班	1	2
驾驶证	1	3
宾馆	1	2
减速	1	2
投资人	1	3
小康	1	2
入驻	1	2
娃娃	1	2
前方	1	2
排列	1	2
称呼	1	2
言语	1	2
无穷	1	2
攒	1	1
更要	1	2
被害	1	2
得出	1	2
不佳	1	2
近几年	1	3
熔	1	1
许可证	1	3
春秋	1	2
视线	1	2
这名	1	2
佬	1	1
小吃	1	2
座位	1	2
堵塞	1	2
网易	1	2
误区	1	2
孵	1	1
几百	1	2
用电	1	2
间接	1	2
阴道	1	2
以至于	1	3
研制	1	2
滋味	1	2
没错	1	2
千元	1	2
七八	1	2
洗手	1	2
疑似	1	2
全是	1	2
西医	1	2
腐蚀	1	2
料酒	1	2
日后	1	2
各种各样	1	4
三级	1	2
两名	1	2
随即	1	2
其他人	1	3
锂	1	1
创业者	1	3
这台	1	2
腑	1	1
投机	1	2
并发	1	2
拼搏	1	2
美景	1	2
防晒	1	2
吸引力	1	3
是非	1	2
从前	1	2
宫颈	1	2
昧	1	1
观光	1	2
可口	1	2
必需	1	2
湾区	1	2
品尝	1	2
有意	1	2
酸奶	1	2
颠覆	1	2
职业生涯	1	4
男朋友	1	3
副总裁	1	3
原材料	1	3
便于	1	2
按时	1	2
逃避	1	2
发改	1	2
生殖	1	2
沛	1	1
之美	1	2
转身	1	2
名校	1	2
所示	1	2
不服	1	2
客场	1	2
产业园	1	3
颈椎	1	2
颤	1	1
无意	1	2
保湿	1	2
过高	1	2
银行卡	1	3
稳步	1	2
设有	1	2
故宫	1	2
欺骗	1	2
高点	1	2
喜剧	1	2
有期徒刑	1	4
晾	1	1
任意	1	2
热度	1	2
自豪	1	2
喇	1	1
器械	1	2
钱包	1	2
报销	1	2
微微	1	2
高新区	1	3
乞	1	1
全系	1	2
丢失	1	2
着手	1	2
晚会	1	2
借口	1	2
新手	1	2
普通人	1	3
抗疫	1	2
河流	1	2
致使	1	2
缩小	1	2
河北省	1	3
毛巾	1	2
对不起	1	3
老大	1	2
垄断	1	2
扛	1	1
信赖	1	2
油脂	1	2
恋情	1	2
一顿	1	2
乳房	1	2
之力	1	2
四周	1	2
修正	1	2
柴油	1	2
两条	1	2
指甲	1	2
俗话说	1	3
从容	1	2
景色	1	2
财物	1	2
散发	1	2
卉	1	1
靴	1	1
喧	1	1
雌	1	1
金刚	1	2
骨干	1	2
清爽	1	2
原谅	1	2
佑	1	1
港口	1	2
瀑布	1	2
机体	1	2
或者说	1	3
加剧	1	2
汇聚	1	2
违法犯罪	1	4
联邦	1	2
赵丽	1	2
太空	1	2
毛主席	1	3
搬迁	1	2
旷	1	1
山药	1	2
南瓜	1	2
组长	1	2
圆形	1	2
四驱	1	2
无一	1	2
而知	1	2
湖南日报	1	4
点缀	1	2
恶意	1	2
米饭	1	2
太子	1	2
台阶	1	2
胡椒	1	2
滋润	1	2
女朋友	1	3
世上	1	2
比重	1	2
雷霆	1	2
饮水	1	2
基金会	1	3
侵害	1	2
牡丹	1	2
时髦	1	2
拱	1	1
主观	1	2
饱和	1	2
把手	1	2
出自	1	2
术后	1	2
树木	1	2
和尚	1	2
唯有	1	2
晚餐	1	2
流浪	1	2
这辆	1	2
秤	1	1
鸦	1	1
至关	1	2
洱	1	1
只想	1	2
心动	1	2
蚂	1	1
逾期	1	2
加息	1	2
几点	1	2
每当	1	2
无忧	1	2
以色	1	2
中小企业	1	4
屯	1	1
锁定	1	2
品味	1	2
压制	1	2
哈登	1	2
全景	1	2
一律	1	2
起伏	1	2
排行榜	1	3
歼	1	1
严谨	1	2
额外	1	2
右侧	1	2
噪音	1	2
淤	1	1
仑	1	1
瘀	1	1
马克思	1	3
珠海	1	2
钓鱼	1	2
后台	1	2
套餐	1	2
水晶	1	2
进取	1	2
梦幻	1	2
斯科	1	2
崩溃	1	2
烈士	1	2
反射	1	2
皱纹	1	2
邹	1	1
多头	1	2
水准	1	2
干预	1	2
高低	1	2
弯曲	1	2
西红	1	2
瞒	1	1
力争	1	2
指纹	1	2
终究	1	2
一处	1	2
面板	1	2
之日起	1	3
推介	1	2
倾斜	1	2
不忘	1	2
初心	1	2
拯	1	1
就此	1	2
自愿	1	2
筹码	1	2
缺口	1	2
匪	1	1
整形	1	2
在乎	1	2
钠	1	1
玺	1	1
更具	1	2
步入	1	2
澳门	1	2
冰糖	1	2
养老保险	1	4
身穿	1	2
汝	1	1
局势	1	2
媒体报道	1	4
熊猫	1	2
稚	1	1
金牛	1	2
积极性	1	3
客车	1	2
瞎	1	1
涂抹	1	2
上映	1	2
感激	1	2
当做	1	2
冷水	1	2
知名度	1	3
强迫	1	2
榨	1	1
提倡	1	2
定点	1	2
业界	1	2
沿海	1	2
下游	1	2
咏	1	1
嚣	1	1
事先	1	2
入门	1	2
低位	1	2
源头	1	2
瞻	1	1
选举	1	2
充实	1	2
下属	1	2
难受	1	2
贵族	1	2
紊	1	1
留意	1	2
小伙	1	2
合力	1	2
连衣裙	1	3
冠状	1	2
法人	1	2
绝望	1	2
卤	1	1
西装	1	2
调动	1	2
辞职	1	2
陋	1	1
优越	1	2
选购	1	2
必将	1	2
高原	1	2
制动	1	2
安全性	1	3
选拔	1	2
生机	1	2
荟	1	1
不锈钢	1	3
自驾	1	2
高品质	1	3
致命	1	2
多项	1	2
垢	1	1
观音	1	2
通车	1	2
上行	1	2
弥陀	1	2
半天	1	2
膝盖	1	2
描绘	1	2
一头	1	2
中等	1	2
资深	1	2
煲	1	1
监狱	1	2
散步	1	2
一向	1	2
保安	1	2
玩耍	1	2
督查	1	2
急救	1	2
跌破	1	2
位居	1	2
苛	1	1
微软	1	2
付费	1	2
小幅	1	2
手臂	1	2
分成	1	2
栏目	1	2
修炼	1	2
以色列	1	3
两家	1	2
星星	1	2
生猪	1	2
留学生	1	3
管辖	1	2
眼球	1	2
搞笑	1	2
戊	1	1
解放军	1	3
小白	1	2
中考	1	2
尊严	1	2
财政部	1	3
一首	1	2
洛阳	1	2
不该	1	2
电网	1	2
身后	1	2
买车	1	2
业内人士	1	4
楷	1	1
医务	1	2
蝉	1	1
霸气	1	2
妒	1	1
卵巢	1	2
人社	1	2
国企	1	2
瑕	1	1
驭	1	1
景象	1	2
西红柿	1	3
蚕	1	1
咋	1	1
骁龙	1	2
燃气	1	2
畸	1	1
一篇	1	2
提及	1	2
麒	1	1
镀铬	1	2
五行	1	2
诉求	1	2
数据库	1	3
双眼	1	2
仓库	1	2
尽力	1	2
木耳	1	2
任何人	1	3
愉悦	1	2
只见	1	2
胸部	1	2
多为	1	2
缔	1	1
风吹	1	2
人大常委会	1	5
光线	1	2
参展	1	2
事宜	1	2
套装	1	2
大使	1	2
欢喜	1	2
呵护	1	2
一无	1	2
标杆	1	2
残酷	1	2
暮	1	1
这道	1	2
外线	1	2
韭菜	1	2
甲醛	1	2
聋	1	1
对照	1	2
品类	1	2
前段时间	1	4
皇马	1	2
时许	1	2
秉承	1	2
输送	1	2
整洁	1	2
约翰	1	2
珠宝	1	2
六个	1	2
截图	1	2
草莓	1	2
科学院	1	3
觅	1	1
中旬	1	2
巧克力	1	3
万个	1	2
契机	1	2
氮	1	1
谷歌	1	2
嘴里	1	2
该车	1	2
榄	1	1
空白	1	2
仙女	1	2
酯	1	1
不同于	1	3
马路	1	2
副局长	1	3
私募	1	2
环球	1	2
折磨	1	2
日记	1	2
整整	1	2
来回	1	2
内分泌	1	3
体积	1	2
奔跑	1	2
导游	1	2
一碗	1	2
跨界	1	2
月饼	1	2
酉	1	1
谈话	1	2
两款	1	2
镜子	1	2
戌	1	1
果断	1	2
证监会	1	3
第一百	1	3
平方公里	1	4
脖子	1	2
教堂	1	2
菲特	1	2
剧院	1	2
机型	1	2
长远	1	2
前者	1	2
淋漓	1	2
亨	1	1
国家队	1	3
平淡	1	2
包围	1	2
农药	1	2
分工	1	2
明朝	1	2
瑞士	1	2
时空	1	2
嘿	1	1
拥堵	1	2
心脏病	1	3
蹭	1	1
湖北省	1	3
学业	1	2
立方	1	2
影子	1	2
盎	1	1
赵丽颖	1	3
尔夫	1	2
一汽	1	2
不仅如此	1	4
厚度	1	2
堆积	1	2
弛	1	1
大楼	1	2
重建	1	2
太高	1	2
兑换	1	2
哟	1	1
祺	1	1
严峻	1	2
趴	1	1
祀	1	1
收费站	1	3
苔	1	1
加之	1	2
称赞	1	2
笑话	1	2
大米	1	2
沙特	1	2
漏洞	1	2
婚后	1	2
民国	1	2
霖	1	1
格兰	1	2
葵	1	1
俏	1	1
难忘	1	2
塞尔	1	2
病因	1	2
一到	1	2
出让	1	2
被迫	1	2
趣味	1	2
肩膀	1	2
左侧	1	2
陪同	1	2
专辑	1	2
高科技	1	3
光滑	1	2
调侃	1	2
发烧	1	2
柄	1	1
进场	1	2
妹子	1	2
首选	1	2
富裕	1	2
出院	1	2
亲属	1	2
栈	1	1
买点	1	2
庐	1	1
无锡	1	2
子弹	1	2
刘海	1	2
不知不觉	1	4
修订	1	2
诱发	1	2
灵感	1	2
壮大	1	2
又称	1	2
偿还	1	2
抓紧	1	2
尔斯	1	2
异地	1	2
自律	1	2
烛	1	1
老虎	1	2
震惊	1	2
心血管	1	3
绿豆	1	2
上汽	1	2
晖	1	1
红军	1	2
脑袋	1	2
轻微	1	2
拉升	1	2
金牌	1	2
小孩子	1	3
组成部分	1	4
蛙	1	1
赣	1	1
袭击	1	2
楼梯	1	2
焚	1	1
展会	1	2
神仙	1	2
更强	1	2
绽放	1	2
素材	1	2
涂料	1	2
社会保险	1	4
坟	1	1
叔叔	1	2
埔	1	1
主打	1	2
头晕	1	2
购置	1	2
海岸	1	2
加持	1	2
民政	1	2
演唱会	1	3
碎片	1	2
物体	1	2
巴萨	1	2
董事会	1	3
篷	1	1
欧阳	1	2
田园	1	2
格式	1	2
大便	1	2
笔记本	1	3
弱势	1	2
寝	1	1
相识	1	2
勇于	1	2
火热	1	2
念头	1	2
按规定	1	3
摄影师	1	3
躯	1	1
琢	1	1
持久	1	2
克兰	1	2
第一位	1	3
冲洗	1	2
石家庄	1	3
万亿元	1	3
犀	1	1
谋划	1	2
襄	1	1
镑	1	1
三亚	1	2
名气	1	2
差点	1	2
自有	1	2
淳	1	1
纺织	1	2
农家	1	2
年华	1	2
腿部	1	2
阜	1	1
复古	1	2
筛选	1	2
助推	1	2
缚	1	1
抚养	1	2
堤	1	1
钢管	1	2
制药	1	2
光泽	1	2
窟	1	1
恳	1	1
深夜	1	2
省政府	1	3
房源	1	2
服务平台	1	4
互通	1	2
地处	1	2
盗窃	1	2
工委	1	2
贵人	1	2
沁	1	1
习俗	1	2
街上	1	2
菩提	1	2
糊涂	1	2
万科	1	2
否定	1	2
第三个	1	3
制约	1	2
伴有	1	2
确立	1	2
牟	1	1
低迷	1	2
打赢	1	2
之情	1	2
天才	1	2
凳	1	1
雕塑	1	2
绞	1	1
水库	1	2
凡是	1	2
实惠	1	2
干脆	1	2
高管	1	2
禾	1	1
不远	1	2
管制	1	2
甫	1	1
这支	1	2
进食	1	2
人有	1	2
就读	1	2
每位	1	2
淹	1	1
因果	1	2
伴侣	1	2
锅里	1	2
痘痘	1	2
澈	1	1
便会	1	2
终点	1	2
友情	1	2
农场	1	2
时要	1	2
古装	1	2
恶心	1	2
孙子	1	2
瞩	1	1
填报	1	2
尊敬	1	2
女王	1	2
决议	1	2
如意	1	2
背部	1	2
商业模式	1	4
饪	1	1
复发	1	2
叨	1	1
放量	1	2
层层	1	2
自古	1	2
芭	1	1
沃尔沃	1	3
多月	1	2
强行	1	2
桌上	1	2
靡	1	1
之初	1	2
室外	1	2
汕	1	1
多元化	1	3
民宿	1	2
支配	1	2
李白	1	2
概括	1	2
之以	1	2
曼联	1	2
烹饪	1	2
反击	1	2
勤奋	1	2
掌控	1	2
压抑	1	2
征服	1	2
吵架	1	2
转会	1	2
站点	1	2
明珠	1	2
弈	1	1
沿线	1	2
色调	1	2
巴菲特	1	3
灭火	1	2
性别	1	2
平面	1	2
沂	1	1
多方	1	2
逆转	1	2
巡查	1	2
荧	1	1
红利	1	2
移植	1	2
穿过	1	2
一刻	1	2
大面积	1	3
富豪	1	2
登场	1	2
方针	1	2
万人次	1	3
事儿	1	2
孵化	1	2
机身	1	2
窦	1	1
不动产	1	3
藕	1	1
外援	1	2
尾灯	1	2
长沙市	1	3
薪酬	1	2
司令	1	2
维权	1	2
判处	1	2
可乐	1	2
万一	1	2
所在地	1	3
蚂蚁	1	2
阴影	1	2
橄	1	1
所属	1	2
刘邦	1	2
端午	1	2
一家人	1	3
值得注意	1	4
边境	1	2
一副	1	2
沙滩	1	2
电站	1	2
有无	1	2
不尽	1	2
解说	1	2
充分利用	1	4
分明	1	2
里斯	1	2
新一轮	1	3
第一步	1	3
经营者	1	3
渍	1	1
化合物	1	3
一两	1	2
口号	1	2
怠	1	1
小麦	1	2
看书	1	2
领导人	1	3
征求	1	2
复印件	1	3
量产	1	2
采摘	1	2
二手车	1	3
回合	1	2
纬	1	1
东南亚	1	3
大豆	1	2
裙子	1	2
故乡	1	2
缺失	1	2
暇	1	1
势头	1	2
保卫	1	2
四处	1	2
大腿	1	2
行使	1	2
拯救	1	2
无非	1	2
显示屏	1	3
过错	1	2
相连	1	2
签名	1	2
老化	1	2
陨石	1	2
指令	1	2
不光	1	2
产妇	1	2
至此	1	2
找个	1	2
考古	1	2
一二	1	2
博会	1	2
占领	1	2
毛孔	1	2
得益于	1	3
贱	1	1
难过	1	2
礼品	1	2
橄榄	1	2
缤	1	1
西湖	1	2
细心	1	2
遏	1	1
油腻	1	2
大有	1	2
期内	1	2
做起	1	2
交所	1	2
零部件	1	3
单品	1	2
吸气	1	2
尔特	1	2
衣物	1	2
挣扎	1	2
调度	1	2
亢	1	1
按键	1	2
聘用	1	2
办事处	1	3
情报	1	2
太平洋	1	3
流感	1	2
卖家	1	2
批次	1	2
抗日	1	2
广州市	1	3
能为	1	2
受害人	1	3
星级	1	2
预售	1	2
所述	1	2
马来西亚	1	4
喜好	1	2
阱	1	1
智商	1	2
为期	1	2
面团	1	2
货币政策	1	4
隋	1	1
嘻	1	1
终结	1	2
人民检察院	1	5
缕	1	1
混动	1	2
后卫	1	2
八字	1	2
上游	1	2
传动	1	2
菜单	1	2
双向	1	2
简历	1	2
烧烤	1	2
一季度	1	3
巳	1	1
低头	1	2
而来	1	2
一事	1	2
肋	1	1
温州	1	2
嘴巴	1	2
沉浸	1	2
小儿	1	2
盘整	1	2
研究员	1	3
信息技术	1	4
顺畅	1	2
公认	1	2
原件	1	2
昨晚	1	2
闽	1	1
心理学	1	3
商量	1	2
煞	1	1
糯米	1	2
中型	1	2
红薯	1	2
报酬	1	2
时装	1	2
头皮	1	2
生产线	1	3
理智	1	2
直径	1	2
市政	1	2
氨基	1	2
市级	1	2
今年以来	1	4
所未	1	2
宝妈	1	2
几位	1	2
刻意	1	2
一号	1	2
穗	1	1
求职	1	2
任职	1	2
五一	1	2
多位	1	2
山上	1	2
降雨	1	2
文化遗产	1	4
不负	1	2
首款	1	2
畴	1	1
廖	1	1
棠	1	1
会展	1	2
晗	1	1
定向	1	2
流产	1	2
胃肠	1	2
哨	1	1
追逐	1	2
世人	1	2
数码	1	2
秋冬	1	2
难点	1	2
触摸	1	2
宝骏	1	2
武术	1	2
哎	1	1
进化	1	2
商业银行	1	4
一站	1	2
加水	1	2
壬	1	1
原作者	1	3
治病	1	2
致辞	1	2
死后	1	2
万亩	1	2
列为	1	2
改编	1	2
蛛	1	1
异性	1	2
宛	1	1
结石	1	2
找出	1	2
端的	1	2
万千	1	2
前途	1	2
乐视	1	2
不由	1	2
金银	1	2
留给	1	2
童话	1	2
峰会	1	2
皇家	1	2
全天	1	2
胱	1	1
裔	1	1
投标	1	2
不懈	1	2
中队	1	2
殴	1	1
猫咪	1	2
十年代	1	3
建设工程	1	4
监护	1	2
裁定	1	2
麒麟	1	2
高档	1	2
菲律	1	2
骗子	1	2
诸如	1	2
陷阱	1	2
顷	1	1
通胀	1	2
减弱	1	2
筷子	1	2
同级	1	2
早早	1	2
音响	1	2
首位	1	2
璋	1	1
出众	1	2
清算	1	2
散户	1	2
润滑	1	2
水质	1	2
从严	1	2
导体	1	2
大爷	1	2
一脸	1	2
成名	1	2
精选	1	2
组成员	1	3
点燃	1	2
雨水	1	2
凄	1	1
传闻	1	2
发扬	1	2
温水	1	2
替补	1	2
菲律宾	1	3
放缓	1	2
发改委	1	3
藻	1	1
量化	1	2
天后	1	2
野生动物	1	4
老鼠	1	2
金价	1	2
灼	1	1
一如	1	2
豁	1	1
人际	1	2
底下	1	2
难怪	1	2
宽度	1	2
戳	1	1
山市	1	2
叠加	1	2
讳	1	1
频频	1	2
繁殖	1	2
学子	1	2
点半	1	2
集聚	1	2
下雨	1	2
帜	1	1
城管	1	2
尾部	1	2
巫	1	1
高三	1	2
累积	1	2
门前	1	2
第一名	1	3
贫血	1	2
憋	1	1
征集	1	2
墙面	1	2
头疼	1	2
高清	1	2
淇	1	1
二者	1	2
看病	1	2
先是	1	2
排骨	1	2
巡逻	1	2
生抽	1	2
推送	1	2
防腐	1	2
口气	1	2
建材	1	2
鲁能	1	2
名词	1	2
质地	1	2
酒吧	1	2
杜绝	1	2
哇	1	1
重症	1	2
嫉	1	1
位列	1	2
总有	1	2
区内	1	2
馒	1	1
佛法	1	2
林业	1	2
战中	1	2
商会	1	2
香气	1	2
调料	1	2
广电	1	2
兼顾	1	2
灰色	1	2
道具	1	2
怀念	1	2
抒	1	1
加深	1	2
环卫	1	2
清华大学	1	4
学问	1	2
同年	1	2
驼	1	1
橡胶	1	2
功德	1	2
诗词	1	2
大局	1	2
解脱	1	2
平和	1	2
口水	1	2
预报	1	2
荔	1	1
哮	1	1
阿弥陀	1	3
迷茫	1	2
当晚	1	2
阵地	1	2
嫣	1	1
瞄	1	1
说实话	1	3
巡航	1	2
竣	1	1
不论是	1	3
无声	1	2
逮	1	1
无形	1	2
媛	1	1
良心	1	2
交易日	1	3
字母	1	2
夜里	1	2
事发	1	2
水瓶	1	2
联络	1	2
北美	1	2
杜兰特	1	3
用工	1	2
基准	1	2
疑惑	1	2
键盘	1	2
安东	1	2
计较	1	2
聆	1	1
去掉	1	2
务工	1	2
耽误	1	2
中外	1	2
会场	1	2
股指	1	2
午餐	1	2
恶势力	1	3
倾听	1	2
顿时	1	2
菊花	1	2
送上	1	2
招呼	1	2
不便	1	2
寥	1	1
我能	1	2
意向	1	2
多云	1	2
感应	1	2
壹	1	1
太阳能	1	3
现任	1	2
苟	1	1
百合	1	2
叶片	1	2
造就	1	2
电压	1	2
苯	1	1
回购	1	2
买家	1	2
脑海	1	2
宁夏	1	2
花卉	1	2
焊接	1	2
开朗	1	2
矶	1	1
模具	1	2
葫	1	1
类别	1	2
散热	1	2
筹备	1	2
不肯	1	2
靠着	1	2
蘑	1	1
根源	1	2
店里	1	2
厄	1	1
斋	1	1
上天	1	2
子孙	1	2
女主	1	2
动感	1	2
矿物质	1	3
千万别	1	3
海报	1	2
干什么	1	3
领克	1	2
裤子	1	2
吼	1	1
联通	1	2
除外	1	2
彩色	1	2
禹	1	1
触及	1	2
心目	1	2
看重	1	2
虞	1	1
名额	1	2
樊	1	1
大涨	1	2
负荷	1	2
下水	1	2
真人	1	2
号称	1	2
母乳	1	2
意料	1	2
头顶	1	2
旋律	1	2
孜	1	1
英镑	1	2
启发	1	2
上车	1	2
据介绍	1	3
友们	1	2
晋级	1	2
如图	1	2
交谈	1	2
大自然	1	3
外贸	1	2
红糖	1	2
驾车	1	2
相亲	1	2
合伙人	1	3
产物	1	2
气味	1	2
棘	1	1
同类	1	2
学金	1	2
非凡	1	2
橱	1	1
德华	1	2
霾	1	1
舶	1	1
喀	1	1
产值	1	2
江山	1	2
酮	1	1
藩	1	1
官兵	1	2
基本面	1	3
老实	1	2
维度	1	2
压迫	1	2
典礼	1	2
满满的	1	3
人次	1	2
范冰冰	1	3
单词	1	2
制成	1	2
点多	1	2
三位	1	2
系数	1	2
秒钟	1	2
大跌	1	2
网民	1	2
共赢	1	2
出汗	1	2
家务	1	2
市场监管	1	4
文献	1	2
斯卡	1	2
施行	1	2
而生	1	2
风云	1	2
口袋	1	2
中部	1	2
增收	1	2
坚实	1	2
新娘	1	2
美金	1	2
平行	1	2
文书	1	2
杀手	1	2
符号	1	2
心底	1	2
贴心	1	2
入侵	1	2
接连	1	2
清凉	1	2
湿度	1	2
一幅	1	2
短期内	1	3
南山	1	2
黑白	1	2
鉴于	1	2
微商	1	2
表彰	1	2
牢固	1	2
亲情	1	2
磕	1	1
有种	1	2
现身	1	2
看不见	1	3
就行了	1	3
手感	1	2
葫芦	1	2
放假	1	2
两只	1	2
折腾	1	2
保鲜	1	2
电磁	1	2
奶茶	1	2
毫无疑问	1	4
大理	1	2
网点	1	2
春运	1	2
违背	1	2
无处	1	2
漱	1	1
赋能	1	2
没法	1	2
一组	1	2
嗓	1	1
会儿	1	2
西游	1	2
多功能	1	3
坞	1	1
两手	1	2
召唤	1	2
发现自己	1	4
示范区	1	3
战斗机	1	3
电流	1	2
困惑	1	2
座谈会	1	3
帷	1	1
扒	1	1
分红	1	2
镶	1	1
暴跌	1	2
地狱	1	2
边界	1	2
大运	1	2
脚下	1	2
闺蜜	1	2
特种	1	2
屿	1	1
市场份额	1	4
宣讲	1	2
分化	1	2
挣钱	1	2
疤痕	1	2
评分	1	2
政权	1	2
网格	1	2
基建	1	2
如是	1	2
澎	1	1
卒	1	1
教会	1	2
加密	1	2
高潮	1	2
技艺	1	2
一等奖	1	3
高通	1	2
求助	1	2
尿酸	1	2
万多	1	2
进出	1	2
天蝎	1	2
致敬	1	2
佩服	1	2
轮回	1	2
椰	1	1
玩游戏	1	3
破裂	1	2
刘某	1	2
驾驭	1	2
热烈	1	2
延迟	1	2
短时间	1	3
羽毛	1	2
韶	1	1
底层	1	2
绊	1	1
物权	1	2
授课	1	2
应付	1	2
科比	1	2
癸	1	1
开着	1	2
打着	1	2
禁毒	1	2
建筑物	1	3
往前	1	2
竿	1	1
低点	1	2
所长	1	2
龚	1	1
信访	1	2
痔	1	1
增生	1	2
举证	1	2
宣传部	1	3
阿弥陀佛	1	4
国安	1	2
打败	1	2
大臣	1	2
涤	1	1
构造	1	2
核查	1	2
民营企业	1	4
主营	1	2
癜	1	1
后方	1	2
盏	1	1
清淡	1	2
线段	1	2
朝廷	1	2
骨骼	1	2
出入	1	2
期盼	1	2
薪资	1	2
艰辛	1	2
命中率	1	3
有权	1	2
商人	1	2
元旦	1	2
大幅度	1	3
丝绸	1	2
剧本	1	2
风采	1	2
倩	1	1
不利于	1	3
彪	1	1
掌声	1	2
声称	1	2
纪检	1	2
文本	1	2
兴起	1	2
水量	1	2
鸡肉	1	2
佼	1	1
两边	1	2
几分	1	2
网页	1	2
脱落	1	2
消极	1	2
附件	1	2
堕	1	1
牛仔裤	1	3
赛区	1	2
电缆	1	2
配偶	1	2
减免	1	2
竣工	1	2
师父	1	2
双子	1	2
答题	1	2
二代	1	2
间隔	1	2
安徽省	1	3
八卦	1	2
流转	1	2
胚	1	1
第一批	1	3
亿次	1	2
肉类	1	2
连胜	1	2
恶化	1	2
手脚	1	2
绚	1	1
全会	1	2
赛场	1	2
器材	1	2
购房者	1	3
屁股	1	2
赶快	1	2
年末	1	2
纯净	1	2
离职	1	2
北京大学	1	4
迦	1	1
恐慌	1	2
教导	1	2
归属	1	2
明亮	1	2
时有	1	2
尼斯	1	2
仅供	1	2
录音	1	2
馒头	1	2
关税	1	2
责令	1	2
莲花	1	2
落到	1	2
叭	1	1
心病	1	2
崭	1	1
名片	1	2
除湿	1	2
抗战	1	2
时效	1	2
脱发	1	2
由此可见	1	4
补肾	1	2
轨迹	1	2
写道	1	2
球场	1	2
妍	1	1
天上	1	2
源自	1	2
圈子	1	2
发文	1	2
祠	1	1
直升	1	2
往来	1	2
横向	1	2
高尔夫	1	3
机油	1	2
地带	1	2
转折	1	2
上调	1	2
女星	1	2
置业	1	2
庄家	1	2
物价	1	2
出轨	1	2
气场	1	2
固然	1	2
疗程	1	2
熄	1	1
之意	1	2
放进	1	2
涅	1	1
跳舞	1	2
低温	1	2
盛宴	1	2
腰部	1	2
无私	1	2
避开	1	2
追捧	1	2
灰尘	1	2
本月	1	2
抗击	1	2
县公安局	1	4
涌现	1	2
倘	1	1
播种	1	2
衍生	1	2
碾	1	1
尔德	1	2
嗯	1	1
捞出	1	2
蓬勃	1	2
直线	1	2
加点	1	2
房贷	1	2
潮湿	1	2
第一款	1	3
面料	1	2
收纳	1	2
五花	1	2
追踪	1	2
普洱	1	2
精灵	1	2
孙悟空	1	3
水面	1	2
配色	1	2
石化	1	2
半夜	1	2
博文	1	2
粗糙	1	2
那边	1	2
咯	1	1
打卡	1	2
美团	1	2
李小	1	2
库里	1	2
赛道	1	2
使用权	1	3
收回	1	2
执照	1	2
中说	1	2
管理层	1	3
用料	1	2
返还	1	2
眩	1	1
睫	1	1
职称	1	2
标注	1	2
半导体	1	3
实际行动	1	4
秘诀	1	2
那位	1	2
芒果	1	2
棱	1	1
筝	1	1
推迟	1	2
娥	1	1
进出口	1	3
马尔	1	2
孕期	1	2
热带	1	2
健脾	1	2
定时	1	2
比喻	1	2
阐述	1	2
分行	1	2
茜	1	1
礼仪	1	2
剧烈	1	2
虚弱	1	2
蹦	1	1
大片	1	2
重重	1	2
数百	1	2
邮政	1	2
釉	1	1
进军	1	2
浑身	1	2
优惠政策	1	4
适时	1	2
说服	1	2
余名	1	2
本期	1	2
投保	1	2
偏偏	1	2
带走	1	2
几十年	1	3
雕刻	1	2
寓意	1	2
俘	1	1
杀死	1	2
描写	1	2
开阔	1	2
实事	1	2
强力	1	2
第三次	1	3
二期	1	2
板上	1	2
麓	1	1
螺旋	1	2
垮	1	1
传出	1	2
签字	1	2
不相	1	2
轨道交通	1	4
缘分	1	2
耕地	1	2
柚	1	1
产品质量	1	4
顶部	1	2
絮	1	1
失调	1	2
巴基	1	2
远方	1	2
趾	1	1
接种	1	2
审议	1	2
成型	1	2
岚	1	1
绿茶	1	2
万事	1	2
笛	1	1
特有	1	2
归来	1	2
不孕	1	2
一味	1	2
这笔	1	2
面貌	1	2
啸	1	1
老子	1	2
敬业	1	2
强国	1	2
翅膀	1	2
思议	1	2
福建省	1	3
切割	1	2
义务教育	1	4
祭祀	1	2
分裂	1	2
奶油	1	2
膀胱	1	2
五官	1	2
云南省	1	3
米兰	1	2
脓	1	1
节假日	1	3
贬值	1	2
样式	1	2
钞	1	1
说不定	1	3
屎	1	1
今晚	1	2
做空	1	2
巨额	1	2
缓缓	1	2
滑雪	1	2
制造商	1	3
恍	1	1
淋巴	1	2
驿	1	1
四种	1	2
试用	1	2
旅行社	1	3
眷	1	1
睡着	1	2
默认	1	2
谣言	1	2
捐款	1	2
颈部	1	2
四肢	1	2
牢牢	1	2
联手	1	2
某一	1	2
仓储	1	2
仄	1	1
好运	1	2
命题	1	2
狂欢	1	2
追溯	1	2
演奏	1	2
地去	1	2
接地	1	2
兼职	1	2
刑法	1	2
寻常	1	2
欧冠	1	2
榆	1	1
半岛	1	2
范畴	1	2
丞	1	1
格林	1	2
传来	1	2
个人信息	1	4
机票	1	2
加州	1	2
球星	1	2
泉水	1	2
抗癌	1	2
鲁迅	1	2
船舶	1	2
揣	1	1
参保	1	2
介石	1	2
萃	1	1
欺负	1	2
胰岛	1	2
宣告	1	2
饲养	1	2
搭档	1	2
梅西	1	2
限量	1	2
背驰	1	2
发掘	1	2
开幕式	1	3
肴	1	1
喂养	1	2
掀起	1	2
市面上	1	3
太后	1	2
华东	1	2
那年	1	2
湃	1	1
勉强	1	2
门外	1	2
面条	1	2
回避	1	2
巨星	1	2
蒋介石	1	3
一千	1	2
豆浆	1	2
掠	1	1
同情	1	2
积极参与	1	4
扬州	1	2
人才培养	1	4
乌克兰	1	3
机能	1	2
据统计	1	3
倡议	1	2
顺便	1	2
亲近	1	2
录制	1	2
热血	1	2
舍不得	1	3
小平	1	2
开辟	1	2
三月	1	2
万家	1	2
微量	1	2
公立	1	2
平平	1	2
带到	1	2
这片	1	2
质押	1	2
华南	1	2
本场	1	2
日元	1	2
桂林	1	2
潍	1	1
蛋黄	1	2
惬	1	1
破解	1	2
开玩笑	1	3
实业	1	2
黔	1	1
交代	1	2
娅	1	1
助听	1	2
匈	1	1
宪法	1	2
问候	1	2
柔和	1	2
去皮	1	2
别说	1	2
捕捉	1	2
制裁	1	2
荫	1	1
罕见	1	2
水上	1	2
票据	1	2
尧	1	1
人情	1	2
流出	1	2
京津	1	2
哈佛	1	2
放开	1	2
譬	1	1
太大	1	2
仓位	1	2
医疗保险	1	4
存放	1	2
局限	1	2
这样的话	1	4
丰收	1	2
债权人	1	3
腌制	1	2
安东尼	1	3
科室	1	2
脑血管	1	3
别克	1	2
水肿	1	2
接入	1	2
白羊	1	2
百公里	1	3
致癌	1	2
金融服务	1	4
未成年人	1	4
香菇	1	2
表述	1	2
谈论	1	2
汗水	1	2
适度	1	2
倚	1	1
檀	1	1
傍晚	1	2
切除	1	2
夏日	1	2
陌生人	1	3
精湛	1	2
拉斯	1	2
赞美	1	2
捆	1	1
喝茶	1	2
入户	1	2
落下	1	2
上次	1	2
真皮	1	2
悠久	1	2
巴基斯坦	1	4
薄弱	1	2
紊乱	1	2
偏向	1	2
杖	1	1
汛	1	1
二手房	1	3
修饰	1	2
樱花	1	2
芜	1	1
患病	1	2
外观设计	1	4
情商	1	2
奢华	1	2
着实	1	2
西哥	1	2
周四	1	2
火星	1	2
封建	1	2
指挥部	1	3
蘑菇	1	2
下沉	1	2
华丽	1	2
祁	1	1
贫穷	1	2
改正	1	2
波罗	1	2
年期	1	2
安卓	1	2
建国	1	2
国民党	1	3
上路	1	2
捂	1	1
解锁	1	2
图中	1	2
脸部	1	2
夺得	1	2
氨基酸	1	3
业余	1	2
桌子	1	2
不合	1	2
高出	1	2
交替	1	2
第一天	1	3
伤亡	1	2
翩	1	1
无缘	1	2
隆重	1	2
不留	1	2
之战	1	2
大衣	1	2
马斯	1	2
仍旧	1	2
巨蟹	1	2
碟	1	1
残留	1	2
并发症	1	3
得意	1	2
栽培	1	2
毛衣	1	2
保时	1	2
王国	1	2
餐馆	1	2
财报	1	2
探究	1	2
转账	1	2
巍	1	1
自称	1	2
中国共产党	1	5
首要	1	2
站立	1	2
微生物	1	3
魁	1	1
风味	1	2
门窗	1	2
极度	1	2
无缝	1	2
甜美	1	2
马自	1	2
昼	1	1
嘘	1	1
不舍	1	2
娄	1	1
图文	1	2
透气	1	2
遏制	1	2
相伴	1	2
动机	1	2
色泽	1	2
执勤	1	2
阳县	1	2
蘸	1	1
一贯	1	2
派遣	1	2
歌声	1	2
痛点	1	2
梵	1	1
护航	1	2
完工	1	2
清净	1	2
浓浓	1	2
减持	1	2
斧	1	1
高新技术	1	4
攀升	1	2
病症	1	2
听见	1	2
天窗	1	2
墙壁	1	2
疏通	1	2
轰炸	1	2
总能	1	2
邮箱	1	2
墨西哥	1	3
光荣	1	2
补血	1	2
顺应	1	2
指向	1	2
歌唱	1	2
细细	1	2
车门	1	2
量子	1	2
涨价	1	2
小姐姐	1	3
食盐	1	2
百货	1	2
风暴	1	2
副总经理	1	4
奎	1	1
区政府	1	3
身处	1	2
若有	1	2
总数	1	2
其后	1	2
陈某	1	2
甲骨	1	2
凡事	1	2
入睡	1	2
管理工作	1	4
削弱	1	2
大夫	1	2
鹿晗	1	2
娱	1	1
跑车	1	2
散文	1	2
水电	1	2
近代	1	2
中共中央	1	4
仆	1	1
羁	1	1
乏力	1	2
娩	1	1
六大	1	2
马自达	1	3
之气	1	2
城里	1	2
走廊	1	2
预告	1	2
返校	1	2
泪水	1	2
瓷砖	1	2
菠菜	1	2
性强	1	2
延期	1	2
抽烟	1	2
报复	1	2
搁	1	1
全都	1	2
懿	1	1
货运	1	2
上证	1	2
候选	1	2
买卖合同	1	4
粽	1	1
与否	1	2
冉	1	1
不准	1	2
陕西省	1	3
呐	1	1
拿来	1	2
误解	1	2
礼貌	1	2
艺术品	1	3
缘故	1	2
牵头	1	2
达标	1	2
打扫	1	2
天涯	1	2
芋	1	1
绝大部分	1	4
幸福感	1	3
直言	1	2
山路	1	2
锅内	1	2
自卑	1	2
技术人员	1	4
探测	1	2
一经	1	2
召回	1	2
自私	1	2
论证	1	2
卖点	1	2
恩爱	1	2
早点	1	2
大专	1	2
服从	1	2
渤	1	1
供养	1	2
相爱	1	2
增进	1	2
主机	1	2
见识	1	2
更何况	1	3
入场	1	2
汉族	1	2
崇拜	1	2
盔	1	1
转为	1	2
悬浮	1	2
抵抗力	1	3
鳞	1	1
好消息	1	3
精美	1	2
结构性	1	3
芸	1	1
光灯	1	2
蠕	1	1
山顶	1	2
另有	1	2
新股	1	2
全线	1	2
相传	1	2
南通	1	2
势必	1	2
红灯	1	2
开后	1	2
招募	1	2
消防安全	1	4
下手	1	2
废物	1	2
张国	1	2
常规赛	1	3
少儿	1	2
泸	1	1
发货	1	2
做大	1	2
受人	1	2
推销	1	2
浇水	1	2
抽象	1	2
澎湃	1	2
少不了	1	3
下周	1	2
镁	1	1
既往	1	2
全长	1	2
挽回	1	2
眼部	1	2
环境保护	1	4
招牌	1	2
重庆市	1	3
阶层	1	2
乔丹	1	2
商贸	1	2
深情	1	2
不可思议	1	4
被害人	1	3
空头	1	2
与会	1	2
自尊	1	2
路过	1	2
魔术	1	2
博览会	1	3
爆竹	1	2
唐朝	1	2
法制	1	2
保时捷	1	3
高空	1	2
厂房	1	2
剁	1	1
河道	1	2
赛车	1	2
文人	1	2
十个	1	2
鼻炎	1	2
过剩	1	2
募集	1	2
巧妙	1	2
预案	1	2
夯	1	1
家常	1	2
束缚	1	2
呼吸道	1	3
潇洒	1	2
平板	1	2
母婴	1	2
海口	1	2
考证	1	2
钱财	1	2
轮廓	1	2
几千	1	2
管理人员	1	4
建设项目	1	4
遍布	1	2
公式	1	2
打法	1	2
走红	1	2
未知	1	2
世界各地	1	4
直播间	1	3
盘点	1	2
管理者	1	3
梅花	1	2
埃及	1	2
人居	1	2
陡	1	1
对付	1	2
晚期	1	2
脱颖	1	2
太极拳	1	3
有用	1	2
初始	1	2
航空公司	1	4
双鱼	1	2
防线	1	2
拉动	1	2
晓彤	1	2
正值	1	2
再见	1	2
美学	1	2
药业	1	2
传销	1	2
顺势	1	2
答复	1	2
奠定	1	2
最小	1	2
用法	1	2
绷	1	1
同胞	1	2
社团	1	2
受贿	1	2
平民	1	2
中东	1	2
下单	1	2
色素	1	2
乔治	1	2
隐形	1	2
诚意	1	2
滋养	1	2
喇叭	1	2
羽绒	1	2
做工	1	2
综艺节目	1	4
泄露	1	2
以防	1	2
后备	1	2
现如今	1	3
腋	1	1
纷纷表示	1	4
平日	1	2
哗	1	1
英超	1	2
初级	1	2
彩虹	1	2
豪门	1	2
几分钟	1	3
同等	1	2
尽情	1	2
长假	1	2
狄	1	1
红酒	1	2
坚信	1	2
祝愿	1	2
白癜	1	2
矫正	1	2
极了	1	2
乓	1	1
这样一来	1	4
减税	1	2
自贸	1	2
定律	1	2
煤矿	1	2
网贷	1	2
银河	1	2
潜艇	1	2
上场	1	2
迄	1	1
破碎	1	2
泰山	1	2
出差	1	2
抗氧化	1	3
墙上	1	2
表扬	1	2
嫉妒	1	2
编程	1	2
科创板	1	3
口服	1	2
哺乳	1	2
中路	1	2
明月	1	2
词汇	1	2
外来	1	2
活血	1	2
掩盖	1	2
执业	1	2
邢	1	1
晚年	1	2
桔	1	1
诚实	1	2
恰当	1	2
脑子	1	2
急需	1	2
肺癌	1	2
擅自	1	2
堰	1	1
总共	1	2
猴子	1	2
上赛季	1	3
祷	1	1
观望	1	2
编号	1	2
万股	1	2
互助	1	2
之作	1	2
试着	1	2
禁忌	1	2
脊柱	1	2
反之	1	2
关羽	1	2
贵阳	1	2
联合会	1	3
存量	1	2
重启	1	2
航线	1	2
戴着	1	2
力气	1	2
建于	1	2
放过	1	2
批判	1	2
路虎	1	2
五脏	1	2
新陈代谢	1	4
阿根	1	2
冻结	1	2
县长	1	2
前锋	1	2
用到	1	2
表态	1	2
六十	1	2
敌方	1	2
知晓	1	2
瓶颈	1	2
此处	1	2
送达	1	2
第二届	1	3
油烟	1	2
懵	1	1
拍戏	1	2
闻名	1	2
底蕴	1	2
主帅	1	2
大佬	1	2
睦	1	1
饵	1	1
新西兰	1	3
上前	1	2
清澈	1	2
查找	1	2
后市	1	2
自来	1	2
小学生	1	3
增量	1	2
零件	1	2
楂	1	1
监督管理	1	4
狭窄	1	2
二审	1	2
公共服务	1	4
普惠	1	2
去年同期	1	4
阿根廷	1	3
之大	1	2
新房	1	2
中信	1	2
修身	1	2
呼应	1	2
成龙	1	2
师资	1	2
酪	1	1
嘎	1	1
撇	1	1
一动	1	2
车厢	1	2
两会	1	2
陈述	1	2
松弛	1	2
江西省	1	3
起义	1	2
文创	1	2
八大	1	2
眸	1	1
有毒	1	2
下发	1	2
反转	1	2
废弃	1	2
颐	1	1
相声	1	2
打压	1	2
长途	1	2
投降	1	2
可不是	1	3
祛斑	1	2
执政	1	2
日系	1	2
布鲁	1	2
茵	1	1
盖上	1	2
乒乓	1	2
看电视	1	3
点位	1	2
因子	1	2
凭借着	1	3
心得	1	2
皮卡	1	2
车载	1	2
务实	1	2
苦难	1	2
应届	1	2
味精	1	2
所有权	1	3
实实在	1	3
吃苦	1	2
公安部	1	3
前置	1	2
向外	1	2
引用	1	2
坷	1	1
火力	1	2
过硬	1	2
毂	1	1
后人	1	2
化为	1	2
文革	1	2
肥料	1	2
不惜	1	2
大湾	1	2
邑	1	1
哼	1	1
务必	1	2
入围	1	2
特尔	1	2
诫	1	1
烟台	1	2
三千	1	2
周三	1	2
琅	1	1
税率	1	2
浪潮	1	2
约会	1	2
茄子	1	2
行星	1	2
狸	1	1
海底	1	2
克制	1	2
芹菜	1	2
操纵	1	2
绿地	1	2
洛杉	1	2
彩票	1	2
杀菌	1	2
本事	1	2
枉	1	1
挠	1	1
留守	1	2
实物	1	2
款项	1	2
磨损	1	2
胶原	1	2
男士	1	2
薏	1	1
豆瓣	1	2
豪车	1	2
真情	1	2
献血	1	2
譬如	1	2
水源	1	2
随身	1	2
大风	1	2
颁发	1	2
全日	1	2
商铺	1	2
赘	1	1
焯	1	1
火山	1	2
高山	1	2
展望	1	2
升值	1	2
男主	1	2
二战	1	2
疵	1	1
噩	1	1
办公厅	1	3
拓宽	1	2
无愧	1	2
作案	1	2
小人	1	2
三点	1	2
那一刻	1	3
工匠	1	2
权限	1	2
评委	1	2
洛杉矶	1	3
大妈	1	2
工信	1	2
瑞典	1	2
教研	1	2
葩	1	1
朱元	1	2
一说	1	2
音频	1	2
嘟	1	1
国道	1	2
山西省	1	3
鲤	1	1
杨紫	1	2
孕育	1	2
用餐	1	2
香油	1	2
中方	1	2
汉语	1	2
上限	1	2
赞助	1	2
检察机关	1	4
选秀	1	2
德里	1	2
有意思	1	3
上报	1	2
用量	1	2
迄今	1	2
上百	1	2
门户	1	2
市场化	1	3
订立	1	2
时时	1	2
测评	1	2
车速	1	2
更改	1	2
准则	1	2
红豆	1	2
油菜	1	2
家伙	1	2
见解	1	2
印花	1	2
华北	1	2
佛祖	1	2
电动汽车	1	4
列表	1	2
唤醒	1	2
通告	1	2
设想	1	2
僚	1	1
首付	1	2
特质	1	2
二氧化	1	3
跟进	1	2
抢劫	1	2
另一半	1	3
热议	1	2
莫过于	1	3
嗨	1	1
往事	1	2
学到	1	2
科幻	1	2
抑郁症	1	3
即时	1	2
樱桃	1	2
倒车	1	2
渺	1	1
良性	1	2
电量	1	2
往返	1	2
饭菜	1	2
鼓舞	1	2
朱元璋	1	3
这天	1	2
总冠军	1	3
天津市	1	3
分娩	1	2
小腿	1	2
农田	1	2
换代	1	2
出炉	1	2
高价	1	2
两周	1	2
住建	1	2
双重	1	2
尽早	1	2
阻挡	1	2
便民	1	2
集团公司	1	4
畸形	1	2
信誉	1	2
靶	1	1
牌照	1	2
一键	1	2
长三角	1	3
轮毂	1	2
宽敞	1	2
左边	1	2
蜗	1	1
大叔	1	2
工伤保险	1	4
之王	1	2
顺着	1	2
强悍	1	2
四是	1	2
着重	1	2
规避	1	2
注销	1	2
六年	1	2
徒步	1	2
路况	1	2
黄豆	1	2
擦拭	1	2
一万	1	2
异味	1	2
贴近	1	2
衰退	1	2
筛查	1	2
在职	1	2
家家	1	2
自制	1	2
止痛	1	2
周六	1	2
颊	1	1
高大	1	2
传祺	1	2
监委	1	2
妞	1	1
钧	1	1
见效	1	2
积水	1	2
战斗力	1	3
微信群	1	3
风貌	1	2
状元	1	2
金黄	1	2
市场需求	1	4
兔子	1	2
畅销	1	2
而易	1	2
育儿	1	2
限定	1	2
争吵	1	2
来不及	1	3
一对一	1	3
踝	1	1
科学技术	1	4
聂	1	1
魅族	1	2
行列	1	2
周二	1	2
尔多	1	2
出处	1	2
后天	1	2
开支	1	2
一所	1	2
酌	1	1
判定	1	2
舒适性	1	3
马桶	1	2
遗忘	1	2
直达	1	2
命名	1	2
实名	1	2
集群	1	2
上衣	1	2
焉	1	1
拂	1	1
教科	1	2
占地面积	1	4
包子	1	2
拌匀	1	2
棉花	1	2
脸色	1	2
北海	1	2
山楂	1	2
无不	1	2
乐队	1	2
除去	1	2
双腿	1	2
切尔	1	2
贮	1	1
一步步	1	3
花朵	1	2
一想	1	2
郝	1	1
税务总局	1	4
唐代	1	2
晚饭	1	2
起飞	1	2
赛后	1	2
直观	1	2
研判	1	2
前不久	1	3
鲜艳	1	2
环绕	1	2
车位	1	2
出锅	1	2
美股	1	2
曙	1	1
特长	1	2
辨识	1	2
热心	1	2
洗脸	1	2
牵引	1	2
保密	1	2
延缓	1	2
到时候	1	3
武则	1	2
煮熟	1	2
三百	1	2
万台	1	2
惠民	1	2
排气	1	2
供水	1	2
满分	1	2
克尔	1	2
坚果	1	2
绯	1	1
就近	1	2
降息	1	2
第二种	1	3
帷幕	1	2
基数	1	2
华盛	1	2
兢	1	1
衅	1	1
秃	1	1
参与者	1	3
礼包	1	2
场馆	1	2
内置	1	2
近年	1	2
上千	1	2
发光	1	2
率领	1	2
奇葩	1	2
骑行	1	2
以致	1	2
装配	1	2
聆听	1	2
肢体	1	2
迪士	1	2
有色	1	2
嗜	1	1
反抗	1	2
归纳	1	2
联系方式	1	4
分期	1	2
轼	1	1
国债	1	2
照射	1	2
矢	1	1
微波	1	2
贯通	1	2
发性	1	2
接纳	1	2
一类	1	2
价钱	1	2
大城市	1	3
车尾	1	2
心肌	1	2
锯	1	1
录像	1	2
传染病	1	3
而行	1	2
万名	1	2
两市	1	2
罗拉	1	2
妥协	1	2
公办	1	2
次于	1	2
两地	1	2
转动	1	2
硬盘	1	2
鞍	1	1
毁灭	1	2
溶液	1	2
经贸	1	2
梧	1	1
局局长	1	3
原则上	1	3
湘西	1	2
坎坷	1	2
组件	1	2
尸体	1	2
沉重	1	2
车牌	1	2
精度	1	2
扳	1	1
花样	1	2
酒后	1	2
肤色	1	2
避孕	1	2
迪士尼	1	3
上台	1	2
足协	1	2
紫色	1	2
瞄准	1	2
病房	1	2
膊	1	1
迟迟	1	2
不平	1	2
大雨	1	2
规章	1	2
切片	1	2
几何	1	2
稽	1	1
商圈	1	2
窗帘	1	2
合唱	1	2
承接	1	2
瘦身	1	2
漫步	1	2
置于	1	2
银行业	1	3
咽喉	1	2
为民	1	2
老爸	1	2
省内	1	2
冲刺	1	2
涕	1	1
买单	1	2
威廉	1	2
情愿	1	2
将要	1	2
医学院	1	3
拥挤	1	2
如其	1	2
首家	1	2
毋	1	1
汹	1	1
助手	1	2
酸性	1	2
滔	1	1
离去	1	2
庭审	1	2
个个	1	2
月光	1	2
经纪人	1	3
鲸	1	1
逛街	1	2
消炎	1	2
家协会	1	3
果汁	1	2
议论	1	2
围观	1	2
餐桌	1	2
威尔	1	2
丰富多彩	1	4
臀部	1	2
这部分	1	3
新颖	1	2
侄	1	1
长辈	1	2
起初	1	2
撩	1	1
往年	1	2
大肠	1	2
力求	1	2
关口	1	2
屋顶	1	2
乘用车	1	3
本市	1	2
换成	1	2
历代	1	2
前十	1	2
体外	1	2
冷空气	1	3
开出	1	2
油门	1	2
海水	1	2
梓	1	1
终极	1	2
吏	1	1
放学	1	2
梢	1	1
永不	1	2
廉政	1	2
羹	1	1
副本	1	2
一字	1	2
紧接着	1	3
穷人	1	2
三轮	1	2
现行	1	2
本着	1	2
该校	1	2
无论如何	1	4
炙	1	1
重磅	1	2
郁闷	1	2
帝王	1	2
日均	1	2
好不容易	1	4
专心	1	2
受不了	1	3
吃喝	1	2
绝不	1	2
悬架	1	2
原先	1	2
瘟	1	1
妇联	1	2
助听器	1	3
片段	1	2
综上	1	2
皮肤病	1	3
不好意思	1	4
伊拉克	1	3
奇瑞	1	2
纵横	1	2
婴幼儿	1	3
芙蓉	1	2
护照	1	2
开具	1	2
冷漠	1	2
天真	1	2
从来不	1	3
清代	1	2
哮喘	1	2
年终	1	2
网络安全	1	4
朝着	1	2
寄托	1	2
造车	1	2
票价	1	2
扭转	1	2
商用	1	2
已然	1	2
评级	1	2
提名	1	2
本领	1	2
争论	1	2
宜居	1	2
合规	1	2
砺	1	1
黑马	1	2
目前为止	1	4
橘子	1	2
洼	1	1
没关系	1	3
按压	1	2
阿拉伯	1	3
想念	1	2
慈禧	1	2
癫痫	1	2
修理	1	2
微量元素	1	4
徊	1	1
充值	1	2
角质	1	2
遇上	1	2
嘴唇	1	2
二十四	1	3
体能	1	2
蜘	1	1
过量	1	2
俗称	1	2
中海	1	2
共鸣	1	2
曦	1	1
褪	1	1
早起	1	2
篇章	1	2
调试	1	2
嫁给	1	2
县政府	1	3
脱颖而出	1	4
着眼	1	2
内有	1	2
大屏	1	2
大军	1	2
天王	1	2
万户	1	2
纸上	1	2
摆在	1	2
氟	1	1
公证	1	2
最长	1	2
保管	1	2
楼下	1	2
榜首	1	2
烤箱	1	2
出游	1	2
流泪	1	2
五月	1	2
独具	1	2
护肤品	1	3
预订	1	2
潜能	1	2
霄	1	1
推向	1	2
不时	1	2
湿润	1	2
清香	1	2
念佛	1	2
久之	1	2
窥	1	1
违纪	1	2
骆	1	1
吃货	1	2
阶段性	1	3
抄袭	1	2
略有	1	2
嗅	1	1
知情	1	2
节课	1	2
多达	1	2
持仓	1	2
纳米	1	2
细则	1	2
厥	1	1
投产	1	2
车头	1	2
包包	1	2
鲨	1	1
逍	1	1
溶解	1	2
愣	1	1
砌	1	1
名牌	1	2
麻醉	1	2
腰椎	1	2
填充	1	2
冕	1	1
低下	1	2
升降	1	2
颇为	1	2
赎	1	1
威力	1	2
内衣	1	2
蔚来	1	2
丨	1	1
划算	1	2
在生活中	1	4
咕	1	1
天秤	1	2
上榜	1	2
淌	1	1
随处	1	2
关节炎	1	3
开局	1	2
知己	1	2
纳斯	1	2
港元	1	2
配图	1	2
腹痛	1	2
郑爽	1	2
伪造	1	2
拙	1	1
无情	1	2
惬意	1	2
停放	1	2
纳德	1	2
恋人	1	2
显瘦	1	2
专业化	1	3
地里	1	2
瘫	1	1
转眼	1	2
胳	1	1
权重	1	2
穿衣	1	2
鄙	1	1
中国队	1	3
民事诉讼	1	4
管委会	1	3
战国	1	2
亲朋	1	2
理工大学	1	4
化疗	1	2
金融危机	1	4
天鹅	1	2
单价	1	2
眉毛	1	2
朔	1	1
绅	1	1
徘	1	1
为本	1	2
马克思主义	1	5
白癜风	1	3
时而	1	2
随手	1	2
典范	1	2
前排	1	2
七年	1	2
开来	1	2
挤压	1	2
放手	1	2
维斯	1	2
指导价	1	3
逃离	1	2
一站式	1	3
动人	1	2
营运	1	2
滨海	1	2
台北	1	2
埠	1	1
博弈	1	2
入市	1	2
团圆	1	2
佛陀	1	2
粤港澳	1	3
粉色	1	2
穿梭	1	2
海峡	1	2
新生儿	1	3
蜘蛛	1	2
绰	1	1
奔波	1	2
开头	1	2
请问	1	2
钢筋	1	2
备考	1	2
淡淡的	1	3
个子	1	2
选取	1	2
蓝牙	1	2
呗	1	1
爱护	1	2
极易	1	2
香菜	1	2
惰	1	1
本院	1	2
排卵	1	2
放射	1	2
救护	1	2
姥姥	1	2
党政	1	2
构筑	1	2
切入	1	2
趁着	1	2
倘若	1	2
单单	1	2
顺风	1	2
炒股	1	2
武汉市	1	3
徘徊	1	2
责任感	1	3
华侨	1	2
降幅	1	2
汶	1	1
骨质	1	2
近距离	1	3
冷藏	1	2
劈	1	1
旅程	1	2
脂肪酸	1	3
打磨	1	2
油画	1	2
自如	1	2
装扮	1	2
火焰	1	2
一圈	1	2
麻木	1	2
奋战	1	2
褚	1	1
蠕动	1	2
实实在在	1	4
出卖	1	2
地形	1	2
渲	1	1
点亮	1	2
火箭队	1	3
痹	1	1
非遗	1	2
高地	1	2
说完	1	2
北汽	1	2
初衷	1	2
视觉效果	1	4
等候	1	2
谍	1	1
终生	1	2
侵略	1	2
名师	1	2
药店	1	2
登山	1	2
间隙	1	2
性疾病	1	3
清明节	1	3
司法解释	1	4
平原	1	2
西洋	1	2
车祸	1	2
部落	1	2
元气	1	2
北上	1	2
默契	1	2
哉	1	1
高跟鞋	1	3
口岸	1	2
江淮	1	2
触发	1	2
公共卫生	1	4
趋于	1	2
打响	1	2
参会	1	2
李世	1	2
来电	1	2
油炸	1	2
旗帜	1	2
慈悲	1	2
突击	1	2
发生变化	1	4
崎	1	1
股民	1	2
降临	1	2
成都市	1	3
多半	1	2
通俗	1	2
外人	1	2
快船	1	2
独一	1	2
风景区	1	3
补水	1	2
慎重	1	2
伺	1	1
事事	1	2
查明	1	2
篆	1	1
十余	1	2
唠	1	1
套房	1	2
夕阳	1	2
妥善	1	2
不振	1	2
现已	1	2
直升机	1	3
金叉	1	2
布林	1	2
任命	1	2
杰伦	1	2
大笑	1	2
公诉	1	2
日照	1	2
不息	1	2
妆容	1	2
雍正	1	2
无敌	1	2
口中	1	2
千克	1	2
称作	1	2
生活习惯	1	4
身价	1	2
托管	1	2
厨师	1	2
主治	1	2
次日	1	2
山县	1	2
超标	1	2
当选	1	2
时速	1	2
数值	1	2
双脚	1	2
预示	1	2
宁愿	1	2
每到	1	2
你好	1	2
日渐	1	2
光电	1	2
影院	1	2
创伤	1	2
隐瞒	1	2
丽江	1	2
沐浴	1	2
拉伸	1	2
牌子	1	2
鼠标	1	2
心如	1	2
盒子	1	2
向来	1	2
兑现	1	2
心想	1	2
二等奖	1	3
衣柜	1	2
一出	1	2
容纳	1	2
民航	1	2
投身	1	2
墩	1	1
物种	1	2
各式	1	2
不定	1	2
外婆	1	2
战友	1	2
华盛顿	1	3
分歧	1	2
样本	1	2
十几年	1	3
第一种	1	3
出局	1	2
走来	1	2
万桶	1	2
医科	1	2
击杀	1	2
产地	1	2
手掌	1	2
名声	1	2
其一	1	2
尼奥	1	2
联系电话	1	4
寺庙	1	2
文体	1	2
患上	1	2
嫌弃	1	2
任性	1	2
右边	1	2
风机	1	2
村委会	1	3
少数民族	1	4
词语	1	2
不必要	1	3
扩建	1	2
全日制	1	3
这方面	1	3
仅次于	1	3
恰好	1	2
瑕疵	1	2
鞠	1	1
乳腺癌	1	3
收视	1	2
改动	1	2
伤病	1	2
回味	1	2
神圣	1	2
出战	1	2
综合性	1	3
长效	1	2
明知	1	2
行政处罚	1	4
大大的	1	3
焖	1	1
运会	1	2
窜	1	1
论述	1	2
不可避免	1	4
晋升	1	2
饥饿	1	2
逮捕	1	2
内脏	1	2
泡脚	1	2
烁	1	1
快要	1	2
武帝	1	2
木材	1	2
受害者	1	3
带队	1	2
阵营	1	2
求生	1	2
支柱	1	2
电台	1	2
遥远	1	2
通往	1	2
歌舞	1	2
校友	1	2
辆车	1	2
全球化	1	3
准入	1	2
冷冻	1	2
簿	1	1
过头	1	2
一辈	1	2
期刊	1	2
功课	1	2
展现出	1	3
保姆	1	2
医疗队	1	3
刷牙	1	2
保利	1	2
扫码	1	2
污水处理	1	4
京津冀	1	3
出击	1	2
索尼	1	2
机组	1	2
打包	1	2
饼干	1	2
肇事	1	2
博主	1	2
莱坞	1	2
本轮	1	2
金色	1	2
村干部	1	3
欣慰	1	2
链条	1	2
绮	1	1
海尔	1	2
甲骨文	1	3
海滩	1	2
购票	1	2
至关重要	1	4
标记	1	2
汇总	1	2
为宜	1	2
吃亏	1	2
格里	1	2
幢	1	1
组委会	1	3
双十	1	2
满意度	1	3
中断	1	2
实效	1	2
维奇	1	2
杰出	1	2
蝇	1	1
皓	1	1
全村	1	2
歧视	1	2
人行	1	2
互补	1	2
尾巴	1	2
耸	1	1
借钱	1	2
寒假	1	2
就让	1	2
励志	1	2
总面积	1	3
保证金	1	3
可视	1	2
缺席	1	2
骚扰	1	2
被子	1	2
魔法	1	2
加油站	1	3
二年	1	2
五百	1	2
演练	1	2
尽显	1	2
课外	1	2
不计	1	2
这话	1	2
射击	1	2
啃	1	1
免责	1	2
全局	1	2
物料	1	2
裴	1	1
奖学金	1	3
土豪	1	2
高分	1	2
汤匙	1	2
坦言	1	2
陆军	1	2
美术馆	1	3
不顺	1	2
多媒体	1	3
企图	1	2
麦克	1	2
本能	1	2
梦中	1	2
贪污	1	2
全域	1	2
考上	1	2
死刑	1	2
钝	1	1
投篮	1	2
插入	1	2
查阅	1	2
或缺	1	2
随地	1	2
发言人	1	3
急于	1	2
工序	1	2
保洁	1	2
骨折	1	2
总的来说	1	4
调和	1	2
就是说	1	3
意境	1	2
氧气	1	2
好后	1	2
如期	1	2
马刺	1	2
演示	1	2
固定资产	1	4
间断	1	2
去过	1	2
对外开放	1	4
工作日	1	3
电线	1	2
禁区	1	2
格力	1	2
光学	1	2
听听	1	2
路由	1	2
最少	1	2
高等教育	1	4
三峡	1	2
盐水	1	2
辜负	1	2
紫外线	1	3
槐	1	1
血栓	1	2
千米	1	2
貌似	1	2
营业执照	1	4
沧桑	1	2
节气	1	2
独有	1	2
旅游业	1	3
屏障	1	2
领军	1	2
抗生素	1	3
海域	1	2
劳累	1	2
契合	1	2
夯实	1	2
分级	1	2
侥	1	1
充沛	1	2
摧毁	1	2
外语	1	2
我院	1	2
沸腾	1	2
陈列	1	2
干活	1	2
烦躁	1	2
房租	1	2
配有	1	2
决胜	1	2
新闻网	1	3
手续费	1	3
精髓	1	2
辛辣	1	2
始皇	1	2
一听	1	2
咀	1	1
持平	1	2
指控	1	2
女方	1	2
停电	1	2
脚踏	1	2
科院	1	2
自然资源	1	4
渲染	1	2
打架	1	2
树林	1	2
弥漫	1	2
焙	1	1
备注	1	2
服务员	1	3
此举	1	2
据此	1	2
保护区	1	3
拧	1	1
保值	1	2
开会	1	2
名家	1	2
各省	1	2
容忍	1	2
干嘛	1	2
东路	1	2
侥幸	1	2
内科	1	2
手册	1	2
奋力	1	2
侮	1	1
老妈	1	2
保健品	1	3
奥特	1	2
储蓄	1	2
执法人员	1	4
千玺	1	2
丰胸	1	2
上火	1	2
元宵	1	2
添加剂	1	3
有的是	1	3
淄	1	1
产业化	1	3
逐年	1	2
现金流	1	3
热衷	1	2
复活	1	2
背面	1	2
洪水	1	2
回想	1	2
胡椒粉	1	3
眼看	1	2
柑	1	1
张艺	1	2
写下	1	2
自拍	1	2
领悟	1	2
通话	1	2
暴涨	1	2
驱逐	1	2
人参	1	2
半月	1	2
驾照	1	2
坯	1	1
窗外	1	2
黄花	1	2
迫切	1	2
护栏	1	2
蒸汽	1	2
谈恋爱	1	3
我妈	1	2
前辈	1	2
细化	1	2
下达	1	2
同仁	1	2
家庭教育	1	4
嘲笑	1	2
处方	1	2
渭	1	1
主教练	1	3
胳膊	1	2
癌细胞	1	3
枕头	1	2
水稻	1	2
编剧	1	2
通知书	1	3
海边	1	2
完后	1	2
赛中	1	2
亚太	1	2
副会长	1	3
更显	1	2
项羽	1	2
莽	1	1
课本	1	2
句子	1	2
谢娜	1	2
奈何	1	2
党组书记	1	4
中途	1	2
小便	1	2
手套	1	2
况且	1	2
婪	1	1
汉字	1	2
铝合金	1	3
挑剔	1	2
名利	1	2
两点	1	2
转弯	1	2
黏膜	1	2
树叶	1	2
处女座	1	3
医务人员	1	4
身子	1	2
医疗器械	1	4
洁净	1	2
便利店	1	3
发售	1	2
核酸	1	2
浦东	1	2
慑	1	1
名誉	1	2
酚	1	1
世俗	1	2
布朗	1	2
一再	1	2
党内	1	2
公顷	1	2
其所	1	2
本金	1	2
制止	1	2
春夏	1	2
洗衣机	1	3
海带	1	2
徐州	1	2
纠缠	1	2
过早	1	2
看清	1	2
草案	1	2
曲折	1	2
烟花爆竹	1	4
不俗	1	2
迷失	1	2
无量	1	2
变换	1	2
欺诈	1	2
综合体	1	3
内膜	1	2
其间	1	2
施肥	1	2
腰线	1	2
日夜	1	2
回暖	1	2
记忆力	1	3
谛	1	1
二胎	1	2
抬起	1	2
上身	1	2
二十年	1	3
失落	1	2
恢复正常	1	4
立方米	1	3
规范化	1	3
超高	1	2
供需	1	2
婚纱照	1	3
老旧	1	2
发达国家	1	4
张家界	1	3
我来	1	2
布斯	1	2
收紧	1	2
视镜	1	2
鲜肉	1	2
运动会	1	3
老太太	1	3
游乐	1	2
雪山	1	2
挂钩	1	2
拖延	1	2
有何	1	2
洋溢	1	2
前所未有	1	4
作息	1	2
贪婪	1	2
吉林省	1	3
站位	1	2
麻辣	1	2
安宁	1	2
放宽	1	2
拉着	1	2
之势	1	2
带货	1	2
背离	1	2
午后	1	2
切记	1	2
拖欠	1	2
戒指	1	2
桂园	1	2
物业管理	1	4
掺	1	1
歌词	1	2
掐	1	1
僻	1	1
团战	1	2
亮眼	1	2
吕布	1	2
食疗	1	2
愿景	1	2
定为	1	2
痊	1	1
失信	1	2
涉黑	1	2
躲避	1	2
抵制	1	2
好玩	1	2
悲观	1	2
一见	1	2
有心	1	2
远处	1	2
提振	1	2
社群	1	2
吸取	1	2
南路	1	2
才行	1	2
百花	1	2
三分球	1	3
洽谈	1	2
事迹	1	2
气囊	1	2
相对来说	1	4
房东	1	2
小哥	1	2
高额	1	2
管家	1	2
发声	1	2
长征	1	2
西路	1	2
取胜	1	2
何必	1	2
工程建设	1	4
车队	1	2
五六	1	2
下图	1	2
观测	1	2
嬉	1	1
国旗	1	2
回首	1	2
赶上	1	2
甘肃省	1	3
提案	1	2
杭州市	1	3
汀	1	1
打动	1	2
简化	1	2
闲置	1	2
哭泣	1	2
唾	1	1
普京	1	2
中兴	1	2
集资	1	2
中风	1	2
做生意	1	3
出名	1	2
千古	1	2
蕴含	1	2
恺	1	1
换挡	1	2
不忍	1	2
清扫	1	2
更多人	1	3
无常	1	2
救灾	1	2
檐	1	1
我校	1	2
举例	1	2
一时间	1	3
时任	1	2
小巷	1	2
乌鲁	1	2
飞行员	1	3
为首	1	2
下巴	1	2
火花	1	2
烟草	1	2
在建	1	2
开封	1	2
变现	1	2
军工	1	2
填补	1	2
格尔	1	2
敬畏	1	2
城堡	1	2
朽	1	1
报送	1	2
录用	1	2
无名	1	2
展厅	1	2
专职	1	2
降水	1	2
瀚	1	1
父子	1	2
韵味	1	2
省钱	1	2
发财	1	2
炳	1	1
时分	1	2
履职	1	2
外国人	1	3
明代	1	2
导入	1	2
关键时刻	1	4
晓明	1	2
辨别	1	2
积蓄	1	2
勤劳	1	2
繁忙	1	2
听过	1	2
进驻	1	2
超声	1	2
珀	1	1
售后服务	1	4
全力以赴	1	4
地利	1	2
这篇	1	2
十万	1	2
聘请	1	2
亲手	1	2
启示	1	2
出动	1	2
小女孩	1	3
美德	1	2
劣势	1	2
领略	1	2
苦恼	1	2
荣威	1	2
印尼	1	2
网购	1	2
明日	1	2
打入	1	2
刘德华	1	3
伊斯	1	2
痛经	1	2
绯闻	1	2
置疑	1	2
抓手	1	2
驳回	1	2
大同	1	2
吸附	1	2
精密	1	2
经开	1	2
华尔	1	2
高新	1	2
金币	1	2
口径	1	2
吃药	1	2
睫毛	1	2
甘草	1	2
三分之一	1	4
韬	1	1
约合	1	2
实用性	1	3
征程	1	2
国资	1	2
周转	1	2
悬崖	1	2
佟	1	1
冲锋	1	2
现阶段	1	3
炫耀	1	2
武则天	1	3
全文	1	2
仪表盘	1	3
潍坊	1	2
莱斯	1	2
平整	1	2
乐于	1	2
宣称	1	2
性生活	1	3
金牛座	1	3
锣	1	1
交汇	1	2
书院	1	2
不可或缺	1	4
沿途	1	2
凯迪	1	2
勃勃	1	2
断裂	1	2
患儿	1	2
预备	1	2
以待	1	2
简易	1	2
比利	1	2
白领	1	2
转速	1	2
借款人	1	3
植入	1	2
道路交通	1	4
四方	1	2
出路	1	2
精子	1	2
迎合	1	2
到家	1	2
空腹	1	2
维亚	1	2
返乡	1	2
非常适合	1	4
皇上	1	2
孤单	1	2
课堂教学	1	4
惊叹	1	2
臻	1	1
食指	1	2
何种	1	2
支行	1	2
宽高	1	2
无知	1	2
试行	1	2
留住	1	2
贵州省	1	3
支架	1	2
切忌	1	2
胰岛素	1	3
台词	1	2
同心	1	2
女演员	1	3
爆款	1	2
荷叶	1	2
庄严	1	2
悲哀	1	2
休假	1	2
高贵	1	2
传授	1	2
共同努力	1	4
资本主义	1	4
网约	1	2
痊愈	1	2
真空	1	2
配料	1	2
启用	1	2
蒸发	1	2
退还	1	2
增高	1	2
中南	1	2
管理系统	1	4
寇	1	1
历时	1	2
可想而知	1	4
在场	1	2
连带	1	2
螃	1	1
方可	1	2
内侧	1	2
碧桂园	1	3
碳水	1	2
卫健	1	2
净水	1	2
号牌	1	2
为啥	1	2
十月	1	2
整容	1	2
算了	1	2
一如既往	1	4
石榴	1	2
忧伤	1	2
直属	1	2
创下	1	2
条纹	1	2
亲友	1	2
空气质量	1	4
斐	1	1
停产	1	2
宠爱	1	2
纪检监察	1	4
封信	1	2
嘉兴	1	2
拦截	1	2
调剂	1	2
村落	1	2
刚需	1	2
减退	1	2
临沂	1	2
易于	1	2
交通工具	1	4
隔壁	1	2
洞察	1	2
后代	1	2
意想不到	1	4
生鲜	1	2
降到	1	2
螃蟹	1	2
收割	1	2
炸弹	1	2
大姐	1	2
重回	1	2
三条	1	2
复出	1	2
皮质	1	2
打个	1	2
卡通	1	2
鹊	1	1
界限	1	2
离家	1	2
数千	1	2
排便	1	2
闫	1	1
已达	1	2
大牌	1	2
老爷	1	2
往后	1	2
相比之下	1	4
狠狠	1	2
当局	1	2
该股	1	2
尼尔	1	2
东海	1	2
好不好	1	3
尽致	1	2
理科	1	2
谈谈	1	2
宅基地	1	3
传导	1	2
湖泊	1	2
一分钟	1	3
这儿	1	2
上单	1	2
布拉	1	2
秦始皇	1	3
住户	1	2
两面	1	2
星空	1	2
从业人员	1	4
天花	1	2
吸毒	1	2
连连	1	2
稀缺	1	2
森林公园	1	4
一中	1	2
黄油	1	2
缅甸	1	2
日出	1	2
酒驾	1	2
野外	1	2
海绵	1	2
狙	1	1
聊聊	1	2
商学院	1	3
集结	1	2
批复	1	2
私家	1	2
蜕	1	1
奢侈品	1	3
一加	1	2
明确规定	1	4
飙升	1	2
凿	1	1
建档	1	2
较差	1	2
摄取	1	2
一侧	1	2
怀着	1	2
客流	1	2
针织	1	2
考量	1	2
锅炉	1	2
孕妈	1	2
州区	1	2
后勤	1	2
排斥	1	2
仅供参考	1	4
光芒	1	2
豪宅	1	2
阎	1	1
利物	1	2
一口气	1	3
痣	1	1
较长	1	2
怯	1	1
所欲	1	2
木齐	1	2
酸盐	1	2
哒	1	1
店面	1	2
防空	1	2
绍兴	1	2
胃口	1	2
安定	1	2
绑定	1	2
一瓶	1	2
时隔	1	2
姗	1	1
豚	1	1
打球	1	2
纵观	1	2
滚滚	1	2
政协委员	1	4
碘	1	1
原地	1	2
步步	1	2
岩石	1	2
羽绒服	1	3
帧	1	1
常德	1	2
三季度	1	3
置身	1	2
年薪	1	2
开发者	1	3
高标准	1	3
结晶	1	2
茫茫	1	2
乌鲁木齐	1	4
下一代	1	3
并不多	1	3
产出	1	2
排量	1	2
学区	1	2
波兰	1	2
受众	1	2
市中心	1	3
明清	1	2
执教	1	2
晚报	1	2
廉洁	1	2
出土	1	2
四月	1	2
扫地	1	2
安保	1	2
问责	1	2
攻坚战	1	3
过长	1	2
抵御	1	2
野心	1	2
扰乱	1	2
龙头企业	1	4
认购	1	2
女主角	1	3
出示	1	2
雷克萨斯	1	4
变迁	1	2
切勿	1	2
敬请	1	2
摘要	1	2
开办	1	2
冬瓜	1	2
自已	1	2
提速	1	2
杆菌	1	2
被执行人	1	4
陇	1	1
再现	1	2
跋	1	1
久而久之	1	4
印证	1	2
麻将	1	2
旗舰店	1	3
口头	1	2
章程	1	2
柏林	1	2
何处	1	2
换个	1	2
奇特	1	2
知识点	1	3
牵挂	1	2
解散	1	2
猕	1	1
微创	1	2
伸出	1	2
早盘	1	2
上港	1	2
疚	1	1
口红	1	2
盎司	1	2
人头	1	2
后视镜	1	3
柬	1	1
二字	1	2
借此	1	2
凯尔特	1	3
悄然	1	2
失踪	1	2
液压	1	2
收敛	1	2
我用	1	2
汲	1	1
增持	1	2
考场	1	2
置换	1	2
八个	1	2
冠心病	1	3
不在乎	1	3
一角	1	2
孝顺	1	2
手持	1	2
悠悠	1	2
庭院	1	2
演戏	1	2
汇集	1	2
赢家	1	2
柏芝	1	2
流域	1	2
写出	1	2
不死	1	2
违约金	1	3
打底	1	2
医用	1	2
深耕	1	2
囤	1	1
第二百	1	3
人脸	1	2
牵手	1	2
阮	1	1
苓	1	1
造价	1	2
娴	1	1
赞赏	1	2
爵士	1	2
重返	1	2
报表	1	2
鲜美	1	2
逐一	1	2
菜品	1	2
痔疮	1	2
乐器	1	2
淋漓尽致	1	4
之称	1	2
容积	1	2
猕猴	1	2
芥	1	1
今生	1	2
林志	1	2
抽奖	1	2
滋补	1	2
撞击	1	2
污染物	1	3
白发	1	2
获胜	1	2
情人节	1	3
品位	1	2
星驰	1	2
亚军	1	2
女性朋友	1	4
利物浦	1	3
大棚	1	2
主编	1	2
技术创新	1	4
偏离	1	2
乒乓球	1	3
怼	1	1
蚝	1	1
勾勒	1	2
面目	1	2
烊	1	1
黄帝	1	2
梦境	1	2
剥夺	1	2
体型	1	2
营养价值	1	4
下肢	1	2
主线	1	2
照样	1	2
盛典	1	2
现实生活	1	4
承租	1	2
敏锐	1	2
准时	1	2
大神	1	2
湘潭	1	2
一斤	1	2
湿气	1	2
转入	1	2
片刻	1	2
诺贝尔	1	3
下垂	1	2
克拉	1	2
猛龙	1	2
滋生	1	2
市委书记	1	4
刘诗	1	2
传言	1	2
沉稳	1	2
憧	1	1
后置	1	2
分区	1	2
高龄	1	2
被困	1	2
华中	1	2
上诉人	1	3
阳线	1	2
神器	1	2
大树	1	2
稳固	1	2
襟	1	1
个人所得税	1	5
功劳	1	2
盛世	1	2
醉酒	1	2
龙湖	1	2
拣	1	1
预定	1	2
关晓彤	1	3
嵩	1	1
车窗	1	2
手表	1	2
被盗	1	2
又名	1	2
卵管	1	2
痛风	1	2
雏	1	1
试驾	1	2
全明星	1	3
卡片	1	2
假冒	1	2
熟知	1	2
灭亡	1	2
舌头	1	2
咧	1	1
曾国	1	2
几句	1	2
卡车	1	2
跟上	1	2
巴马	1	2
装箱	1	2
升温	1	2
牙膏	1	2
不足以	1	3
荷花	1	2
灾区	1	2
憬	1	1
躬	1	1
网吧	1	2
洗涤	1	2
疏松	1	2
售卖	1	2
增长率	1	3
韩信	1	2
衬托	1	2
搞定	1	2
地段	1	2
经济学家	1	4
犯规	1	2
急诊	1	2
骗取	1	2
感触	1	2
首页	1	2
鱼肉	1	2
特产	1	2
输卵管	1	3
参演	1	2
丰满	1	2
寒冬	1	2
暑期	1	2
张大	1	2
店内	1	2
医疗卫生	1	4
烙	1	1
黄山	1	2
古今	1	2
一枚	1	2
方形	1	2
汾	1	1
擀	1	1
私下	1	2
市盈	1	2
诉讼请求	1	4
听课	1	2
从头	1	2
海淀	1	2
五星	1	2
背叛	1	2
拽	1	1
设法	1	2
毫克	1	2
统计局	1	3
监局	1	2
代表大会	1	4
一门	1	2
以求	1	2
打拼	1	2
造假	1	2
样板	1	2
征信	1	2
如实	1	2
粟	1	1
收录	1	2
失控	1	2
沉迷	1	2
震动	1	2
摸索	1	2
始于	1	2
移送	1	2
出席会议	1	4
家装	1	2
最先	1	2
低保	1	2
河水	1	2
电影节	1	3
报案	1	2
乍	1	1
周日	1	2
濒	1	1
不乏	1	2
病菌	1	2
琉	1	1
督察	1	2
周星驰	1	3
售楼	1	2
潜水	1	2
稀释	1	2
理所	1	2
泥土	1	2
颅	1	1
纪念馆	1	3
到场	1	2
病患者	1	3
滑动	1	2
胡歌	1	2
再审	1	2
争执	1	2
庆幸	1	2
低碳	1	2
必有	1	2
金融市场	1	4
朦	1	1
搜集	1	2
投影	1	2
操盘	1	2
同龄	1	2
可行	1	2
额头	1	2
就餐	1	2
紧凑型	1	3
津贴	1	2
谎言	1	2
开除	1	2
报废	1	2
益气	1	2
千瓦	1	2
冲泡	1	2
剂量	1	2
舍得	1	2
开场	1	2
无所谓	1	3
统统	1	2
招收	1	2
苏轼	1	2
璨	1	1
公共场所	1	4
安市	1	2
转运	1	2
剧场	1	2
光源	1	2
对人	1	2
超大	1	2
探险	1	2
诡	1	1
当当	1	2
重要讲话	1	4
伸手	1	2
狐狸	1	2
保定	1	2
首饰	1	2
这下	1	2
外媒	1	2
囚	1	1
矿业	1	2
拳头	1	2
男方	1	2
言行	1	2
拼接	1	2
国有企业	1	4
医科大学	1	4
假装	1	2
星球	1	2
兼容	1	2
地理位置	1	4
向东	1	2
红楼	1	2
社会各界	1	4
衰竭	1	2
和睦	1	2
分管	1	2
送往	1	2
疑难	1	2
对策	1	2
选中	1	2
振动	1	2
美洲	1	2
测算	1	2
核算	1	2
跨国	1	2
生前	1	2
坚固	1	2
燃放	1	2
可靠性	1	3
歹	1	1
总计	1	2
漳	1	1
残忍	1	2
魔鬼	1	2
砂糖	1	2
化名	1	2
行政部门	1	4
妨碍	1	2
一堆	1	2
性情	1	2
指望	1	2
轻重	1	2
通畅	1	2
家住	1	2
男神	1	2
找回	1	2
体贴	1	2
掷	1	1
对决	1	2
胧	1	1
打车	1	2
养颜	1	2
征求意见	1	4
憧憬	1	2
全员	1	2
美满	1	2
恬	1	1
短发	1	2
杯子	1	2
小花	1	2
莫斯科	1	3
背着	1	2
受访	1	2
较量	1	2
欣喜	1	2
五彩	1	2
提议	1	2
给付	1	2
领导者	1	3
之多	1	2
张扬	1	2
复旦	1	2
万分	1	2
光照	1	2
投稿	1	2
包皮	1	2
根基	1	2
英特尔	1	3
街区	1	2
滥用	1	2
动车	1	2
富士	1	2
中式	1	2
周杰伦	1	3
辩论	1	2
误会	1	2
哪家	1	2
实例	1	2
汤汁	1	2
名列	1	2
买进	1	2
大宗	1	2
高尚	1	2
率高	1	2
揭示	1	2
购物中心	1	4
中控台	1	3
除夕	1	2
每隔	1	2
金星	1	2
未婚	1	2
大都	1	2
颁布	1	2
该村	1	2
苦瓜	1	2
纪录片	1	3
出不穷	1	3
迅猛	1	2
胶原蛋白	1	4
厚重	1	2
福德	1	2
多样化	1	3
逃生	1	2
动荡	1	2
挛	1	1
高性能	1	3
富人	1	2
中标	1	2
整顿	1	2
融化	1	2
问道	1	2
净土	1	2
挂号	1	2
轴承	1	2
相较	1	2
关门	1	2
反省	1	2
复试	1	2
青团	1	2
排泄	1	2
妇产	1	2
化身	1	2
机电	1	2
文档	1	2
早年	1	2
另行	1	2
迷信	1	2
内线	1	2
手下	1	2
引来	1	2
画画	1	2
碱性	1	2
喜庆	1	2
函数	1	2
处以	1	2
随心	1	2
严格执行	1	4
响起	1	2
弱点	1	2
必不可少	1	4
璀	1	1
急剧	1	2
武磊	1	2
杨某	1	2
通关	1	2
花草	1	2
学习成绩	1	4
层出不穷	1	4
氨酸	1	2
安娜	1	2
半决赛	1	3
学前	1	2
灵敏	1	2
分支	1	2
闪电	1	2
菠萝	1	2
班长	1	2
活在	1	2
专案	1	2
转基因	1	3
亲身	1	2
翻身	1	2
不法	1	2
溢价	1	2
毛发	1	2
胸怀	1	2
食品药品	1	4
多地	1	2
理赔	1	2
眼下	1	2
新政	1	2
会同	1	2
并用	1	2
计时	1	2
光大	1	2
巴克	1	2
一次次	1	3
催化	1	2
画像	1	2
抓捕	1	2
年会	1	2
过户	1	2
十里	1	2
每晚	1	2
自强	1	2
阵雨	1	2
最能	1	2
缝隙	1	2
元年	1	2
手足	1	2
音箱	1	2
乡亲	1	2
犹太	1	2
初次	1	2
时不时	1	3
百搭	1	2
瞪	1	1
七个	1	2
雪花	1	2
祖先	1	2
五四	1	2
婿	1	1
武功	1	2
刺客	1	2
好莱坞	1	3
针灸	1	2
褶	1	1
钰	1	1
起身	1	2
三家	1	2
英格兰	1	3
不解	1	2
心头	1	2
晏	1	1
干警	1	2
天文	1	2
修剪	1	2
差异化	1	3
不理	1	2
课后	1	2
迁移	1	2
团购	1	2
老头	1	2
公子	1	2
想来	1	2
生子	1	2
锥	1	1
李嘉	1	2
辛勤	1	2
车轮	1	2
心跳	1	2
搜狐	1	2
笑脸	1	2
过节	1	2
热潮	1	2
油漆	1	2
天蝎座	1	3
噬	1	1
自来水	1	3
心仪	1	2
腮	1	1
辽宁省	1	3
酸痛	1	2
备战	1	2
尽头	1	2
押金	1	2
鳄	1	1
评定	1	2
对立	1	2
得名	1	2
撰写	1	2
点到	1	2
相近	1	2
郑州市	1	3
主食	1	2
排位	1	2
语气	1	2
上司	1	2
王牌	1	2
唉	1	1
编织	1	2
赞同	1	2
忽悠	1	2
琢磨	1	2
搜索引擎	1	4
人大代表	1	4
当归	1	2
展出	1	2
飞扬	1	2
大病	1	2
坚韧	1	2
八年	1	2
开采	1	2
老龄	1	2
笑声	1	2
上加	1	2
总值	1	2
分会	1	2
坏事	1	2
取暖	1	2
抗议	1	2
瘦肉	1	2
龈	1	1
封面	1	2
澄清	1	2
一并	1	2
大兴	1	2
时间段	1	3
洋洋	1	2
没收	1	2
金字	1	2
花果	1	2
鸡汤	1	2
之星	1	2
深远	1	2
吸纳	1	2
出厂	1	2
开庭	1	2
药材	1	2
旅途	1	2
翼翼	1	2
首创	1	2
华尔街	1	3
糜	1	1
处境	1	2
辫	1	1
山村	1	2
太小	1	2
查获	1	2
滕	1	1
价款	1	2
试卷	1	2
葡萄牙	1	3
病理	1	2
领跑	1	2
源源	1	2
耳鸣	1	2
壮观	1	2
剃	1	1
北宋	1	2
群里	1	2
迷惑	1	2
隔音	1	2
遥控	1	2
死者	1	2
跌停	1	2
储物	1	2
簧	1	1
扎根	1	2
大力发展	1	4
每股	1	2
各家	1	2
北斗	1	2
端正	1	2
爱尔	1	2
进门	1	2
入党	1	2
对称	1	2
品格	1	2
光彩	1	2
充当	1	2
阵阵	1	2
恭喜	1	2
波浪	1	2
偏好	1	2
一世	1	2
之分	1	2
工信部	1	3
凯迪拉克	1	4
癣	1	1
瞳	1	1
染色	1	2
恕	1	1
中国移动	1	4
戴上	1	2
可知	1	2
流向	1	2
匠心	1	2
不确定性	1	4
同伴	1	2
服务商	1	3
替换	1	2
霸道	1	2
经期	1	2
我爱你	1	3
单调	1	2
全网	1	2
峨	1	1
疏导	1	2
不失	1	2
停车位	1	3
正宗	1	2
徒弟	1	2
侮辱	1	2
高水平	1	3
三代	1	2
戏曲	1	2
蔗	1	1
抢断	1	2
滚动	1	2
控制系统	1	4
鉴别	1	2
文科	1	2
黑恶势力	1	4
种族	1	2
刻苦	1	2
大体	1	2
多点	1	2
近乎	1	2
领土	1	2
兰达	1	2
兵团	1	2
扭曲	1	2
直销	1	2
庇	1	1
爆出	1	2
胞胎	1	2
金华	1	2
服药	1	2
百里	1	2
莲子	1	2
俪	1	1
花香	1	2
死去	1	2
粪便	1	2
器件	1	2
止咳	1	2
毗	1	1
越发	1	2
鹃	1	1
书房	1	2
小狗	1	2
货架	1	2
实木	1	2
看作	1	2
绝佳	1	2
心愿	1	2
绿水	1	2
水温	1	2
固体	1	2
纯洁	1	2
接送	1	2
换句话说	1	4
具体情况	1	4
亲朋好友	1	4
至上	1	2
植株	1	2
璀璨	1	2
主干	1	2
秒杀	1	2
旺季	1	2
辗	1	1
表决	1	2
快手	1	2
操作系统	1	4
高高	1	2
肝炎	1	2
量身	1	2
深层	1	2
祝贺	1	2
愚蠢	1	2
稣	1	1
通透	1	2
订阅	1	2
昔日	1	2
之夜	1	2
阳性	1	2
滇	1	1
硬币	1	2
出新	1	2
常说	1	2
正气	1	2
尽量避免	1	4
垦	1	1
驾乘	1	2
代理人	1	3
葱花	1	2
分校	1	2
启蒙	1	2
结尾	1	2
预热	1	2
长期以来	1	4
杰克	1	2
上山	1	2
面对面	1	3
塔尔	1	2
郭德	1	2
倒闭	1	2
圣地	1	2
一棵	1	2
花海	1	2
上班族	1	3
钛	1	1
中国女排	1	4
访谈	1	2
铺设	1	2
肚脐	1	2
一朵	1	2
味甘	1	2
毛利率	1	3
私有	1	2
建华	1	2
吃饱	1	2
模板	1	2
七月	1	2
长生	1	2
礼服	1	2
稳重	1	2
军团	1	2
不经意	1	3
电视机	1	3
踏上	1	2
港股	1	2
人来	1	2
沮	1	1
素有	1	2
网联	1	2
主板	1	2
瓷器	1	2
买买	1	2
株洲	1	2
大巴	1	2
无偿	1	2
格格	1	2
王菲	1	2
审视	1	2
不全	1	2
专卖	1	2
推崇	1	2
回馈	1	2
赞叹	1	2
开店	1	2
万能	1	2
限额	1	2
罗汉	1	2
健身房	1	3
驻村	1	2
缤纷	1	2
做强	1	2
佳节	1	2
相思	1	2
细微	1	2
秧	1	1
自学	1	2
低估	1	2
干事	1	2
张柏芝	1	3
火烧	1	2
善意	1	2
廉价	1	2
过失	1	2
浮躁	1	2
西安市	1	3
枯燥	1	2
养分	1	2
中线	1	2
木兰	1	2
教育厅	1	3
殊不知	1	3
民用	1	2
肠癌	1	2
女明星	1	3
长线	1	2
安居	1	2
除湿机	1	3
检修	1	2
智能家居	1	4
序幕	1	2
叙述	1	2
不育	1	2
看望	1	2
周刊	1	2
主意	1	2
创投	1	2
斯基	1	2
心脑血管	1	4
暖气	1	2
培训班	1	3
南非	1	2
层次感	1	3
硒	1	1
拍打	1	2
二楼	1	2
辙	1	1
噢	1	1
斯顿	1	2
归还	1	2
最大化	1	3
丝绸之路	1	4
一脚	1	2
上当	1	2
年头	1	2
流淌	1	2
耶稣	1	2
引流	1	2
杀害	1	2
越来越少	1	4
谦虚	1	2
分数线	1	3
敦煌	1	2
主办方	1	3
眨	1	1
亿万	1	2
责编	1	2
落叶	1	2
阴线	1	2
车顶	1	2
红茶	1	2
升学	1	2
存活	1	2
矩阵	1	2
消化不良	1	4
好久	1	2
根部	1	2
察觉	1	2
舒缓	1	2
熊市	1	2
显卡	1	2
杂质	1	2
拜访	1	2
公元前	1	3
泉州	1	2
老是	1	2
患处	1	2
姚明	1	2
雇佣	1	2
黯	1	1
清偿	1	2
升华	1	2
紧迫	1	2
帅哥	1	2
猝	1	1
冬奥	1	2
巡察	1	2
掩饰	1	2
羲	1	1
四面	1	2
国家税务总局	1	6
坐标	1	2
典雅	1	2
综合征	1	3
雅阁	1	2
抢占	1	2
好象	1	2
城县	1	2
孔雀	1	2
动静	1	2
高楼	1	2
风筝	1	2
反响	1	2
反过来	1	3
儒家	1	2
率达	1	2
截然	1	2
出品	1	2
常有	1	2
牛皮	1	2
幕后	1	2
小子	1	2
睾	1	1
点头	1	2
飞速	1	2
逃跑	1	2
中场	1	2
光辉	1	2
客房	1	2
停下来	1	3
伪装	1	2
不合理	1	3
表格	1	2
暖心	1	2
桌面	1	2
一则	1	2
膝关节	1	3
缭	1	1
字体	1	2
背影	1	2
政府部门	1	4
证人	1	2
棺	1	1
引资	1	2
抗拒	1	2
三板	1	2
美化	1	2
推理	1	2
首歌	1	2
丐	1	1
舜	1	1
立卡	1	2
追随	1	2
糖果	1	2
来袭	1	2
有名	1	2
饮品	1	2
泌尿	1	2
小雨	1	2
长发	1	2
供热	1	2
检疫	1	2
朗诵	1	2
狮子座	1	3
妾	1	1
自发	1	2
第十二	1	3
净值	1	2
奋进	1	2
浏览器	1	3
猩	1	1
定金	1	2
红花	1	2
初恋	1	2
学士	1	2
点滴	1	2
制订	1	2
推测	1	2
品德	1	2
吃点	1	2
簇	1	1
中性	1	2
管理制度	1	4
开机	1	2
口语	1	2
围棋	1	2
杏仁	1	2
多岁	1	2
祈祷	1	2
年报	1	2
摇头	1	2
小心翼翼	1	4
刑事责任	1	4
迭代	1	2
重生	1	2
悸	1	1
伤残	1	2
搬运	1	2
韧性	1	2
固执	1	2
精细化	1	3
发芽	1	2
樟	1	1
北极	1	2
逆行	1	2
气球	1	2
江区	1	2
这辈子	1	3
国六	1	2
前任	1	2
乖乖	1	2
邯	1	1
即日起	1	3
干细胞	1	3
前列腺炎	1	4
随处可见	1	4
颓	1	1
清纯	1	2
隐蔽	1	2
心地	1	2
白马	1	2
龙虾	1	2
专场	1	2
有位	1	2
八角	1	2
消防员	1	3
得罪	1	2
剖析	1	2
入职	1	2
满脸	1	2
剧组	1	2
树脂	1	2
匮	1	1
溅	1	1
举个	1	2
伦理	1	2
地毯	1	2
表皮	1	2
缉	1	1
风扇	1	2
养猪	1	2
全能	1	2
幼稚	1	2
想象力	1	3
大枣	1	2
交接	1	2
每每	1	2
消费品	1	3
人选	1	2
高一	1	2
日月	1	2
好坏	1	2
头像	1	2
变色	1	2
停滞	1	2
最受	1	2
计量	1	2
藉	1	1
应用程序	1	4
正月	1	2
白衣	1	2
杂物	1	2
宽带	1	2
彼得	1	2
出借	1	2
欠缺	1	2
不看	1	2
拎	1	1
体制改革	1	4
荔枝	1	2
王思	1	2
诊治	1	2
圆圆	1	2
鞭炮	1	2
正品	1	2
懂事	1	2
耐用	1	2
打扰	1	2
风波	1	2
岛上	1	2
脏腑	1	2
愈合	1	2
三七	1	2
一滴	1	2
明智	1	2
它会	1	2
绿灯	1	2
赵薇	1	2
入园	1	2
相见	1	2
曾国藩	1	3
请教	1	2
法律责任	1	4
早泄	1	2
导读	1	2
取证	1	2
变速器	1	3
精益	1	2
亮度	1	2
军区	1	2
追赶	1	2
网约车	1	3
安抚	1	2
快充	1	2
涉恶	1	2
监管部门	1	4
建档立卡	1	4
车库	1	2
条约	1	2
征战	1	2
德斯	1	2
香水	1	2
止血	1	2
肉质	1	2
领导班子	1	4
当地人	1	3
畏惧	1	2
自理	1	2
揪	1	1
性命	1	2
善待	1	2
炎热	1	2
家门	1	2
法兰	1	2
月球	1	2
走走	1	2
惶	1	1
问问	1	2
导语	1	2
本是	1	2
查封	1	2
底气	1	2
果树	1	2
八月	1	2
序列	1	2
乙烯	1	2
挽救	1	2
大意	1	2
长腿	1	2
别忘了	1	3
唯独	1	2
喧嚣	1	2
李世民	1	3
育人	1	2
贴士	1	2
愈发	1	2
螺丝	1	2
砥	1	1
边际	1	2
重型	1	2
萱	1	1
一路上	1	3
长短	1	2
美感	1	2
得失	1	2
怎能	1	2
唐山	1	2
料理	1	2
延安	1	2
吸入	1	2
影视剧	1	3
胡萝卜素	1	4
中单	1	2
余家	1	2
隐身	1	2
大山	1	2
首轮	1	2
演变	1	2
媲	1	1
咐	1	1
平庸	1	2
接力	1	2
候选人	1	3
对口	1	2
武警	1	2
发脾气	1	3
啼	1	1
供图	1	2
富翁	1	2
沥青	1	2
一堂	1	2
受过	1	2
城中	1	2
茸	1	1
眶	1	1
前夕	1	2
安检	1	2
时至	1	2
胖子	1	2
捐献	1	2
出境	1	2
心来	1	2
伸展	1	2
尺度	1	2
人到	1	2
分流	1	2
跻	1	1
轻盈	1	2
七十	1	2
尘埃	1	2
振奋	1	2
普洱茶	1	3
秽	1	1
而定	1	2
行长	1	2
道教	1	2
误导	1	2
子弟	1	2
从根本上	1	4
支气管	1	3
盘面	1	2
烧热	1	2
胡子	1	2
欧文	1	2
浓缩	1	2
走高	1	2
草药	1	2
白羊座	1	3
手腕	1	2
热火	1	2
小鱼	1	2
着想	1	2
低端	1	2
饰品	1	2
神经系统	1	4
遮挡	1	2
匈奴	1	2
生怕	1	2
展区	1	2
疾控	1	2
兼具	1	2
改良	1	2
反感	1	2
九月	1	2
媒介	1	2
惠州	1	2
祥和	1	2
黄昏	1	2
举止	1	2
将领	1	2
打下	1	2
辖市	1	2
褐色	1	2
流逝	1	2
炬	1	1
裁员	1	2
帖子	1	2
巨蟹座	1	3
市盈率	1	3
很想	1	2
铭记	1	2
万万	1	2
疏散	1	2
夜景	1	2
别看	1	2
配角	1	2
绝地	1	2
暂行	1	2
郭德纲	1	3
阳明	1	2
凹陷	1	2
不甘	1	2
或少	1	2
管理中心	1	4
背包	1	2
不得已	1	3
时应	1	2
安全带	1	3
深入开展	1	4
避险	1	2
订购	1	2
辄	1	1
无视	1	2
列举	1	2
行业协会	1	4
穿戴	1	2
顾虑	1	2
沉积	1	2
共振	1	2
地步	1	2
福田	1	2
顽强	1	2
常吃	1	2
省长	1	2
官僚	1	2
逍遥	1	2
南阳	1	2
八十	1	2
怀里	1	2
教程	1	2
江市	1	2
千金	1	2
护卫	1	2
林肯	1	2
峭	1	1
区长	1	2
集装箱	1	3
城镇化	1	3
猕猴桃	1	3
法学	1	2
重度	1	2
安德	1	2
退税	1	2
厌恶	1	2
树上	1	2
露天	1	2
胶囊	1	2
强者	1	2
谢霆锋	1	3
粘膜	1	2
