“	72	1
的	44	1
是	35	1
在	35	1
说	32	1
我	31	1
”	30	1
年	28	1
了	28	1
他	19	1
日	17	1
对	17	1
月	15	1
不	15	1
知道	14	2
発	13	1
这	11	1
上	11	1
好	11	1
一	10	1
後	10	1
人	9	1
就	9	1
第	8	1
那	8	1
你	8	1
行	8	1
吗	8	1
中	7	1
有	7	1
大	7	1
之	7	1
売	7	1
吧	7	1
很	7	1
此	6	1
和	6	1
过	6	1
到	6	1
天	6	1
地	6	1
也	6	1
这样	6	2
话	6	1
时候	6	2
放送	6	2
这个	6	2
时	5	1
后	5	1
个	5	1
啊	5	1
就是	5	2
東	5	1
怎么	5	2
他们	5	2
録	5	1
时间	5	2
这里	5	2
配音	5	2
一声	5	2
而	4	1
道	4	1
同	4	1
本	4	1
为	4	1
作	4	1
前	4	1
国	4	1
下	4	1
言	4	1
最	4	1
曲	4	1
着	4	1
问	4	1
想	4	1
什么	4	2
正	4	1
初	4	1
番	4	1
戦	4	1
打	4	1
音	4	1
不是	4	2
认为	4	2
之后	4	2
収	4	1
晚上	4	2
重要	4	2
一点	4	2
衆	4	1
製	4	1
以	3	1
但	3	1
来	3	1
分	3	1
所	3	1
至	3	1
所以	3	2
号	3	1
当然	3	2
自	3	1
点	3	1
她	3	1
没	3	1
看	3	1
得	3	1
日本	3	2
合	3	1
或	3	1
起	3	1
小	3	1
注	3	1
開	3	1
版	3	1
现在	3	2
与	3	1
年代	3	2
於	3	1
美元	3	2
編	3	1
因为	3	2
史	3	1
曜	3	1
说道	3	2
没有	3	2
員	3	1
都	3	1
安	3	1
選	3	1
歌	3	1
并	3	1
更	3	1
这时	3	2
山	3	1
字	3	1
士	3	1
実	3	1
存档	3	2
页面	3	2
来说	3	2
呢	3	1
为什么	3	3
登場	3	2
情况	3	2
走	3	1
中国	3	2
句	3	1
以上	3	2
半	3	1
意思	3	2
未	3	1
続	3	1
備	3	1
开始	3	2
著	3	1
告诉	3	2
楽	3	1
作品	3	2
回答	3	2
谢谢	3	2
客	3	1
这种	3	2
塁	3	1
評	3	1
一天	3	2
文化	3	2
明白	3	2
人物	3	2
这么	3	2
一次	3	2
毎	3	1
歴	3	1
一会儿	3	3
広	3	1
観	3	1
随着	3	2
京都	3	2
口气	3	2
如	2	1
于	2	1
但是	2	2
成	2	1
元	2	1
名	2	1
外	2	1
二	2	1
世	2	1
回	2	1
其	2	1
公	2	1
出	2	1
平	2	1
生	2	1
事	2	1
不过	2	2
章	2	1
美	2	1
昭和	2	2
三	2	1
面	2	1
間	2	1
等	2	1
斯	2	1
目	2	1
比	2	1
意	2	1
平成	2	2
主	2	1
世纪	2	2
会	2	1
英	2	1
場	2	1
法	2	1
那么	2	2
参	2	1
要	2	1
可是	2	2
从	2	1
全	2	1
特	2	1
演	2	1
新	2	1
由	2	1
放	2	1
同年	2	2
间	2	1
女	2	1
私	2	1
勝	2	1
声	2	1
十	2	1
用	2	1
表	2	1
民	2	1
如此	2	2
台	2	1
四	2	1
无	2	1
直	2	1
候	2	1
反	2	1
西	2	1
手	2	1
见	2	1
原	2	1
哦	2	1
第二	2	2
高	2	1
歳	2	1
卷	2	1
总	2	1
数	2	1
然后	2	2
我们	2	2
岁	2	1
役	2	1
还	2	1
長	2	1
約	2	1
加	2	1
真	2	1
政	2	1
午	2	1
死	2	1
先生	2	2
错	2	1
五	2	1
金	2	1
北	2	1
性	2	1
条	2	1
記	2	1
第一	2	2
述	2	1
東京	2	2
局	2	1
可以	2	2
集	2	1
明治	2	2
時間	2	2
又	2	1
身	2	1
开	2	1
神	2	1
早	2	1
男	2	1
億	2	1
爱	2	1
南	2	1
备份	2	2
看来	2	2
嗯	2	1
教	2	1
止	2	1
动	2	1
实际上	2	3
報	2	1
萬	2	1
接着	2	2
令	2	1
或者	2	2
聲	2	1
対	2	1
六	2	1
動	2	1
这是	2	2
優	2	1
連	2	1
笑	2	1
香	2	1
無	2	1
被	2	1
福	2	1
際	2	1
編曲	2	2
水	2	1
率	2	1
個	2	1
第三	2	2
並	2	1
突然	2	2
監督	2	2
一个	2	2
问题	2	2
結果	2	2
作曲	2	2
哎	2	1
島	2	1
作詞	2	2
提	2	1
同样	2	2
電	2	1
馬	2	1
阿	2	1
香港	2	2
不久	2	2
巴	2	1
没错	2	2
出版	2	2
疑	2	1
決	2	1
伊	2	1
世界	2	2
便	2	1
唉	2	1
显然	2	2
違	2	1
问道	2	2
真的	2	2
分钟	2	2
右	2	1
灣	2	1
下午	2	2
可能	2	2
関	2	1
様	2	1
像	2	1
両	2	1
播	2	1
听	2	1
译者	2	2
催	2	1
以后	2	2
風	2	1
朝日	2	2
映画	2	2
投	2	1
死亡	2	2
小时	2	2
変	2	1
日期	2	2
秋	2	1
各	2	1
以来	2	2
往	2	1
注意	2	2
夏	2	1
出演	2	2
総	2	1
急	2	1
朋友	2	2
愛	2	1
以降	2	2
最終	2	2
政治	2	2
自由	2	2
美国	2	2
站	2	1
排名	2	2
地说	2	2
制作	2	2
松	2	1
左右	2	2
起来	2	2
只有	2	2
上午	2	2
决	2	1
對	2	1
説	2	1
美國	2	2
相信	2	2
呃	2	1
注释	2	2
自己	2	2
谁	2	1
飾	2	1
周年	2	2
鉄	2	1
噢	2	1
羅	2	1
不错	2	2
哼	2	1
以前	2	2
配	2	1
第四	2	2
網	2	1
哪	2	1
其他	2	2
大阪	2	2
劇	2	1
復	2	1
您	2	1
觉得	2	2
載	2	1
词	2	1
写道	2	2
註	2	1
有人	2	2
喂	2	1
而言	2	2
交通	2	2
星期	2	2
挙	2	1
仮	2	1
第十	2	2
背	2	1
優勝	2	2
那天	2	2
意义	2	2
転	2	1
瞧	2	1
称为	2	2
点头	2	2
之前	2	2
拿	2	1
経	2	1
深夜	2	2
教育	2	2
渐	2	1
応	2	1
不行	2	2
権	2	1
土曜	2	2
發行	2	2
記念	2	2
不幸	2	2
中國	2	2
晋级	2	2
一切	2	2
横	2	1
够	2	1
人口	2	2
生日	2	2
適用	2	2
嘿	2	1
凌晨	2	2
浜	2	1
决赛	2	2
明显	2	2
？	2	1
脚本	2	2
简单	2	2
在位	2	2
原作	2	2
主演	2	2
对不起	2	3
来源	2	2
臺	2	1
防御	2	2
帯	2	1
项目	2	2
身長	2	2
呵呵	2	2
演出	2	2
家族	2	2
下旬	2	2
規格	2	2
価	2	1
播放	2	2
过程	2	2
鹿	2	1
所知	2	2
聲優	2	2
準	2	1
运动员	2	3
中期	2	2
不会	2	2
%	2	1
遗憾	2	2
尤其	2	2
済	2	1
罢	2	1
番号	2	2
女子	2	2
哎呀	2	2
某种	2	2
程度	2	2
叹	2	1
絶	2	1
企画	2	2
身高	2	2
議院	2	2
漫画	2	2
不明	2	2
複	2	1
幸运	2	2
老实	2	2
男子	2	2
资料	2	2
国道	2	2
周知	2	2
金曜	2	2
唔	2	1
目前为止	2	4
第一章	2	3
第二章	2	3
确切	2	2
第三章	2	3
没关系	2	3
有趣	2	2
起身	2	2
駄	2	1
劇場	2	2
編集	2	2
嗨	2	1
二字	2	2
粵語	2	2
推移	2	2
然	1	1
因	1	1
么	1	1
当	1	1
時	1	1
可	1	1
因此	1	2
例	1	1
实	1	1
样	1	1
页	1	1
里	1	1
然而	1	2
知	1	1
方	1	1
位	1	1
万	1	1
代	1	1
者	1	1
子	1	1
们	1	1
昭	1	1
明	1	1
次	1	1
期	1	1
話	1	1
今	1	1
纪	1	1
度	1	1
现	1	1
家	1	1
果	1	1
先	1	1
德	1	1
什	1	1
何	1	1
米	1	1
另	1	1
克	1	1
相	1	1
存	1	1
且	1	1
例如	1	2
文	1	1
治	1	1
此外	1	2
部	1	1
送	1	1
一方	1	2
思	1	1
同时	1	2
学	1	1
通	1	1
多	1	1
利	1	1
京	1	1
照	1	1
称	1	1
于是	1	2
及	1	1
現	1	1
理	1	1
國	1	1
怎	1	1
约	1	1
事实	1	2
定	1	1
参照	1	2
书	1	1
而且	1	2
种	1	1
情	1	1
系	1	1
经	1	1
认	1	1
夫	1	1
尔	1	1
語	1	1
彼	1	1
事实上	1	3
結	1	1
為	1	1
接	1	1
信	1	1
另外	1	2
其中	1	2
即	1	1
能	1	1
社	1	1
物	1	1
图	1	1
论	1	1
始	1	1
心	1	1
比如	1	2
最后	1	2
田	1	1
就是说	1	3
据	1	1
份	1	1
立	1	1
只	1	1
久	1	1
再	1	1
呼	1	1
发	1	1
海	1	1
格	1	1
记	1	1
首	1	1
線	1	1
入	1	1
重	1	1
登	1	1
去	1	1
少	1	1
公元	1	2
管	1	1
谢	1	1
晚	1	1
答	1	1
备	1	1
况	1	1
体	1	1
細	1	1
画	1	1
力	1	1
詳	1	1
市	1	1
马	1	1
形	1	1
结	1	1
共	1	1
口	1	1
其实	1	2
円	1	1
詳細	1	2
后来	1	2
一方面	1	3
确	1	1
球	1	1
拉	1	1
使	1	1
詞	1	1
际	1	1
制	1	1
港	1	1
品	1	1
档	1	1
告	1	1
考	1	1
公里	1	2
节	1	1
罗	1	1
也就是说	1	4
歲	1	1
翌	1	1
県	1	1
内	1	1
白	1	1
相反	1	2
除	1	1
存于	1	2
見	1	1
儿	1	1
实际	1	2
朝	1	1
完	1	1
示	1	1
如果	1	2
秒	1	1
夜	1	1
票	1	1
显	1	1
常	1	1
这一	1	2
俺	1	1
突	1	1
些	1	1
题	1	1
持	1	1
太	1	1
組	1	1
路	1	1
亿	1	1
終	1	1
近	1	1
號	1	1
亚	1	1
周	1	1
译	1	1
关	1	1
直到	1	2
尼	1	1
気	1	1
指	1	1
現在	1	2
化	1	1
则	1	1
另一方面	1	4
解	1	1
任	1	1
監	1	1
機	1	1
野	1	1
巻	1	1
长	1	1
式	1	1
降	1	1
哈	1	1
亲	1	1
根	1	1
敗	1	1
木	1	1
等等	1	2
首先	1	2
試	1	1
毫	1	1
督	1	1
失	1	1
發	1	1
型	1	1
命	1	1
受	1	1
此时	1	2
报	1	1
丈	1	1
赛	1	1
与此同时	1	4
许	1	1
头	1	1
數	1	1
随	1	1
古	1	1
駅	1	1
丈夫	1	2
区	1	1
待	1	1
車	1	1
件	1	1
布	1	1
川	1	1
大丈夫	1	3
念	1	1
試合	1	2
映	1	1
终	1	1
計	1	1
年度	1	2
当时	1	2
王	1	1
改	1	1
总之	1	2
保	1	1
换	1	1
列	1	1
空	1	1
别	1	1
工	1	1
妈	1	1
已	1	1
影	1	1
色	1	1
义	1	1
左	1	1
语	1	1
底	1	1
快	1	1
設	1	1
議	1	1
结果	1	2
还有	1	2
倍	1	1
八	1	1
基	1	1
別	1	1
千	1	1
州	1	1
万人	1	2
否	1	1
賽	1	1
幸	1	1
土	1	1
題	1	1
感	1	1
公元前	1	3
翰	1	1
過	1	1
老	1	1
尽	1	1
與	1	1
七	1	1
會	1	1
友	1	1
交	1	1
圣	1	1
般	1	1
每	1	1
瞬	1	1
書	1	1
同時	1	2
科	1	1
它	1	1
星	1	1
几	1	1
九	1	1
包	1	1
一般	1	2
年前	1	2
一来	1	2
丁	1	1
本当	1	2
年版	1	2
切	1	1
末	1	1
欧	1	1
非	1	1
将	1	1
威	1	1
简	1	1
写	1	1
以及	1	2
亡	1	1
刻	1	1
释	1	1
诉	1	1
活	1	1
軍	1	1
爾	1	1
府	1	1
日至	1	2
当時	1	2
旧	1	1
伯	1	1
截	1	1
向	1	1
战	1	1
阪	1	1
程	1	1
業	1	1
味	1	1
载	1	1
人民	1	2
谓	1	1
约翰	1	2
校	1	1
頃	1	1
取	1	1
进	1	1
爸	1	1
確	1	1
育	1	1
尽管	1	2
第二天	1	3
叫	1	1
象	1	1
院	1	1
卡	1	1
党	1	1
军	1	1
火	1	1
所谓	1	2
建	1	1
開始	1	2
兰	1	1
呀	1	1
故	1	1
易	1	1
尺	1	1
会儿	1	2
深	1	1
觉	1	1
算	1	1
席	1	1
春	1	1
容	1	1
括	1	1
父	1	1
枚	1	1
村	1	1
东	1	1
华	1	1
季	1	1
達	1	1
案	1	1
普	1	1
稱	1	1
应	1	1
运	1	1
孩	1	1
僕	1	1
統	1	1
今天	1	2
族	1	1
的话	1	2
段	1	1
随后	1	2
森	1	1
包括	1	2
林	1	1
運	1	1
把	1	1
公開	1	2
帝	1	1
英語	1	2
气	1	1
奇	1	1
该	1	1
曰	1	1
圣经	1	2
造	1	1
賞	1	1
以下	1	2
隊	1	1
光	1	1
志	1	1
其次	1	2
獲	1	1
无论	1	2
表示	1	2
希	1	1
必	1	1
葉	1	1
孩子	1	2
判	1	1
武	1	1
低	1	1
商	1	1
聞	1	1
台灣	1	2
朋	1	1
级	1	1
司	1	1
角	1	1
亲爱	1	2
两	1	1
请	1	1
姆	1	1
兄	1	1
无疑	1	2
员	1	1
清	1	1
週	1	1
彼女	1	2
岡	1	1
城	1	1
奥	1	1
师	1	1
頁	1	1
井	1	1
世紀	1	2
仅	1	1
查	1	1
張	1	1
如何	1	2
亞	1	1
否则	1	2
晨	1	1
托	1	1
截至	1	2
这些	1	2
種	1	1
做	1	1
不管	1	2
由此	1	2
换句话说	1	4
進	1	1
君	1	1
之外	1	2
除此之外	1	4
己	1	1
这样一来	1	4
置	1	1
欧元	1	2
达	1	1
类	1	1
革	1	1
支	1	1
結局	1	2
如今	1	2
发现	1	2
功	1	1
计	1	1
足	1	1
也许	1	2
班	1	1
印	1	1
求	1	1
那时	1	2
的确	1	2
旬	1	1
诗	1	1
吉	1	1
波	1	1
料	1	1
意味	1	2
藤	1	1
尽管如此	1	4
平方	1	2
最终	1	2
资	1	1
使用	1	2
办	1	1
编	1	1
備考	1	2
北京	1	2
维	1	1
區	1	1
義	1	1
母	1	1
再说	1	2
石	1	1
當	1	1
只是	1	2
传	1	1
恩	1	1
亿美元	1	3
返	1	1
摇	1	1
源	1	1
呵	1	1
落	1	1
播出	1	2
历	1	1
來	1	1
举	1	1
超	1	1
速	1	1
屋	1	1
单	1	1
目前	1	2
黨	1	1
今日	1	2
量	1	1
引	1	1
毫无	1	2
部分	1	2
并且	1	2
通常	1	2
百	1	1
值	1	1
选	1	1
不起	1	2
业	1	1
既	1	1
可见	1	2
防	1	1
律	1	1
視	1	1
洲	1	1
毫无疑问	1	4
自然	1	2
年生	1	2
項	1	1
郎	1	1
政府	1	2
助	1	1
竟	1	1
獲得	1	2
華	1	1
争	1	1
根据	1	2
此后	1	2
富	1	1
願	1	1
指出	1	2
警	1	1
節	1	1
消	1	1
处	1	1
瞬間	1	2
门	1	1
級	1	1
委	1	1
紀	1	1
推	1	1
宣	1	1
增	1	1
丁目	1	2
万美元	1	3
蘭	1	1
門	1	1
断	1	1
住	1	1
牙	1	1
舉	1	1
观	1	1
典	1	1
产	1	1
为此	1	2
说完	1	2
汉	1	1
礼	1	1
甚	1	1
奈	1	1
望	1	1
流	1	1
成功	1	2
机	1	1
振	1	1
万円	1	2
密	1	1
李	1	1
残	1	1
毕	1	1
具	1	1
官	1	1
权	1	1
这时候	1	3
宮	1	1
从此	1	2
頭	1	1
付	1	1
原因	1	2
強	1	1
店	1	1
证	1	1
施	1	1
日起	1	2
雷	1	1
眼	1	1
兵	1	1
刊	1	1
予	1	1
論	1	1
乔	1	1
階	1	1
青	1	1
无论如何	1	4
館	1	1
年間	1	2
問	1	1
埃	1	1
板	1	1
上海	1	2
让	1	1
央	1	1
乐	1	1
息	1	1
期间	1	2
總	1	1
架	1	1
风	1	1
術	1	1
关系	1	2
续	1	1
社会	1	2
廉	1	1
胜	1	1
規	1	1
下来	1	2
毕竟	1	2
略	1	1
万元	1	2
很快	1	2
番組	1	2
修	1	1
对于	1	2
才	1	1
难	1	1
英国	1	2
籍	1	1
法国	1	2
洛	1	1
步	1	1
原来	1	2
国家	1	2
熱	1	1
谷	1	1
毫米	1	2
片	1	1
宗	1	1
花	1	1
静	1	1
河	1	1
康	1	1
域	1	1
事件	1	2
册	1	1
退	1	1
苏	1	1
变	1	1
一样	1	2
勒	1	1
省	1	1
唐	1	1
座	1	1
將	1	1
點	1	1
怪	1	1
英里	1	2
场	1	1
暴	1	1
余	1	1
不然	1	2
競	1	1
识	1	1
承	1	1
当初	1	2
場合	1	2
有时候	1	3
選手	1	2
过去	1	2
按	1	1
聯	1	1
介	1	1
此刻	1	2
属	1	1
師	1	1
最初	1	2
出版社	1	3
继	1	1
越	1	1
悪	1	1
博	1	1
良	1	1
派	1	1
夫人	1	2
济	1	1
皇	1	1
对此	1	2
誰	1	1
比分	1	2
妈妈	1	2
同日	1	2
弗	1	1
技	1	1
冯	1	1
民主	1	2
朗	1	1
虽然	1	2
亿元	1	2
江	1	1
甚至	1	2
伦	1	1
崎	1	1
最近	1	2
精	1	1
啦	1	1
究	1	1
食	1	1
统	1	1
议	1	1
项	1	1
概	1	1
爸爸	1	2
曾	1	1
移	1	1
旅	1	1
幕	1	1
终于	1	2
对手	1	2
至少	1	2
學	1	1
審	1	1
編成	1	2
英尺	1	2
之下	1	2
由于	1	2
存在	1	2
务	1	1
響	1	1
篇	1	1
一书	1	2
察	1	1
束	1	1
车	1	1
中央	1	2
价	1	1
年底	1	2
有时	1	2
微	1	1
泰	1	1
史记	1	2
上帝	1	2
系列	1	2
導	1	1
唱	1	1
地方	1	2
哲	1	1
氣	1	1
服	1	1
限	1	1
状	1	1
序	1	1
成立	1	2
关于	1	2
攻	1	1
顿	1	1
电	1	1
规	1	1
那里	1	2
寸	1	1
相比	1	2
而是	1	2
威廉	1	2
言葉	1	2
隻	1	1
是不是	1	3
日公	1	2
類	1	1
确实	1	2
云	1	1
纽	1	1
复	1	1
经济	1	2
某	1	1
弾	1	1
昨	1	1
团	1	1
说来	1	2
厘	1	1
俄	1	1
年间	1	2
智	1	1
联	1	1
在我看来	1	4
组	1	1
痛	1	1
怎么办	1	3
录	1	1
哥	1	1
代表	1	2
団	1	1
已经	1	2
众	1	1
帶	1	1
据说	1	2
换言之	1	3
晋	1	1
反之	1	2
学校	1	2
致	1	1
網頁	1	2
收	1	1
乔治	1	2
网	1	1
惜	1	1
瑞	1	1
訳	1	1
亨	1	1
吨	1	1
之间	1	2
參	1	1
既然	1	2
途	1	1
依	1	1
需	1	1
伯特	1	2
主人	1	2
比如说	1	3
大利	1	2
历史	1	2
蒂	1	1
通称	1	2
一瞬	1	2
魔	1	1
佐	1	1
年初	1	2
队	1	1
研	1	1
經	1	1
停	1	1
怎样	1	2
方面	1	2
那个	1	2
洋	1	1
强	1	1
牌	1	1
运动	1	2
小時	1	2
看到	1	2
术	1	1
御	1	1
傷	1	1
若	1	1
斤	1	1
破	1	1
厘米	1	2
期間	1	2
苦	1	1
医	1	1
協	1	1
從	1	1
塞	1	1
最高	1	2
適	1	1
永	1	1
陸	1	1
瓦	1	1
顔	1	1
據	1	1
曼	1	1
務	1	1
可惜	1	2
为止	1	2
時点	1	2
展	1	1
戰	1	1
大学	1	2
独	1	1
同月	1	2
出場	1	2
内容	1	2
批	1	1
怎么样	1	3
生活	1	2
器	1	1
戸	1	1
整	1	1
恰	1	1
轻	1	1
革命	1	2
慢	1	1
或者说	1	3
陛下	1	2
汉书	1	2
升	1	1
准	1	1
雅	1	1
津	1	1
继续	1	2
不能	1	2
紧	1	1
五章	1	2
含	1	1
默	1	1
主持	1	2
张	1	1
衛	1	1
大会	1	2
說	1	1
恐	1	1
号線	1	2
记载	1	2
新聞	1	2
丽	1	1
企	1	1
丹	1	1
分鐘	1	2
亦	1	1
转	1	1
系統	1	2
均	1	1
奇怪	1	2
学家	1	2
園	1	1
不仅	1	2
認	1	1
體	1	1
角色	1	2
宝	1	1
应该	1	2
雄	1	1
接下来	1	3
株	1	1
大约	1	2
內	1	1
公尺	1	2
黑	1	1
设	1	1
说实	1	2
负	1	1
创	1	1
調	1	1
边	1	1
伤	1	1
算了	1	2
翌日	1	2
参见	1	2
售	1	1
害	1	1
亨利	1	2
申	1	1
纽约	1	2
凌	1	1
给	1	1
造成	1	2
差	1	1
作为	1	2
女性	1	2
談	1	1
供	1	1
禁	1	1
尚	1	1
迪	1	1
印度	1	2
至此	1	2
構	1	1
人们	1	2
條	1	1
享	1	1
殺	1	1
研究	1	2
再见	1	2
共和	1	2
态	1	1
正直	1	2
橋	1	1
英寸	1	2
诚	1	1
尤	1	1
抱	1	1
仁	1	1
全部	1	2
线	1	1
海道	1	2
论语	1	2
蒙	1	1
回事	1	2
坦	1	1
病	1	1
早上	1	2
一度	1	2
肯	1	1
房	1	1
完成	1	2
庫	1	1
婚	1	1
纳	1	1
理由	1	2
所有	1	2
一人	1	2
标	1	1
导	1	1
縣	1	1
選舉	1	2
善	1	1
仕	1	1
因而	1	2
界	1	1
皮	1	1
德国	1	2
姐	1	1
弟	1	1
法律	1	2
熱帶	1	2
彼得	1	2
一般来说	1	4
日生	1	2
負	1	1
合計	1	2
則	1	1
参加	1	2
不過	1	2
读	1	1
獎	1	1
作者	1	2
作家	1	2
父亲	1	2
总而言之	1	4
科学	1	2
不仅如此	1	4
六章	1	2
年春	1	2
支持	1	2
获	1	1
还是	1	2
菲	1	1
任何	1	2
绝	1	1
【	1	1
韓	1	1
刑	1	1
兴	1	1
个人	1	2
乎	1	1
公斤	1	2
終了	1	2
億円	1	2
資	1	1
塔	1	1
休	1	1
震	1	1
殿	1	1
马克	1	2
贝	1	1
陳	1	1
題歌	1	2
户	1	1
健	1	1
策	1	1
紀元	1	2
方法	1	2
天后	1	2
素	1	1
貴	1	1
紀元前	1	3
秀	1	1
响	1	1
摇头	1	2
喊	1	1
玛	1	1
代目	1	2
孟	1	1
帰	1	1
皆	1	1
共有	1	2
领	1	1
月初	1	2
飾演	1	2
黎	1	1
産	1	1
担	1	1
战争	1	2
由此可见	1	4
充	1	1
公演	1	2
相比之下	1	4
宗教	1	2
替	1	1
地区	1	2
忽然	1	2
月底	1	2
維	1	1
或许	1	2
币	1	1
本来	1	2
败	1	1
提出	1	2
镑	1	1
文学	1	2
不同	1	2
概念	1	2
古屋	1	2
直至	1	2
效	1	1
尾	1	1
索	1	1
船	1	1
遗	1	1
居	1	1
占	1	1
温	1	1
简称	1	2
摩	1	1
小姐	1	2
民國	1	2
四章	1	2
极	1	1
伝	1	1
逆	1	1
問題	1	2
沙	1	1
玉	1	1
午前	1	2
班牙	1	2
说实话	1	3
單	1	1
罗伯特	1	3
罗马	1	2
需要	1	2
達成	1	2
罪	1	1
何况	1	2
娜	1	1
游	1	1
那样	1	2
除了	1	2
委員	1	2
值得	1	2
場版	1	2
福岡	1	2
通过	1	2
心想	1	2
輛	1	1
血	1	1
議員	1	2
斯特	1	2
得点	1	2
七章	1	2
却	1	1
延	1	1
耳	1	1
集數	1	2
输	1	1
胡	1	1
瑟	1	1
鲁	1	1
過去	1	2
配信	1	2
即使	1	2
吃	1	1
一种	1	2
設立	1	2
思想	1	2
质	1	1
最大	1	2
衣	1	1
這	1	1
马斯	1	2
不管怎样	1	4
閉	1	1
完全	1	2
热	1	1
十二	1	2
似	1	1
叶	1	1
演員	1	2
非常	1	2
敦	1	1
平均	1	2
喜	1	1
既然如此	1	4
邦	1	1
勝利	1	2
艺	1	1
今度	1	2
歉	1	1
樂	1	1
廃	1	1
带	1	1
境	1	1
欲	1	1
室	1	1
东西	1	2
世纪末	1	3
誌	1	1
附	1	1
恶	1	1
托马斯	1	3
打率	1	2
卫	1	1
愿	1	1
敢	1	1
副	1	1
烈	1	1
事情	1	2
时代	1	2
日报	1	2
甲	1	1
團	1	1
怕	1	1
装	1	1
場所	1	2
人受	1	2
艘	1	1
詹	1	1
证明	1	2
所示	1	2
景	1	1
危	1	1
劳	1	1
正是	1	2
親	1	1
以外	1	2
冬	1	1
盤	1	1
评	1	1
肯定	1	2
姆斯	1	2
所说	1	2
領	1	1
须	1	1
兩	1	1
杂	1	1
因數	1	2
中旬	1	2
年頃	1	2
萬人	1	2
译注	1	2
宇	1	1
守	1	1
别是	1	2
一下	1	2
平方米	1	3
惊	1	1
赤	1	1
中心	1	2
视	1	1
时报	1	2
不可	1	2
群	1	1
銀	1	1
码	1	1
楚	1	1
命名	1	2
抱歉	1	2
离	1	1
声说	1	2
黄	1	1
八章	1	2
戴	1	1
不管怎么	1	4
冠	1	1
遊	1	1
奪	1	1
秘	1	1
点点头	1	3
为了	1	2
起初	1	2
讲	1	1
野球	1	2
町	1	1
哇	1	1
實	1	1
許	1	1
失礼	1	2
關	1	1
误	1	1
追	1	1
解释	1	2
単	1	1
哈哈	1	2
十一	1	2
發售	1	2
记得	1	2
工作	1	2
乌	1	1
徒	1	1
陽	1	1
木曜	1	2
莱	1	1
憾	1	1
歩	1	1
巨	1	1
奧	1	1
沉	1	1
早晨	1	2
乗	1	1
一部	1	2
银	1	1
澳	1	1
續	1	1
普通	1	2
趣	1	1
满	1	1
出来	1	2
娘	1	1
希望	1	2
通算	1	2
时期	1	2
端	1	1
散	1	1
不用	1	2
所述	1	2
而已	1	2
裁	1	1
酒	1	1
规定	1	2
著作	1	2
簡	1	1
广	1	1
所属	1	2
孟子	1	2
救	1	1
意大利	1	3
噸	1	1
农	1	1
试	1	1
年秋	1	2
斗	1	1
留	1	1
決定	1	2
记住	1	2
想到	1	2
赫	1	1
雨	1	1
盛	1	1
财	1	1
萨	1	1
西班牙	1	3
國民	1	2
職	1	1
你们	1	2
远	1	1
莫	1	1
操	1	1
爵	1	1
模	1	1
屆	1	1
盟	1	1
严	1	1
渡	1	1
目的	1	2
要求	1	2
史上	1	2
刚	1	1
假	1	1
诗经	1	2
鬼	1	1
不一会儿	1	4
失败	1	2
凡	1	1
中华	1	2
績	1	1
里斯	1	2
荷	1	1
竹	1	1
欢	1	1
在此之前	1	4
这就是说	1	4
费	1	1
俗	1	1
年末	1	2
多人	1	2
草	1	1
果然	1	2
美術	1	2
连	1	1
说法	1	2
共和国	1	3
千米	1	2
况且	1	2
佳	1	1
医生	1	2
行政	1	2
爷	1	1
譬	1	1
怒	1	1
多分	1	2
飛	1	1
亮	1	1
翌年	1	2
譬如	1	2
保罗	1	2
见图	1	2
主審	1	2
至于	1	2
元年	1	2
九章	1	2
正如	1	2
例子	1	2
精神	1	2
路易	1	2
勇	1	1
並在	1	2
係	1	1
日晚	1	2
承认	1	2
安德	1	2
利亚	1	2
玛丽	1	2
詹姆斯	1	3
湾	1	1
表明	1	2
書籍	1	2
翻	1	1
爆	1	1
兄弟	1	2
少年	1	2
习	1	1
股	1	1
紅	1	1
国王	1	2
调	1	1
根據	1	2
比方	1	2
主人公	1	3
乃	1	1
吹	1	1
罗斯	1	2
太好了	1	3
名義	1	2
枠	1	1
冷	1	1
脸	1	1
干	1	1
馆	1	1
従	1	1
運動	1	2
怎么回事	1	4
辑	1	1
意味着	1	3
投票	1	2
乱	1	1
離	1	1
卡尔	1	2
具体	1	2
杀	1	1
排	1	1
千葉	1	2
影响	1	2
发生	1	2
歷	1	1
纽约时报	1	4
中说	1	2
去世	1	2
艾	1	1
運行	1	2
成为	1	2
不要	1	2
觀	1	1
本书	1	2
眾	1	1
人目	1	2
登板	1	2
迎	1	1
到底	1	2
唯	1	1
左传	1	2
麦	1	1
種類	1	2
状态	1	2
全国	1	2
会社	1	2
只不过	1	3
歐	1	1
沢	1	1
宣布	1	2
時代	1	2
短	1	1
舞台	1	2
決勝	1	2
曲目	1	2
闭	1	1
号线	1	2
谈	1	1
互	1	1
方式	1	2
射	1	1
民主党	1	3
理解	1	2
人數	1	2
英國	1	2
読	1	1
编者	1	2
犯	1	1
剧	1	1
氏	1	1
喊道	1	2
不知	1	2
埃尔	1	2
宿	1	1
职	1	1
拜	1	1
受賞	1	2
満	1	1
段时间	1	3
嫌	1	1
艺术	1	2
禁止	1	2
途中	1	2
擊	1	1
睛	1	1
比方说	1	3
卢	1	1
补	1	1
成績	1	2
孔	1	1
庭	1	1
彩	1	1
年現	1	2
奇怪的是	1	4
打点	1	2
理查	1	2
坐	1	1
妻	1	1
多久	1	2
仕方	1	2
说明	1	2
火曜	1	2
第五	1	2
質	1	1
逊	1	1
磅	1	1
百分	1	2
日语	1	2
少女	1	2
協力	1	2
一边	1	2
疲	1	1
必须	1	2
逃	1	1
哟	1	1
公司	1	2
日間	1	2
税	1	1
授	1	1
眼睛	1	2
糟	1	1
織	1	1
诺	1	1
闻	1	1
忘	1	1
怖	1	1
主題	1	2
牛	1	1
撃	1	1
昔	1	1
開業	1	2
激	1	1
況	1	1
结束	1	2
灵	1	1
伴	1	1
結成	1	2
阶	1	1
坂	1	1
畫	1	1
击	1	1
文庫	1	2
朱	1	1
福音	1	2
名古屋	1	3
隨	1	1
理论	1	2
母亲	1	2
撮影	1	2
如此一来	1	4
權	1	1
捕	1	1
日曜	1	2
资本	1	2
封	1	1
径	1	1
影響	1	2
特别	1	2
高兴	1	2
台湾	1	2
中華	1	2
较	1	1
創	1	1
佛	1	1
遠	1	1
茨	1	1
截止	1	2
芬	1	1
態	1	1
決賽	1	2
臣	1	1
正式	1	2
腊	1	1
武器	1	2
太郎	1	2
范	1	1
英镑	1	2
十三	1	2
紹	1	1
雪	1	1
聯合	1	2
麻	1	1
品番	1	2
了解	1	2
樹	1	1
诚然	1	2
归	1	1
姉	1	1
龍	1	1
不好	1	2
殿下	1	2
享年	1	2
得票	1	2
肉	1	1
这次	1	2
情報	1	2
中略	1	2
堂	1	1
納	1	1
想想	1	2
初代	1	2
贵	1	1
特別	1	2
一文	1	2
行为	1	2
益	1	1
帕	1	1
其一	1	2
困	1	1
助攻	1	2
唐书	1	2
隆	1	1
尔斯	1	2
倒	1	1
標	1	1
答道	1	2
只要	1	2
艦	1	1
球場	1	2
采	1	1
道理	1	2
感觉	1	2
诸	1	1
聖	1	1
規格品	1	3
众所周知	1	4
列車	1	2
穆	1	1
清楚	1	2
辆	1	1
按照	1	2
巴黎	1	2
減	1	1
再者	1	2
湖	1	1
悲	1	1
樓	1	1
超过	1	2
一定	1	2
仙	1	1
摇摇头	1	3
错误	1	2
轮	1	1
理查德	1	3
报道	1	2
这样的话	1	4
红	1	1
达到	1	2
北海道	1	3
幸福	1	2
無断	1	2
瑟夫	1	2
哲学	1	2
县	1	1
旋	1	1
日付	1	2
答案	1	2
在此期间	1	4
几天	1	2
油	1	1
萬元	1	2
改称	1	2
残念	1	2
頼	1	1
克斯	1	2
编者注	1	3
经过	1	2
月末	1	2
发表	1	2
進行	1	2
年連	1	2
值得注意	1	4
土地	1	2
日及	1	2
老师	1	2
予選	1	2
輪	1	1
验	1	1
大家	1	2
环	1	1
价值	1	2
举例	1	2
伙	1	1
增长	1	2
吸	1	1
杰	1	1
頓	1	1
杂志	1	2
警察	1	2
形式	1	2
順位	1	2
双	1	1
抗	1	1
爭	1	1
压	1	1
主义	1	2
街	1	1
故事	1	2
倫	1	1
夢	1	1
余人	1	2
立法	1	2
報告	1	2
株式	1	2
償	1	1
从此以后	1	4
一书中	1	3
政策	1	2
书馆	1	2
二人	1	2
即便	1	2
梅	1	1
希腊	1	2
億元	1	2
盗	1	1
韩	1	1
基本	1	2
時台	1	2
增加	1	2
舞	1	1
隔	1	1
次日	1	2
給	1	1
紧接着	1	3
佩	1	1
弱	1	1
会場	1	2
民族	1	2
叫做	1	2
脱	1	1
—	1	1
株式会社	1	4
壓	1	1
舉行	1	2
昨日	1	2
札	1	1
伍	1	1
年里	1	2
声音	1	2
其二	1	2
関西	1	2
想象	1	2
它们	1	2
裏	1	1
征	1	1
莉	1	1
圈	1	1
愿意	1	2
姫	1	1
前述	1	2
款	1	1
遍	1	1
阳	1	1
小说	1	2
霍	1	1
批判	1	2
一刻	1	2
摘	1	1
学生	1	2
失点	1	2
補	1	1
宁	1	1
心里	1	2
此时此刻	1	4
令人	1	2
事实证明	1	4
旦	1	1
顺	1	1
回目	1	2
库	1	1
返回	1	2
平方公里	1	4
諾	1	1
柏	1	1
有些	1	2
環	1	1
一句	1	2
必要	1	2
颱	1	1
總統	1	2
汤	1	1
认识	1	2
原则	1	2
日報	1	2
潟	1	1
應	1	1
台北	1	2
國家	1	2
人民出版社	1	5
一直	1	2
次年	1	2
專	1	1
菜	1	1
本線	1	2
名前	1	2
同意	1	2
死去	1	2
浮	1	1
廣	1	1
道路	1	2
皇帝	1	2
勢	1	1
将军	1	2
恰恰	1	2
忠	1	1
旧约	1	2
得分	1	2
秦	1	1
回来	1	2
覚	1	1
麗	1	1
特急	1	2
沃	1	1
政治家	1	3
一体	1	2
一日	1	2
浦	1	1
那些	1	2
货	1	1
德里	1	2
高校	1	2
濟	1	1
理性	1	2
興	1	1
無理	1	2
處	1	1
书局	1	2
万吨	1	2
许多	1	2
日初	1	2
路上	1	2
無論	1	2
割	1	1
观念	1	2
堡	1	1
電視	1	2
尼亚	1	2
設置	1	2
公分	1	2
桑	1	1
人間	1	2
中华书局	1	4
约瑟夫	1	3
进行	1	2
提供	1	2
欧洲	1	2
週間	1	2
在于	1	2
自身	1	2
管理	1	2
据我所知	1	4
分数	1	2
是因为	1	3
稱為	1	2
撒	1	1
物語	1	2
伸	1	1
形成	1	2
钱	1	1
举例来说	1	4
马丁	1	2
晉	1	1
删	1	1
輩	1	1
国内	1	2
音乐	1	2
划	1	1
成員	1	2
恰恰相反	1	4
他于	1	2
人民日报	1	4
制度	1	2
夕	1	1
兼	1	1
都市	1	2
进入	1	2
大革命	1	3
即便如此	1	4
大人	1	2
办法	1	2
渐渐	1	2
初版	1	2
得到	1	2
九州	1	2
黃	1	1
择	1	1
宙	1	1
自此	1	2
删除	1	2
電子	1	2
賀	1	1
道德	1	2
总的来说	1	4
说话	1	2
诗人	1	2
学者	1	2
費	1	1
杉	1	1
本作	1	2
篮	1	1
意志	1	2
時報	1	2
鳥	1	1
援	1	1
输入	1	2
糕	1	1
电影	1	2
明日	1	2
文章	1	2
事故	1	2
祭	1	1
亚历	1	2
幅	1	1
仍	1	1
第四章	1	3
自我	1	2
庄	1	1
时至	1	2
緯	1	1
能力	1	2
获得	1	2
裁判	1	2
更何况	1	3
独立	1	2
週刊	1	2
二十	1	2
免	1	1
難	1	1
誉	1	1
出生	1	2
該	1	1
儿子	1	2
墨	1	1
月現	1	2
这句	1	2
糟糕	1	2
齢	1	1
孝	1	1
遭	1	1
日目	1	2
三振	1	2
耶	1	1
毛	1	1
増	1	1
跳	1	1
看出	1	2
这方面	1	3
格為	1	2
成為	1	2
航空	1	2
課	1	1
选择	1	2
届	1	1
風暴	1	2
材	1	1
結婚	1	2
梁	1	1
奈川	1	2
西亚	1	2
相当	1	2
城市	1	2
庸	1	1
署	1	1
幌	1	1
先輩	1	2
探	1	1
宽	1	1
韓国	1	2
混	1	1
坚	1	1
徳	1	1
覧	1	1
伦敦	1	2
恵	1	1
英文	1	2
粵	1	1
蘇	1	1
裕	1	1
競技	1	2
十分	1	2
感到	1	2
如果说	1	3
殊	1	1
暗	1	1
当年	1	2
預	1	1
逝	1	1
觀眾	1	2
一般而言	1	4
营	1	1
主張	1	2
一词	1	2
奖	1	1
估	1	1
彦	1	1
小学	1	2
文字	1	2
電影	1	2
直接	1	2
和平	1	2
新闻	1	2
札幌	1	2
地域	1	2
羽	1	1
杜	1	1
不用说	1	3
們	1	1
补充	1	2
孔子	1	2
简而言之	1	4
宇宙	1	2
驚	1	1
该死	1	2
恥	1	1
岸	1	1
慶	1	1
慢慢	1	2
说到底	1	3
陆	1	1
富士	1	2
吹替	1	2
萊	1	1
亚历山大	1	4
護	1	1
汤姆	1	2
岛	1	1
込	1	1
契	1	1
災	1	1
闘	1	1
痛苦	1	2
拉斯	1	2
辦	1	1
篮板	1	2
連勝	1	2
黒	1	1
折	1	1
遇	1	1
坡	1	1
錄	1	1
嘉	1	1
夏天	1	2
你好	1	2
专	1	1
受伤	1	2
社長	1	2
具有	1	2
没过多久	1	4
一动	1	2
奴	1	1
寺	1	1
逐	1	1
结论	1	2
何故	1	2
险	1	1
静岡	1	2
融	1	1
正义	1	2
熊	1	1
多数	1	2
符	1	1
倉	1	1
司会	1	2
正确	1	2
戏	1	1
暦	1	1
東海	1	2
名称	1	2
格兰	1	2
发展	1	2
主要	1	2
國民黨	1	3
安全	1	2
音響	1	2
沉默	1	2
以为	1	2
開幕	1	2
德國	1	2
岩	1	1
帮	1	1
塚	1	1
閣	1	1
顷	1	1
更新	1	2
今回	1	2
謝	1	1
偶	1	1
敬	1	1
收入	1	2
一瞬间	1	3
日現	1	2
零	1	1
剩	1	1
第五章	1	3
佐藤	1	2
克里斯	1	3
出典	1	2
启	1	1
构	1	1
宏	1	1
敏	1	1
商务	1	2
匹	1	1
礼记	1	2
晩	1	1
人民共和国	1	5
肩	1	1
誕	1	1
男性	1	2
不到	1	2
港元	1	2
决定	1	2
临	1	1
來源	1	2
黙	1	1
瀬	1	1
昌	1	1
棒	1	1
织	1	1
制定	1	2
身体	1	2
杯	1	1
田中	1	2
顾	1	1
廷	1	1
之一	1	2
我敢	1	2
很多	1	2
上面	1	2
歌曲	1	2
易经	1	2
纯	1	1
宣言	1	2
接受	1	2
幻	1	1
虑	1	1
从那以后	1	4
鉴	1	1
德华	1	2
主席	1	2
近年来	1	3
傍	1	1
東北	1	2
知识	1	2
輯	1	1
簡稱	1	2
饭	1	1
荣	1	1
餘	1	1
数据	1	2
爱德华	1	3
号機	1	2
生命	1	2
藏	1	1
俊	1	1
迈	1	1
理学	1	2
士兵	1	2
这话	1	2
泳	1	1
另有	1	2
辛	1	1
亚当	1	2
猜	1	1
教授	1	2
女人	1	2
一些	1	2
莎	1	1
真是	1	2
印书馆	1	3
商务印书馆	1	5
控	1	1
翼	1	1
祖	1	1
耸	1	1
拉克	1	2
年轻	1	2
俄罗斯	1	3
認為	1	2
編號	1	2
語吹替	1	3
歌手	1	2
党派	1	2
炮	1	1
阪神	1	2
体重	1	2
經濟	1	2
浩	1	1
月場	1	2
哈利	1	2
議席	1	2
積	1	1
憲	1	1
警報	1	2
設計	1	2
姿	1	1
责	1	1
透	1	1
看着	1	2
后汉书	1	3
