，	5	1
的	4	1
请	4	1
不	3	1
在	3	1
字	3	1
删除	3	2
输入	3	2
页面	3	2
生成	3	2
默认	3	2
数	2	1
日	2	1
成	2	1
名	2	1
中	2	1
新	2	1
文	2	1
下	2	1
分	2	1
上	2	1
成功	2	2
示	2	1
用户	2	2
数据	2	2
是	2	1
时间	2	2
加	2	1
生	2	1
类	2	1
方	2	1
注	2	1
修改	2	2
输	2	1
文件	2	2
到	2	1
动	2	1
图	2	1
提	2	1
发	2	1
登	2	1
关	2	1
第	2	1
如	2	1
设	2	1
开	2	1
要	2	1
最	2	1
返回	2	2
器	2	1
商	2	1
对	2	1
参数	2	2
查	2	1
和	2	1
更	2	1
请求	2	2
主	2	1
自	2	1
我	2	1
结	2	1
使用	2	2
段	2	1
当	2	1
方法	2	2
实	2	1
获取	2	2
添加	2	2
设置	2	2
商品	2	2
则	2	1
存在	2	2
创建	2	2
笑	2	1
解	2	1
更新	2	2
选择	2	2
命	2	1
为空	2	2
查询	2	2
监听	2	2
不能	2	2
或	2	1
移	2	1
注意	2	2
周期	2	2
如果	2	2
并	2	1
是否	2	2
输出	2	2
设计	2	2
雅黑	2	2
初始化	2	3
若	2	1
年	1	1
月	1	1
用	1	1
时	1	1
件	1	1
一	1	1
据	1	1
码	1	1
入	1	1
人	1	1
功	1	1
户	1	1
为	1	1
间	1	1
号	1	1
取	1	1
回	1	1
页	1	1
有	1	1
个	1	1
作	1	1
出	1	1
失	1	1
表	1	1
除	1	1
败	1	1
信	1	1
置	1	1
理	1	1
本	1	1
失败	1	2
息	1	1
行	1	1
定	1	1
改	1	1
市	1	1
期	1	1
以	1	1
修	1	1
元	1	1
录	1	1
区	1	1
单	1	1
位	1	1
型	1	1
法	1	1
县	1	1
存	1	1
品	1	1
前	1	1
称	1	1
值	1	1
建	1	1
能	1	1
大	1	1
例	1	1
度	1	1
始	1	1
面	1	1
载	1	1
信息	1	2
点	1	1
密	1	1
果	1	1
式	1	1
国	1	1
错	1	1
者	1	1
认	1	1
误	1	1
接	1	1
重	1	1
地	1	1
目	1	1
事	1	1
名称	1	2
可	1	1
代	1	1
小	1	1
选	1	1
标	1	1
明	1	1
编	1	1
求	1	1
列	1	1
网	1	1
万	1	1
所	1	1
内	1	1
类型	1	2
体	1	1
通	1	1
务	1	1
此	1	1
序	1	1
错误	1	2
化	1	1
消	1	1
否	1	1
保	1	1
使	1	1
次	1	1
机	1	1
量	1	1
函数	1	2
密码	1	2
部	1	1
性	1	1
后	1	1
证	1	1
题	1	1
确	1	1
格	1	1
了	1	1
于	1	1
金	1	1
公	1	1
午	1	1
円	1	1
片	1	1
空	1	1
态	1	1
登录	1	2
管	1	1
天	1	1
全	1	1
今	1	1
来	1	1
正	1	1
说	1	1
意	1	1
送	1	1
容	1	1
已	1	1
会	1	1
计	1	1
源	1	1
色	1	1
時	1	1
交	1	1
系	1	1
过	1	1
电	1	1
询	1	1
符	1	1
未	1	1
程	1	1
常	1	1
条	1	1
管理	1	2
情	1	1
口	1	1
合	1	1
车	1	1
组	1	1
操作	1	2
版	1	1
周	1	1
址	1	1
记	1	1
二	1	1
同	1	1
业	1	1
权	1	1
其	1	1
进	1	1
试	1	1
验	1	1
料	1	1
传	1	1
述	1	1
集	1	1
多	1	1
无	1	1
员	1	1
报	1	1
他	1	1
無	1	1
服	1	1
线	1	1
这	1	1
制	1	1
内容	1	2
将	1	1
状态	1	2
列表	1	2
处	1	1
高	1	1
子	1	1
道	1	1
章	1	1
手	1	1
库	1	1
三	1	1
提示	1	2
从	1	1
支	1	1
家	1	1
日期	1	2
长	1	1
付	1	1
秒	1	1
图片	1	2
路	1	1
代码	1	2
完	1	1
象	1	1
现	1	1
地址	1	2
保存	1	2
京	1	1
转	1	1
辑	1	1
一个	1	2
限	1	1
力	1	1
学	1	1
外	1	1
调	1	1
服务	1	2
项	1	1
北	1	1
字符	1	2
工	1	1
监	1	1
任	1	1
相	1	1
验证	1	2
微	1	1
册	1	1
联	1	1
平	1	1
增	1	1
听	1	1
等	1	1
得	1	1
收	1	1
安	1	1
价	1	1
取消	1	2
藏	1	1
订单	1	2
应	1	1
看	1	1
索	1	1
资	1	1
产	1	1
表示	1	2
串	1	1
布	1	1
原	1	1
知	1	1
级	1	1
水	1	1
上传	1	2
击	1	1
好	1	1
物	1	1
放	1	1
亿	1	1
经	1	1
描述	1	2
模	1	1
之	1	1
台	1	1
显示	1	2
州	1	1
配	1	1
处理	1	2
画	1	1
统	1	1
共	1	1
连	1	1
海	1	1
开始	1	2
所有	1	2
节	1	1
退	1	1
間	1	1
比	1	1
问	1	1
至	1	1
备	1	1
你	1	1
黑	1	1
下午	1	2
编辑	1	2
与	1	1
影	1	1
作者	1	2
话	1	1
视	1	1
读	1	1
告	1	1
美	1	1
事件	1	2
女	1	1
山	1	1
需	1	1
复	1	1
手机	1	2
南	1	1
必	1	1
中国	1	2
闭	1	1
加载	1	2
城	1	1
用户名	1	3
结果	1	2
近	1	1
效	1	1
利	1	1
总	1	1
按	1	1
排	1	1
首	1	1
記	1	1
社	1	1
标题	1	2
完成	1	2
确定	1	2
西	1	1
先	1	1
然	1	1
键	1	1
额	1	1
写	1	1
注册	1	2
签	1	1
因	1	1
下载	1	2
别	1	1
异	1	1
束	1	1
生命周期	1	4
心	1	1
链	1	1
指	1	1
评	1	1
整	1	1
四	1	1
断	1	1
角	1	1
生命	1	2
周期函数	1	4
连接	1	2
消息	1	2
软	1	1
头	1	1
对象	1	2
邮	1	1
义	1	1
司	1	1
步	1	1
门	1	1
导	1	1
客	1	1
右	1	1
频	1	1
像	1	1
特	1	1
记录	1	2
非	1	1
省	1	1
造	1	1
姓名	1	2
说明	1	2
字符串	1	3
径	1	1
详	1	1
验证码	1	3
由	1	1
包	1	1
通过	1	2
东	1	1
论	1	1
当前	1	2
络	1	1
款	1	1
支付	1	2
启	1	1
而	1	1
填	1	1
格式	1	2
释	1	1
持	1	1
北京	1	2
向	1	1
算	1	1
江	1	1
里	1	1
份	1	1
责	1	1
科	1	1
民	1	1
数组	1	2
治	1	1
声	1	1
男	1	1
重新	1	2
分类	1	2
以上	1	2
异常	1	2
族	1	1
站	1	1
没	1	1
県	1	1
雅	1	1
版本	1	2
换	1	1
核	1	1
素	1	1
都	1	1
超	1	1
网络	1	2
店	1	1
起	1	1
隐藏	1	2
享	1	1
进行	1	2
提交	1	2
发送	1	2
联系	1	2
拉	1	1
米	1	1
系统	1	2
引	1	1
编号	1	2
点击	1	2
语	1	1
土	1	1
宋	1	1
直	1	1
每	1	1
公司	1	2
箱	1	1
项目	1	2
後	1	1
可以	1	2
参	1	1
变	1	1
基	1	1
場	1	1
待	1	1
程序	1	2
规	1	1
数据库	1	3
政	1	1
软雅黑	1	3
排序	1	2
也	1	1
介	1	1
首页	1	2
关闭	1	2
钟	1	1
五	1	1
执行	1	2
审	1	1
单位	1	2
手机号	1	3
木	1	1
打	1	1
活	1	1
微软	1	2
播	1	1
方式	1	2
该	1	1
条件	1	2
記事	1	2
展	1	1
钮	1	1
具	1	1
路径	1	2
退出	1	2
宋体	1	2
志	1	1
言	1	1
购	1	1
但	1	1
星	1	1
两	1	1
例如	1	2
左	1	1
考	1	1
构	1	1
報	1	1
球	1	1
相关	1	2
音	1	1
端	1	1
搜索	1	2
投	1	1
立	1	1
属性	1	2
们	1	1
火	1	1
清	1	1
金额	1	2
账	1	1
就	1	1
费	1	1
示例	1	2
没有	1	2
结束	1	2
案	1	1
控	1	1
广	1	1
确认	1	2
历	1	1
及	1	1
計	1	1
止	1	1
么	1	1
货	1	1
测试	1	2
数量	1	2
位置	1	2
時間	1	2
文章	1	2
阳	1	1
队	1	1
技	1	1
场	1	1
链接	1	2
数字	1	2
声明	1	2
少	1	1
形	1	1
产品	1	2
稿	1	1
英	1	1
游	1	1
亿元	1	2
分钟	1	2
供	1	1
推	1	1
税	1	1
按钮	1	2
初	1	1
私	1	1
需要	1	2
全部	1	2
景	1	1
资源	1	2
去	1	1
华	1	1
评论	1	2
配置	1	2
話	1	1
番	1	1
问题	1	2
报道	1	2
环	1	1
张	1	1
開	1	1
种	1	1
易	1	1
您	1	1
视频	1	2
再	1	1
可能	1	2
文字	1	2
板	1	1
以下	1	2
电话	1	2
連	1	1
真	1	1
有效	1	2
今年	1	2
流	1	1
余	1	1
任务	1	2
见	1	1
正确	1	2
给	1	1
服务器	1	3
来源	1	2
详情	1	2
局	1	1
优	1	1
书	1	1
一页	1	2
发布	1	2
思	1	1
見	1	1
動	1	1
运	1	1
审核	1	2
样	1	1
其中	1	2
权限	1	2
（	1	1
定义	1	2
销	1	1
万元	1	2
同时	1	2
無料	1	2
即	1	1
只	1	1
老	1	1
岁	1	1
大小	1	2
找	1	1
节点	1	2
小时	1	2
其他	1	2
自治	1	2
分享	1	2
稍	1	1
达	1	1
邮箱	1	2
新增	1	2
院	1	1
価	1	1
気	1	1
约	1	1
速	1	1
停	1	1
反	1	1
票	1	1
十	1	1
身	1	1
含	1	1
率	1	1
汽	1	1
专	1	1
管理员	1	3
歳	1	1
関	1	1
议	1	1
雷	1	1
正在	1	2
自动	1	2
些	1	1
界	1	1
陆	1	1
备注	1	2
倍	1	1
読	1	1
价格	1	2
检	1	1
我们	1	2
还	1	1
析	1	1
企	1	1
友	1	1
”	1	1
简	1	1
問	1	1
功能	1	2
长度	1	2
装	1	1
感	1	1
哈	1	1
何	1	1
预	1	1
送料	1	2
尔	1	1
在线	1	2
