的	776	1
▁	397	1
在	152	1
了	131	1
是	117	1
我	84	1
不	77	1
有	73	1
和	58	1
他	49	1
人	45	1
也	42	1
你	41	1
对	39	1
为	38	1
就	38	1
这	35	1
中	34	1
一	34	1
上	32	1
要	30	1
说	30	1
都	24	1
可	22	1
她	22	1
我们	21	2
会	21	1
很	20	1
可以	19	2
到	19	1
所	19	1
能	19	1
看	19	1
一个	18	2
多	18	1
大	18	1
与	18	1
得	18	1
其	17	1
着	17	1
让	17	1
年	16	1
还	16	1
把	15	1
地	15	1
最	14	1
被	14	1
没有	13	2
从	13	1
新	13	1
并	13	1
公司	13	2
好	13	1
中国	13	2
下	12	1
什么	12	2
无	12	1
而	12	1
过	12	1
没	12	1
以	11	1
或	11	1
给	11	1
那	11	1
想	11	1
社会	11	2
用	10	1
时	10	1
出	10	1
来	10	1
本	10	1
更	10	1
两	10	1
等	10	1
之	10	1
高	10	1
但	10	1
做	10	1
又	10	1
发展	10	2
企业	10	2
管理	9	2
个	9	1
一定	9	2
自己	9	2
前	9	1
内	9	1
于	9	1
应	9	1
如果	8	2
将	8	1
存在	8	2
其他	8	2
这样	8	2
一种	8	2
小	8	1
主要	8	2
问	8	1
已	8	1
三	8	1
事	8	1
金	8	1
水	8	1
经济	8	2
执行	7	2
可能	7	2
点	7	1
知道	7	2
第	7	1
生产	7	2
使	7	1
们	7	1
日	7	1
去	7	1
心	7	1
这个	6	2
通过	6	2
情况	6	2
第一	6	2
以下	6	2
分	6	1
学生	6	2
发生	6	2
怎么	6	2
此	6	1
他们	6	2
只	6	1
成	6	1
开	6	1
生	6	1
长	6	1
者	6	1
天	6	1
外	6	1
起	6	1
月	6	1
话	6	1
几	6	1
跟	6	1
吃	6	1
孩子	6	2
文化	6	2
研究	6	2
数据	5	2
使用	5	2
所有	5	2
最后	5	2
因为	5	2
后	5	1
已经	5	2
不是	5	2
不同	5	2
当	5	1
工作	5	2
控制	5	2
同时	5	2
每	5	1
基础	5	2
它	5	1
产品	5	2
行	5	1
重要	5	2
全	5	1
原	5	1
作	5	1
同	5	1
向	5	1
正	5	1
学	5	1
国	5	1
受	5	1
市	5	1
至	5	1
花	5	1
占	5	1
美	5	1
老	5	1
生活	5	2
技术	5	2
世界	5	2
有限公司	5	4
历史	5	2
教学	5	2
人民法院	5	4
合同	5	2
理论	5	2
谁	5	1
方法	4	2
结果	4	2
计算	4	2
两个	4	2
就是	4	2
这里	4	2
出现	4	2
字	4	1
段	4	1
目标	4	2
作为	4	2
其中	4	2
增加	4	2
项目	4	2
有效	4	2
相关	4	2
实际	4	2
过程	4	2
主	4	1
以上	4	2
现在	4	2
建立	4	2
重	4	1
影响	4	2
产生	4	2
另	4	1
先	4	1
很多	4	2
按	4	1
信号	4	2
自	4	1
总	4	1
该	4	1
关于	4	2
思想	4	2
定	4	1
如	4	1
法	4	1
名	4	1
加	4	1
元	4	1
量	4	1
打	4	1
则	4	1
号	4	1
发	4	1
动	4	1
性	4	1
写	4	1
条	4	1
比	4	1
区	4	1
经	4	1
非	4	1
未	4	1
较	4	1
均	4	1
家	4	1
四	4	1
各	4	1
走	4	1
真	4	1
才	4	1
微	4	1
书	4	1
见	4	1
太	4	1
海	4	1
红	4	1
听	4	1
神	4	1
黑	4	1
山	4	1
死	4	1
马	4	1
教育	4	2
国家	4	2
能力	4	2
方面	4	2
市场	4	2
规定	4	2
美国	4	2
患者	4	2
投资	4	2
表现	4	2
责任	4	2
教师	4	2
科学	4	2
形成	4	2
人生	4	2
政策	4	2
风险	4	2
我国	4	2
经营	4	2
实施	4	2
增长	4	2
爱	4	1
收入	4	2
特色	4	2
行政	4	2
看着	4	2
代理人	4	3
笑	4	1
时间	3	2
信息	3	2
是否	3	2
设置	3	2
内容	3	2
需要	3	2
进行	3	2
最大	3	2
值	3	1
所以	3	2
成功	3	2
服务	3	2
那么	3	2
实现	3	2
选择	3	2
注意	3	2
问题	3	2
第二	3	2
条件	3	2
得到	3	2
系统	3	2
时候	3	2
范围	3	2
之间	3	2
取得	3	2
但是	3	2
面	3	1
功能	3	2
提供	3	2
类	3	1
简单	3	2
正确	3	2
结构	3	2
首先	3	2
任何	3	2
获得	3	2
平均	3	2
包括	3	2
分别	3	2
必要	3	2
关系	3	2
具体	3	2
标准	3	2
学习	3	2
这是	3	2
确定	3	2
如何	3	2
业务	3	2
为了	3	2
特殊	3	2
取	3	1
交易	3	2
这种	3	2
报告	3	2
发布	3	2
个人	3	2
非常	3	2
损失	3	2
安全	3	2
看到	3	2
第三	3	2
原因	3	2
若	3	1
单	3	1
变化	3	2
北京	3	2
活动	3	2
分为	3	2
采用	3	2
申请	3	2
地方	3	2
真实	3	2
行为	3	2
价值	3	2
请	3	1
目的	3	2
子	3	1
为什么	3	3
二	3	1
文	3	1
件	3	1
回	3	1
方	3	1
度	3	1
化	3	1
式	3	1
进	3	1
信	3	1
例	3	1
指	3	1
变	3	1
找	3	1
处	3	1
里	3	1
制	3	1
连	3	1
因	3	1
期	3	1
明	3	1
完	3	1
情	3	1
力	3	1
词	3	1
品	3	1
权	3	1
再	3	1
平	3	1
由	3	1
道	3	1
达	3	1
员	3	1
超	3	1
电	3	1
产	3	1
清	3	1
身	3	1
车	3	1
近	3	1
白	3	1
带	3	1
双	3	1
约	3	1
女	3	1
倒	3	1
五	3	1
哪	3	1
西	3	1
北	3	1
东	3	1
越	3	1
男	3	1
吧	3	1
石	3	1
拿	3	1
光	3	1
跑	3	1
大家	3	2
人民	3	2
人员	3	2
所述	3	2
专业	3	2
组织	3	2
提高	3	2
知识	3	2
不过	3	2
法律	3	2
不断	3	2
感觉	3	2
质量	3	2
诉讼	3	2
政府	3	2
生命	3	2
银行	3	2
国际	3	2
全国	3	2
材料	3	2
传统	3	2
产业	3	2
未来	3	2
共同	3	2
意识	3	2
决定	3	2
引起	3	2
有关	3	2
民事	3	2
带来	3	2
提出	3	2
意义	3	2
程度	3	2
人类	3	2
政治	3	2
律师	3	2
根本	3	2
承担	3	2
股份	3	2
土地	3	2
很大	3	2
委托	3	2
适用	3	2
资产	3	2
犯罪	3	2
重大	3	2
利益	3	2
比例	3	2
制定	3	2
权利	3	2
本发明	3	3
主体	3	2
最高人民法院	3	6
约定	3	2
风	3	1
病	3	1
住	3	1
极大	3	2
黄	3	1
既	3	1
术	3	1
呗	3	1
古	3	1
血	3	1
九	3	1
啊	3	1
青	3	1
代码	2	2
返回	2	2
文件	2	2
函数	2	2
获取	2	2
用户	2	2
对象	2	2
参数	2	2
位置	2	2
处理	2	2
每个	2	2
然后	2	2
错误	2	2
图片	2	2
数量	2	2
根据	2	2
模型	2	2
对应	2	2
不能	2	2
部分	2	2
复杂	2	2
一次	2	2
方式	2	2
对于	2	2
模式	2	2
描述	2	2
商品	2	2
或者	2	2
解	2	1
说明	2	2
相同	2	2
客户	2	2
注册	2	2
应用	2	2
数	2	1
点击	2	2
关键	2	2
不会	2	2
一下	2	2
要求	2	2
支持	2	2
应该	2	2
出来	2	2
一些	2	2
按照	2	2
形式	2	2
如下	2	2
之前	2	2
由于	2	2
资源	2	2
基本	2	2
全部	2	2
因此	2	2
它们	2	2
方向	2	2
价格	2	2
分析	2	2
单位	2	2
一条	2	2
超过	2	2
内部	2	2
环境	2	2
唯一	2	2
改变	2	2
支付	2	2
金额	2	2
这些	2	2
解释	2	2
作者	2	2
其实	2	2
限制	2	2
视频	2	2
股票	2	2
课程	2	2
最终	2	2
作用	2	2
起来	2	2
符合	2	2
城市	2	2
微信	2	2
变成	2	2
通知	2	2
整个	2	2
开发	2	2
语言	2	2
完全	2	2
理解	2	2
快速	2	2
弹	2	1
不可	2	2
最高	2	2
下面	2	2
特定	2	2
还有	2	2
一般	2	2
设计	2	2
下来	2	2
消费	2	2
于是	2	2
总数	2	2
固定	2	2
相应	2	2
电话	2	2
经过	2	2
容易	2	2
导致	2	2
目前	2	2
员工	2	2
几个	2	2
背景	2	2
效果	2	2
遇到	2	2
准备	2	2
一起	2	2
具有	2	2
达到	2	2
购买	2	2
今天	2	2
层	2	1
来源	2	2
切换	2	2
您	2	1
需	2	1
角度	2	2
东西	2	2
属于	2	2
表	2	1
果	2	1
入	2	1
据	2	1
代	2	1
间	2	1
建	2	1
组	2	1
素	2	1
位	2	1
户	2	1
次	2	1
型	2	1
图	2	1
设	2	1
题	2	1
计	2	1
合	2	1
器	2	1
程	2	1
空	2	1
义	2	1
除	2	1
路	2	1
现	2	1
初	2	1
通	2	1
部	2	1
关	2	1
注	2	1
复	2	1
然	2	1
线	2	1
机	2	1
记	2	1
口	2	1
选	2	1
常	2	1
树	2	1
读	2	1
判	2	1
含	2	1
编	2	1
样	2	1
即	2	1
体	2	1
别	2	1
像	2	1
任	2	1
系	2	1
头	2	1
显	2	1
特	2	1
率	2	1
手	2	1
且	2	1
源	2	1
何	2	1
些	2	1
知	2	1
物	2	1
价	2	1
句	2	1
命	2	1
反	2	1
首	2	1
简	2	1
母	2	1
业	2	1
界	2	1
共	2	1
布	2	1
利	2	1
及	2	1
满	2	1
板	2	1
快	2	1
供	2	1
立	2	1
某	2	1
决	2	1
费	2	1
安	2	1
张	2	1
易	2	1
活	2	1
质	2	1
停	2	1
门	2	1
周	2	1
致	2	1
站	2	1
十	2	1
英	2	1
许	2	1
房	2	1
低	2	1
校	2	1
买	2	1
核	2	1
声	2	1
场	2	1
精	2	1
款	2	1
强	2	1
牛	2	1
陆	2	1
望	2	1
师	2	1
蓝	2	1
万	2	1
拉	2	1
气	2	1
叶	2	1
云	2	1
王	2	1
六	2	1
歌	2	1
干	2	1
温	2	1
吗	2	1
审	2	1
老师	2	2
关注	2	2
健康	2	2
学校	2	2
介绍	2	2
大学	2	2
而且	2	2
建设	2	2
觉得	2	2
精神	2	2
虽然	2	2
成为	2	2
有限	2	2
特别	2	2
治疗	2	2
自然	2	2
原告	2	2
法院	2	2
每天	2	2
同学	2	2
积极	2	2
各种	2	2
故事	2	2
真的	2	2
人们	2	2
一点	2	2
期间	2	2
父母	2	2
造成	2	2
艺术	2	2
行业	2	2
这么	2	2
进一步	2	3
科技	2	2
成长	2	2
水平	2	2
心理	2	2
领导	2	2
机构	2	2
随着	2	2
地区	2	2
当然	2	2
时代	2	2
疾病	2	2
宝宝	2	2
幸福	2	2
会议	2	2
综合	2	2
感受	2	2
之一	2	2
欢迎	2	2
公众	2	2
机会	2	2
丰富	2	2
明显	2	2
裁定	2	2
别人	2	2
今年	2	2
计划	2	2
领域	2	2
真正	2	2
持续	2	2
出生	2	2
当时	2	2
严重	2	2
优秀	2	2
需求	2	2
尤其	2	2
经验	2	2
本次	2	2
稳定	2	2
集团	2	2
中华人民共和国	2	7
对方	2	2
无论	2	2
上海	2	2
事情	2	2
指导	2	2
媒体	2	2
阶段	2	2
认识	2	2
从而	2	2
职业	2	2
经历	2	2
劳动	2	2
告诉	2	2
细胞	2	2
现代	2	2
品牌	2	2
一年	2	2
另外	2	2
女人	2	2
自身	2	2
受到	2	2
资料	2	2
因素	2	2
最好	2	2
一切	2	2
资金	2	2
身边	2	2
主义	2	2
自我	2	2
发挥	2	2
实践	2	2
不管	2	2
案件	2	2
销售	2	2
办法	2	2
然而	2	2
合理	2	2
全球	2	2
成本	2	2
创造	2	2
明确	2	2
常见	2	2
母亲	2	2
制度	2	2
特点	2	2
美丽	2	2
哪些	2	2
农业	2	2
成立	2	2
意思	2	2
充满	2	2
公开	2	2
本文	2	2
到底	2	2
严格	2	2
机关	2	2
更好	2	2
药物	2	2
诉讼法	2	3
一天	2	2
核心	2	2
清楚	2	2
统一	2	2
美好	2	2
临床	2	2
采取	2	2
良好	2	2
父亲	2	2
改革	2	2
体系	2	2
同样	2	2
眼睛	2	2
血管	2	2
思维	2	2
意见	2	2
态度	2	2
声音	2	2
离开	2	2
召开	2	2
所谓	2	2
费用	2	2
明白	2	2
独立	2	2
大量	2	2
原则	2	2
身上	2	2
之外	2	2
日起	2	2
收到	2	2
裁	2	1
各项	2	2
上诉	2	2
体现	2	2
党	2	1
内心	2	2
战略	2	2
依据	2	2
最佳	2	2
观点	2	2
岁	2	1
熟悉	2	2
适当	2	2
留下	2	2
哪里	2	2
他人	2	2
足够	2	2
广泛	2	2
法定	2	2
世纪	2	2
做出	2	2
独特	2	2
合适	2	2
发表	2	2
样子	2	2
概念	2	2
深刻	2	2
利息	2	2
很快	2	2
集体	2	2
心中	2	2
差异	2	2
反映	2	2
区别	2	2
地位	2	2
消费者	2	3
事项	2	2
预计	2	2
漂亮	2	2
面临	2	2
资本	2	2
起到	2	2
及其	2	2
失去	2	2
烈	2	1
董事	2	2
作出	2	2
那样	2	2
较大	2	2
法规	2	2
认定	2	2
证券	2	2
近年来	2	3
公告	2	2
那里	2	2
不见	2	2
看出	2	2
李	2	1
中级	2	2
受理费	2	3
社会主义	2	4
事务所	2	3
一句	2	2
究竟	2	2
强大	2	2
习近平	2	3
预期	2	2
著名	2	2
县	2	1
之所以	2	3
热	2	1
地上	2	2
营业	2	2
本质	2	2
优选	2	2
巨大	2	2
签订	2	2
伟大	2	2
同比	2	2
缴纳	2	2
这件	2	2
北京市	2	3
融资	2	2
刘	2	1
眼前	2	2
脸上	2	2
发行	2	2
这句	2	2
陷入	2	2
争议	2	2
强烈	2	2
简称	2	2
总书记	2	3
以外	2	2
陈	2	1
更大	2	2
股东	2	2
一口	2	2
亲爱	2	2
一项	2	2
租赁	2	2
一声	2	2
目光	2	2
股权	2	2
丽	2	1
抱	2	1
有限责任	2	4
纳税	2	2
常用	2	2
持有	2	2
正当	2	2
前提	2	2
激烈	2	2
杨	2	1
亮	2	1
下列	2	2
落	2	1
说道	2	2
可能性	2	3
所说	2	2
早	2	1
却	2	1
划分	2	2
躺	2	1
从来	2	2
赵	2	1
军	2	1
情形	2	2
阶级	2	2
吴	2	1
挂	2	1
一审	2	2
所得税	2	3
奠定	2	2
脸	2	1
徐	2	1
孙	2	1
交易所	2	3
哭	2	1
盯	2	1
谢	2	1
林	2	1
朱	2	1
胡	2	1
诗	2	1
杀	2	1
喝	2	1
颇	2	1
百分点	2	3
会计师	2	3
连带	2	2
罗	2	1
宋	2	1
郑	2	1
故	2	1
使用权	2	3
拍	2	1
唐	2	1
梁	2	1
韩	2	1
吓	2	1
上年	2	2
曾	2	1
症	2	1
苏	2	1
叫	2	1
曹	2	1
阿	2	1
南	2	1
华	2	1
龙	2	1
江	2	1
杜	2	1
董	2	1
夏	2	1
政	2	1
沈	2	1
油	2	1
煎	2	1
袁	2	1
苦	2	1
秦	2	1
崔	2	1
克	2	1
靠	2	1
康	2	1
罪	2	1
春	2	1
土	2	1
村	2	1
武	2	1
借	2	1
职	2	1
顾	2	1
刚	2	1
毛	2	1
宁	2	1
莫	2	1
德	2	1
史	2	1
香	2	1
施	2	1
七	2	1
亲	2	1
字符	1	2
列表	1	2
创建	1	2
元素	1	2
输入	1	2
字符串	1	3
数组	1	2
当前	1	2
节点	1	2
定义	1	2
打印	1	2
输出	1	2
表示	1	2
用于	1	2
添加	1	2
初始	1	2
类型	1	2
数字	1	2
调用	1	2
操作	1	2
长度	1	2
测试	1	2
路径	1	2
生成	1	2
请求	1	2
删除	1	2
查询	1	2
更新	1	2
开始	1	2
名称	1	2
变量	1	2
转换	1	2
判断	1	2
指定	1	2
循环	1	2
连接	1	2
状态	1	2
包含	1	2
存储	1	2
记录	1	2
数据库	1	3
提交	1	2
最小	1	2
读取	1	2
属性	1	2
默认	1	2
实例	1	2
序列	1	2
直接	1	2
修改	1	2
发送	1	2
找到	1	2
密码	1	2
格式	1	2
保存	1	2
地址	1	2
消息	1	2
配置	1	2
模块	1	2
登录	1	2
显示	1	2
检查	1	2
第一个	1	3
集合	1	2
大小	1	2
目录	1	2
程序	1	2
失败	1	2
等于	1	2
个数	1	2
线程	1	2
示例	1	2
异常	1	2
标签	1	2
验证	1	2
大于	1	2
接口	1	2
结束	1	2
矩阵	1	2
访问	1	2
页面	1	2
图像	1	2
文字	1	2
次数	1	2
打开	1	2
题目	1	2
指针	1	2
运行	1	2
随机	1	2
关闭	1	2
搜索	1	2
文本	1	2
训练	1	2
小于	1	2
重复	1	2
算法	1	2
答案	1	2
任务	1	2
响应	1	2
移动	1	2
插入	1	2
日期	1	2
服务器	1	3
完成	1	2
区间	1	2
思路	1	2
编码	1	2
比较	1	2
否则	1	2
链接	1	2
进制	1	2
字母	1	2
每次	1	2
考虑	1	2
表达	1	2
分类	1	2
语句	1	2
自动	1	2
空间	1	2
必须	1	2
表达式	1	3
窗口	1	2
命令	1	2
坐标	1	2
接收	1	2
一行	1	2
即可	1	2
构造	1	2
统计	1	2
事件	1	2
单词	1	2
标题	1	2
顺序	1	2
距离	1	2
退出	1	2
满足	1	2
解析	1	2
客户端	1	3
编号	1	2
等待	1	2
运算	1	2
只有	1	2
订单	1	2
进程	1	2
网络	1	2
合并	1	2
特征	1	2
提示	1	2
颜色	1	2
计数	1	2
预测	1	2
版本	1	2
文章	1	2
提取	1	2
代表	1	2
发现	1	2
并且	1	2
例如	1	2
第二个	1	3
按钮	1	2
模板	1	2
启动	1	2
多个	1	2
多少	1	2
内存	1	2
交换	1	2
重新	1	2
下载	1	2
值为	1	2
优化	1	2
三个	1	2
继续	1	2
绘制	1	2
标记	1	2
名为	1	2
利用	1	2
动态	1	2
中间	1	2
要素	1	2
分割	1	2
用来	1	2
角色	1	2
手机	1	2
之后	1	2
原始	1	2
任意	1	2
姓名	1	2
加上	1	2
尝试	1	2
组合	1	2
只能	1	2
向量	1	2
模拟	1	2
工具	1	2
游戏	1	2
方案	1	2
代理	1	2
排列	1	2
高度	1	2
文档	1	2
追加	1	2
加入	1	2
最长	1	2
直到	1	2
菜单	1	2
查看	1	2
评论	1	2
无法	1	2
边界	1	2
转移	1	2
过滤	1	2
以及	1	2
一样	1	2
深度	1	2
类别	1	2
每一	1	2
构建	1	2
解决	1	2
剩余	1	2
扩展	1	2
实体	1	2
正在	1	2
继承	1	2
中文	1	2
接受	1	2
装饰	1	2
允许	1	2
传递	1	2
样本	1	2
参考	1	2
优先	1	2
设备	1	2
假设	1	2
规则	1	2
还是	1	2
年龄	1	2
引用	1	2
本地	1	2
检测	1	2
平方	1	2
逻辑	1	2
保证	1	2
左右	1	2
此时	1	2
后面	1	2
进入	1	2
符号	1	2
连续	1	2
起始	1	2
维护	1	2
中心	1	2
某个	1	2
正常	1	2
复制	1	2
速度	1	2
组成	1	2
到达	1	2
概率	1	2
注释	1	2
物品	1	2
比如	1	2
的话	1	2
填充	1	2
网页	1	2
前面	1	2
成员	1	2
以便	1	2
宽度	1	2
绝对	1	2
合法	1	2
暴力	1	2
显然	1	2
使得	1	2
保留	1	2
授权	1	2
联系	1	2
关联	1	2
选项	1	2
普通	1	2
上下	1	2
方程	1	2
里面	1	2
一致	1	2
定位	1	2
所在	1	2
区域	1	2
矩形	1	2
分数	1	2
覆盖	1	2
单元	1	2
分布	1	2
机器	1	2
数值	1	2
减去	1	2
规划	1	2
声明	1	2
编辑	1	2
线性	1	2
面积	1	2
只要	1	2
安装	1	2
最近	1	2
调整	1	2
公共	1	2
两种	1	2
存放	1	2
登陆	1	2
识别	1	2
一位	1	2
图形	1	2
完整	1	2
确保	1	2
例子	1	2
类似	1	2
停止	1	2
电影	1	2
相当	1	2
三角	1	2
公式	1	2
主机	1	2
避免	1	2
释放	1	2
不用	1	2
账户	1	2
视图	1	2
数为	1	2
成绩	1	2
旋转	1	2
形状	1	2
策略	1	2
平台	1	2
组件	1	2
不要	1	2
防止	1	2
方便	1	2
步骤	1	2
详细	1	2
认证	1	2
能够	1	2
部门	1	2
网站	1	2
日本	1	2
编写	1	2
性别	1	2
意味	1	2
屏幕	1	2
确认	1	2
相当于	1	3
临时	1	2
放在	1	2
协议	1	2
保持	1	2
放入	1	2
本身	1	2
取出	1	2
开启	1	2
至少	1	2
频率	1	2
外部	1	2
寻找	1	2
压缩	1	2
再次	1	2
不到	1	2
这一	1	2
依次	1	2
像素	1	2
最优	1	2
变为	1	2
分钟	1	2
通道	1	2
人数	1	2
展示	1	2
基于	1	2
通常	1	2
标志	1	2
间隔	1	2
新增	1	2
界面	1	2
回归	1	2
触发	1	2
抽象	1	2
完毕	1	2
上面	1	2
商业	1	2
后续	1	2
四个	1	2
表格	1	2
数学	1	2
字体	1	2
百度	1	2
减少	1	2
分配	1	2
你好	1	2
购物	1	2
身份	1	2
探索	1	2
小时	1	2
一步	1	2
签名	1	2
容量	1	2
分组	1	2
准确	1	2
只是	1	2
私有	1	2
本题	1	2
同步	1	2
备注	1	2
事务	1	2
等级	1	2
那个	1	2
扫描	1	2
第一次	1	3
滑动	1	2
场景	1	2
翻译	1	2
单元格	1	3
相似	1	2
取消	1	2
误差	1	2
播放	1	2
流程	1	2
询问	1	2
主题	1	2
同一	1	2
英文	1	2
因子	1	2
指数	1	2
才能	1	2
系数	1	2
所属	1	2
练习	1	2
分解	1	2
最低	1	2
房间	1	2
转为	1	2
应用程序	1	4
语法	1	2
共有	1	2
接下来	1	3
句子	1	2
一直	1	2
得分	1	2
无效	1	2
分成	1	2
放到	1	2
消耗	1	2
两次	1	2
一遍	1	2
月份	1	2
温度	1	2
神经	1	2
交互	1	2
框架	1	2
想到	1	2
精度	1	2
证明	1	2
希望	1	2
相对	1	2
喜欢	1	2
可用	1	2
关键词	1	3
填写	1	2
认为	1	2
除了	1	2
动作	1	2
列	1	1
码	1	1
输	1	1
置	1	1
符	1	1
返	1	1
存	1	1
接	1	1
获	1	1
函	1	1
序	1	1
示	1	1
结	1	1
始	1	1
标	1	1
算	1	1
息	1	1
创	1	1
理	1	1
串	1	1
查	1	1
模	1	1
否	1	1
目	1	1
节	1	1
象	1	1
实	1	1
参	1	1
转	1	1
求	1	1
录	1	1
容	1	1
印	1	1
提	1	1
换	1	1
调	1	1
格	1	1
测	1	1
相	1	1
配	1	1
试	1	1
集	1	1
包	1	1
整	1	1
交	1	1
务	1	1
排	1	1
添	1	1
历	1	1
遍	1	1
页	1	1
索	1	1
保	1	1
意	1	1
库	1	1
么	1	1
执	1	1
态	1	1
根	1	1
直	1	1
环	1	1
径	1	1
改	1	1
引	1	1
操	1	1
断	1	1
称	1	1
左	1	1
右	1	1
边	1	1
密	1	1
状	1	1
功	1	1
删	1	1
询	1	1
形	1	1
移	1	1
典	1	1
错	1	1
消	1	1
片	1	1
认	1	1
键	1	1
种	1	1
链	1	1
块	1	1
证	1	1
属	1	1
传	1	1
端	1	1
误	1	1
循	1	1
送	1	1
构	1	1
储	1	1
登	1	1
服	1	1
载	1	1
色	1	1
放	1	1
运	1	1
检	1	1
失	1	1
导	1	1
修	1	1
工	1	1
确	1	1
网	1	1
统	1	1
递	1	1
必	1	1
案	1	1
项	1	1
验	1	1
址	1	1
默	1	1
收	1	1
异	1	1
思	1	1
语	1	1
商	1	1
考	1	1
队	1	1
限	1	1
公	1	1
归	1	1
级	1	1
步	1	1
基	1	1
增	1	1
签	1	1
析	1	1
维	1	1
矩	1	1
少	1	1
管	1	1
角	1	1
匹	1	1
败	1	1
优	1	1
况	1	1
答	1	1
装	1	1
差	1	1
择	1	1
述	1	1
志	1	1
预	1	1
杂	1	1
束	1	1
客	1	1
描	1	1
随	1	1
响	1	1
搜	1	1
持	1	1
针	1	1
插	1	1
效	1	1
阵	1	1
访	1	1
练	1	1
闭	1	1
支	1	1
待	1	1
令	1	1
具	1	1
续	1	1
邮	1	1
释	1	1
言	1	1
击	1	1
范	1	1
训	1	1
规	1	1
秒	1	1
括	1	1
候	1	1
尾	1	1
版	1	1
减	1	1
画	1	1
造	1	1
离	1	1
余	1	1
围	1	1
足	1	1
启	1	1
乘	1	1
准	1	1
切	1	1
继	1	1
流	1	1
资	1	1
跳	1	1
积	1	1
报	1	1
备	1	1
窗	1	1
推	1	1
距	1	1
退	1	1
止	1	1
照	1	1
视	1	1
评	1	1
频	1	1
举	1	1
割	1	1
论	1	1
台	1	1
额	1	1
虑	1	1
坐	1	1
联	1	1
顺	1	1
须	1	1
便	1	1
展	1	1
订	1	1
枚	1	1
终	1	1
速	1	1
控	1	1
章	1	1
册	1	1
付	1	1
父	1	1
局	1	1
游	1	1
填	1	1
域	1	1
识	1	1
份	1	1
替	1	1
赋	1	1
账	1	1
告	1	1
影	1	1
拟	1	1
短	1	1
叉	1	1
框	1	1
负	1	1
掉	1	1
爬	1	1
半	1	1
深	1	1
剩	1	1
习	1	1
票	1	1
什	1	1
堆	1	1
征	1	1
辑	1	1
划	1	1
隔	1	1
顶	1	1
缓	1	1
颜	1	1
络	1	1
略	1	1
音	1	1
奇	1	1
似	1	1
己	1	1
箱	1	1
详	1	1
绘	1	1
菜	1	1
假	1	1
夹	1	1
钮	1	1
追	1	1
境	1	1
牌	1	1
际	1	1
星	1	1
套	1	1
料	1	1
球	1	1
缩	1	1
降	1	1
射	1	1
盘	1	1
姓	1	1
留	1	1
档	1	1
依	1	1
往	1	1
课	1	1
哈	1	1
阶	1	1
私	1	1
偶	1	1
股	1	1
充	1	1
卡	1	1
今	1	1
细	1	1
压	1	1
番	1	1
概	1	1
倍	1	1
滤	1	1
尝	1	1
午	1	1
轴	1	1
承	1	1
末	1	1
戏	1	1
购	1	1
销	1	1
互	1	1
锁	1	1
宽	1	1
扩	1	1
省	1	1
播	1	1
教	1	1
希	1	1
感	1	1
百	1	1
翻	1	1
护	1	1
城	1	1
為	1	1
映	1	1
饰	1	1
景	1	1
唯	1	1
邻	1	1
助	1	1
零	1	1
议	1	1
批	1	1
背	1	1
监	1	1
升	1	1
波	1	1
逆	1	1
够	1	1
采	1	1
拼	1	1
截	1	1
策	1	1
仅	1	1
轮	1	1
博	1	1
允	1	1
抽	1	1
绝	1	1
协	1	1
绑	1	1
司	1	1
封	1	1
池	1	1
译	1	1
广	1	1
累	1	1
难	1	1
龄	1	1
暴	1	1
防	1	1
普	1	1
逻	1	1
玩	1	1
抛	1	1
授	1	1
介	1	1
技	1	1
友	1	1
群	1	1
脚	1	1
京	1	1
座	1	1
殊	1	1
浮	1	1
暂	1	1
科	1	1
藏	1	1
础	1	1
欢	1	1
免	1	1
侧	1	1
耗	1	1
静	1	1
投	1	1
货	1	1
币	1	1
怎	1	1
無	1	1
食	1	1
偏	1	1
适	1	1
猜	1	1
呢	1	1
店	1	1
盖	1	1
味	1	1
观	1	1
覆	1	1
独	1	1
屏	1	1
圆	1	1
梯	1	1
木	1	1
扣	1	1
尔	1	1
底	1	1
激	1	1
染	1	1
演	1	1
般	1	1
附	1	1
探	1	1
避	1	1
遇	1	1
旋	1	1
钟	1	1
阅	1	1
固	1	1
绩	1	1
呼	1	1
幕	1	1
损	1	1
儿	1	1
散	1	1
远	1	1
扫	1	1
拆	1	1
虫	1	1
滑	1	1
补	1	1
临	1	1
隐	1	1
曲	1	1
缺	1	1
喜	1	1
架	1	1
触	1	1
詞	1	1
寻	1	1
申	1	1
刷	1	1
班	1	1
毕	1	1
卷	1	1
戳	1	1
剪	1	1
斯	1	1
刻	1	1
警	1	1
钱	1	1
笔	1	1
乐	1	1
献	1	1
宝	1	1
飞	1	1
骤	1	1
朋友	1	2
本院	1	2
了解	1	2
身体	1	2
被告	1	2
开展	1	2
来说	1	2
分享	1	2
运动	1	2
疫情	1	2
不仅	1	2
家长	1	2
帮助	1	2
努力	1	2
甚至	1	2
提升	1	2
参加	1	2
被执行人	1	4
家庭	1	2
阅读	1	2
建议	1	2
工程	1	2
幼儿	1	2
作品	1	2
更加	1	2
中华	1	2
保护	1	2
医院	1	2
及时	1	2
妈妈	1	2
做好	1	2
坚持	1	2
现场	1	2
有些	1	2
宣传	1	2
书记	1	2
你们	1	2
交通	1	2
合作	1	2
交流	1	2
学院	1	2
比赛	1	2
培训	1	2
重点	1	2
经常	1	2
以后	1	2
结合	1	2
越来越	1	3
考试	1	2
实用	1	2
新型	1	2
食物	1	2
群众	1	2
想要	1	2
习惯	1	2
许多	1	2
快乐	1	2
参与	1	2
加强	1	2
那些	1	2
负责	1	2
社区	1	2
财产	1	2
创新	1	2
相信	1	2
营养	1	2
卫生	1	2
和国	1	2
有人	1	2
来看	1	2
建筑	1	2
行动	1	2
不少	1	2
如此	1	2
适合	1	2
促进	1	2
旅游	1	2
共和国	1	3
汽车	1	2
十分	1	2
儿童	1	2
压力	1	2
力量	1	2
面对	1	2
皮肤	1	2
全面	1	2
不得	1	2
人民共和国	1	5
主任	1	2
小学	1	2
文明	1	2
培养	1	2
而是	1	2
新闻	1	2
拥有	1	2
症状	1	2
充分	1	2
来自	1	2
过去	1	2
推荐	1	2
毕业	1	2
精彩	1	2
制作	1	2
音乐	1	2
事业	1	2
保障	1	2
系列	1	2
国内	1	2
情绪	1	2
网友	1	2
电视	1	2
年轻	1	2
措施	1	2
审判	1	2
长期	1	2
二十	1	2
肯定	1	2
认真	1	2
搭配	1	2
装置	1	2
降低	1	2
学会	1	2
免费	1	2
总是	1	2
医生	1	2
幼儿园	1	3
专家	1	2
落实	1	2
体验	1	2
女性	1	2
日常	1	2
感染	1	2
安排	1	2
咨询	1	2
团队	1	2
变得	1	2
物质	1	2
整体	1	2
可是	1	2
干部	1	2
困难	1	2
电子	1	2
做到	1	2
推进	1	2
农村	1	2
车辆	1	2
大多	1	2
针对	1	2
增强	1	2
食品	1	2
后来	1	2
汉族	1	2
主动	1	2
以来	1	2
判决	1	2
不好	1	2
深入	1	2
记者	1	2
反应	1	2
感谢	1	2
依法	1	2
实验	1	2
感情	1	2
州市	1	2
金融	1	2
医疗	1	2
看看	1	2
保险	1	2
如今	1	2
民族	1	2
等等	1	2
英语	1	2
这次	1	2
恢复	1	2
委员	1	2
往往	1	2
天气	1	2
青年	1	2
先生	1	2
更是	1	2
现象	1	2
涉及	1	2
观察	1	2
此次	1	2
履行	1	2
毕竟	1	2
居民	1	2
预防	1	2
老人	1	2
调查	1	2
值得	1	2
万元	1	2
时期	1	2
党员	1	2
病毒	1	2
技能	1	2
曾经	1	2
推动	1	2
优势	1	2
位于	1	2
道路	1	2
生态	1	2
家人	1	2
饮食	1	2
不足	1	2
联合	1	2
爱情	1	2
阳光	1	2
即使	1	2
配合	1	2
驾驶	1	2
上述	1	2
照片	1	2
生物	1	2
双方	1	2
沟通	1	2
家里	1	2
风格	1	2
校园	1	2
自由	1	2
事实	1	2
动物	1	2
不了	1	2
慢慢	1	2
空气	1	2
是因为	1	3
智能	1	2
还要	1	2
就要	1	2
掌握	1	2
期待	1	2
公安	1	2
下午	1	2
永远	1	2
支撑	1	2
确实	1	2
消防	1	2
男人	1	2
蛋白	1	2
生长	1	2
平时	1	2
打造	1	2
青春	1	2
正式	1	2
总结	1	2
创业	1	2
体育	1	2
手术	1	2
植物	1	2
节目	1	2
改善	1	2
读书	1	2
接触	1	2
人才	1	2
为主	1	2
兴趣	1	2
有着	1	2
纠纷	1	2
思考	1	2
立即	1	2
规范	1	2
少年	1	2
办公	1	2
垃圾	1	2
广大	1	2
工业	1	2
智慧	1	2
协会	1	2
逐渐	1	2
有点	1	2
突然	1	2
当地	1	2
以为	1	2
愿意	1	2
是不是	1	3
下降	1	2
依照	1	2
课堂	1	2
表面	1	2
设有	1	2
温暖	1	2
晚上	1	2
审判员	1	3
现实	1	2
山东	1	2
以前	1	2
提醒	1	2
传播	1	2
作业	1	2
儿子	1	2
人体	1	2
施工	1	2
爸爸	1	2
提前	1	2
事故	1	2
伙伴	1	2
记得	1	2
呼吸	1	2
集中	1	2
报道	1	2
大部分	1	3
依然	1	2
享受	1	2
女儿	1	2
中央	1	2
在于	1	2
引导	1	2
联网	1	2
尽量	1	2
全体	1	2
日子	1	2
报名	1	2
一旦	1	2
申请人	1	3
伤害	1	2
也许	1	2
几乎	1	2
本案	1	2
审理	1	2
动力	1	2
制造	1	2
重视	1	2
生素	1	2
岗位	1	2
职工	1	2
终于	1	2
中医	1	2
开放	1	2
顺利	1	2
追求	1	2
还会	1	2
记忆	1	2
经典	1	2
衣服	1	2
吸引	1	2
她们	1	2
处于	1	2
效率	1	2
锻炼	1	2
心里	1	2
发明	1	2
义务	1	2
十二	1	2
收获	1	2
太阳	1	2
今日	1	2
感到	1	2
一段	1	2
设施	1	2
结婚	1	2
绿色	1	2
第四	1	2
刺激	1	2
很难	1	2
办理	1	2
来到	1	2
称为	1	2
经理	1	2
应当	1	2
讨论	1	2
大多数	1	3
观众	1	2
最新	1	2
梦想	1	2
公里	1	2
广东	1	2
形象	1	2
有所	1	2
回家	1	2
危险	1	2
竞争	1	2
或许	1	2
理念	1	2
举行	1	2
老年	1	2
能量	1	2
时刻	1	2
街道	1	2
高考	1	2
娱乐	1	2
各位	1	2
英雄	1	2
上午	1	2
加工	1	2
软件	1	2
农民	1	2
干净	1	2
小区	1	2
基金	1	2
登记	1	2
举办	1	2
味道	1	2
给予	1	2
鼓励	1	2
红色	1	2
规模	1	2
河南	1	2
终结	1	2
水果	1	2
一份	1	2
此外	1	2
迅速	1	2
文学	1	2
多种	1	2
不知	1	2
浙江	1	2
理想	1	2
婚姻	1	2
年级	1	2
互联网	1	3
工作人员	1	4
实力	1	2
资讯	1	2
美元	1	2
相互	1	2
开心	1	2
线上	1	2
女孩	1	2
房子	1	2
监督	1	2
中学	1	2
时光	1	2
就业	1	2
相比	1	2
放弃	1	2
维生素	1	3
而言	1	2
一名	1	2
运营	1	2
受理	1	2
死亡	1	2
不再	1	2
完善	1	2
轻松	1	2
下去	1	2
免疫	1	2
利于	1	2
调节	1	2
进步	1	2
令人	1	2
官方	1	2
血压	1	2
看起来	1	3
简介	1	2
负责人	1	3
状况	1	2
评价	1	2
创作	1	2
整理	1	2
人物	1	2
摄影	1	2
种植	1	2
亿元	1	2
英国	1	2
蔬菜	1	2
工资	1	2
似乎	1	2
热情	1	2
大概	1	2
强调	1	2
主持	1	2
四川	1	2
成果	1	2
食用	1	2
原来	1	2
补充	1	2
每日	1	2
多次	1	2
考生	1	2
贡献	1	2
含有	1	2
机制	1	2
队伍	1	2
基地	1	2
能源	1	2
技巧	1	2
信用	1	2
千万	1	2
脂肪	1	2
教授	1	2
网上	1	2
装修	1	2
趋势	1	2
担心	1	2
吸收	1	2
血液	1	2
酒店	1	2
委员会	1	3
投入	1	2
高速	1	2
当中	1	2
性格	1	2
一场	1	2
每年	1	2
夫妻	1	2
下方	1	2
休息	1	2
两人	1	2
原创	1	2
展现	1	2
成熟	1	2
始终	1	2
罗斯	1	2
品质	1	2
多年	1	2
显得	1	2
公园	1	2
强化	1	2
工艺	1	2
环节	1	2
女生	1	2
拍摄	1	2
好好	1	2
难以	1	2
不如	1	2
鸡蛋	1	2
十五	1	2
实在	1	2
污染	1	2
消化	1	2
造型	1	2
江苏	1	2
突破	1	2
十年	1	2
苹果	1	2
表演	1	2
适应	1	2
房屋	1	2
出去	1	2
运用	1	2
直播	1	2
重庆	1	2
时尚	1	2
机械	1	2
借款	1	2
情感	1	2
挑战	1	2
成就	1	2
深圳	1	2
市民	1	2
附近	1	2
葡萄	1	2
回答	1	2
性能	1	2
运输	1	2
睡眠	1	2
第五	1	2
疼痛	1	2
小说	1	2
好像	1	2
纷纷	1	2
之中	1	2
紧张	1	2
这位	1	2
自信	1	2
怎样	1	2
贷款	1	2
侵权	1	2
不良	1	2
仍然	1	2
想象	1	2
负担	1	2
互动	1	2
先进	1	2
医学	1	2
指出	1	2
素质	1	2
化学	1	2
上涨	1	2
各类	1	2
大会	1	2
环保	1	2
战争	1	2
平衡	1	2
各个	1	2
革命	1	2
香港	1	2
某某	1	2
周围	1	2
回到	1	2
乡村	1	2
去年	1	2
俄罗斯	1	3
带领	1	2
有没有	1	3
优质	1	2
平安	1	2
民初	1	2
图书	1	2
即将	1	2
关节	1	2
细节	1	2
随后	1	2
不够	1	2
肌肉	1	2
和谐	1	2
玻璃	1	2
至于	1	2
不住	1	2
公益	1	2
缓解	1	2
走进	1	2
基层	1	2
党委	1	2
尊重	1	2
违法	1	2
色彩	1	2
在家	1	2
理由	1	2
改造	1	2
予以	1	2
呈现	1	2
发出	1	2
具备	1	2
发育	1	2
监管	1	2
十四	1	2
天下	1	2
上方	1	2
风景	1	2
供应	1	2
高中	1	2
春节	1	2
可见	1	2
武汉	1	2
一生	1	2
奋斗	1	2
人口	1	2
规律	1	2
年度	1	2
金属	1	2
引发	1	2
依旧	1	2
资格	1	2
主席	1	2
应急	1	2
满意	1	2
含量	1	2
不想	1	2
清洁	1	2
至今	1	2
电池	1	2
从事	1	2
部位	1	2
突出	1	2
出版	1	2
一线	1	2
消毒	1	2
证据	1	2
一边	1	2
养老	1	2
地产	1	2
白色	1	2
围绕	1	2
黄金	1	2
印象	1	2
吃饭	1	2
关心	1	2
身材	1	2
离婚	1	2
电脑	1	2
老板	1	2
蓝色	1	2
试验	1	2
成分	1	2
一家	1	2
出口	1	2
十三	1	2
几天	1	2
指标	1	2
书法	1	2
护理	1	2
正是	1	2
意外	1	2
营造	1	2
防护	1	2
小组	1	2
有时候	1	3
一路	1	2
诊断	1	2
民间	1	2
发动	1	2
切实	1	2
高级	1	2
病人	1	2
室内	1	2
说话	1	2
百姓	1	2
瞬间	1	2
心情	1	2
十九	1	2
氧化	1	2
升级	1	2
懂得	1	2
案例	1	2
付出	1	2
尽管	1	2
手段	1	2
自行	1	2
加快	1	2
学科	1	2
纤维	1	2
缺乏	1	2
就算	1	2
分泌	1	2
推广	1	2
维持	1	2
邀请	1	2
传承	1	2
被告人	1	3
起诉	1	2
加油	1	2
品种	1	2
将会	1	2
均匀	1	2
明天	1	2
谢谢	1	2
招聘	1	2
示范	1	2
电动	1	2
生效	1	2
长时间	1	3
有时	1	2
一张	1	2
办公室	1	3
反复	1	2
住所	1	2
湖南	1	2
男子	1	2
黑色	1	2
排名	1	2
拒绝	1	2
人民币	1	3
面试	1	2
欣赏	1	2
协调	1	2
有个	1	2
看来	1	2
痛苦	1	2
同志	1	2
回来	1	2
妻子	1	2
矛盾	1	2
真是	1	2
反而	1	2
审核	1	2
贯彻	1	2
把握	1	2
各地	1	2
日内	1	2
广告	1	2
构成	1	2
调研	1	2
印度	1	2
村民	1	2
人群	1	2
女子	1	2
危害	1	2
彼此	1	2
照顾	1	2
半年	1	2
清洗	1	2
在线	1	2
夏天	1	2
面前	1	2
上升	1	2
执法	1	2
意味着	1	3
姐姐	1	2
游客	1	2
天然	1	2
美术	1	2
广场	1	2
热爱	1	2
学历	1	2
常常	1	2
南京	1	2
证书	1	2
效力	1	2
人工	1	2
实际上	1	3
成都	1	2
注重	1	2
健身	1	2
早上	1	2
公路	1	2
融合	1	2
十一	1	2
处罚	1	2
一件	1	2
本来	1	2
一片	1	2
完美	1	2
大利	1	2
当事	1	2
障碍	1	2
不得不	1	3
对比	1	2
上去	1	2
河北	1	2
或是	1	2
欧洲	1	2
财富	1	2
回复	1	2
治理	1	2
研发	1	2
糖尿	1	2
代谢	1	2
班级	1	2
地点	1	2
自主	1	2
三年	1	2
很少	1	2
原文	1	2
气温	1	2
年代	1	2
地球	1	2
旅行	1	2
小心	1	2
表明	1	2
无论是	1	3
刚刚	1	2
放松	1	2
师生	1	2
看见	1	2
应对	1	2
体内	1	2
定期	1	2
过来	1	2
功效	1	2
信心	1	2
本书	1	2
天津	1	2
彻底	1	2
听到	1	2
共产	1	2
古代	1	2
校长	1	2
本科	1	2
加大	1	2
收益	1	2
广州	1	2
展开	1	2
收藏	1	2
不起	1	2
损伤	1	2
住所地	1	3
出发	1	2
评估	1	2
其次	1	2
战斗	1	2
商务	1	2
清晰	1	2
安徽	1	2
那种	1	2
周边	1	2
纪念	1	2
道德	1	2
放心	1	2
回忆	1	2
一是	1	2
过于	1	2
回顾	1	2
肿瘤	1	2
糖尿病	1	3
头发	1	2
画面	1	2
对此	1	2
便是	1	2
这部	1	2
玉米	1	2
消失	1	2
分子	1	2
体会	1	2
周期	1	2
代表人	1	3
上市	1	2
对待	1	2
视觉	1	2
居住	1	2
湖北	1	2
读者	1	2
昨天	1	2
开学	1	2
高校	1	2
力度	1	2
男性	1	2
认知	1	2
适量	1	2
行情	1	2
发病	1	2
破坏	1	2
随时	1	2
减肥	1	2
积累	1	2
马上	1	2
森林	1	2
自治	1	2
论文	1	2
监测	1	2
云南	1	2
铁路	1	2
博士	1	2
跟着	1	2
会员	1	2
存款	1	2
指挥	1	2
高效	1	2
节奏	1	2
冬季	1	2
专门	1	2
清理	1	2
基本上	1	3
胜利	1	2
咖啡	1	2
大赛	1	2
不太	1	2
贸易	1	2
物理	1	2
本人	1	2
立案	1	2
焦虑	1	2
互相	1	2
蛋白质	1	3
扩大	1	2
当年	1	2
装备	1	2
混合	1	2
仔细	1	2
韩国	1	2
接着	1	2
竟然	1	2
流量	1	2
营销	1	2
舞台	1	2
检验	1	2
丈夫	1	2
层次	1	2
西省	1	2
生存	1	2
激素	1	2
保健	1	2
心灵	1	2
写作	1	2
皇帝	1	2
无人	1	2
带动	1	2
兄弟	1	2
二是	1	2
现有	1	2
奉献	1	2
空调	1	2
显著	1	2
考核	1	2
难度	1	2
共享	1	2
法定代表	1	4
专项	1	2
学术	1	2
哈哈	1	2
科研	1	2
出门	1	2
养生	1	2
基因	1	2
合格	1	2
测量	1	2
全市	1	2
团结	1	2
当事人	1	3
德国	1	2
肺炎	1	2
舞蹈	1	2
语文	1	2
辅助	1	2
细菌	1	2
考研	1	2
不上	1	2
一只	1	2
养成	1	2
大众	1	2
自觉	1	2
体重	1	2
子女	1	2
包装	1	2
奶奶	1	2
干燥	1	2
说法	1	2
普遍	1	2
先后	1	2
厨房	1	2
隔离	1	2
怎么办	1	3
害怕	1	2
精准	1	2
出血	1	2
招生	1	2
大型	1	2
广播	1	2
西安	1	2
渠道	1	2
收集	1	2
慢性	1	2
债务	1	2
大脑	1	2
众多	1	2
新生	1	2
坚定	1	2
接种	1	2
权益	1	2
后期	1	2
前往	1	2
心脏	1	2
一体	1	2
修复	1	2
牛奶	1	2
房地产	1	3
强度	1	2
发放	1	2
某些	1	2
接近	1	2
聪明	1	2
相处	1	2
利润	1	2
司法	1	2
社交	1	2
常规	1	2
命运	1	2
血糖	1	2
告知	1	2
院校	1	2
博物	1	2
激发	1	2
同意	1	2
审查	1	2
复习	1	2
浪费	1	2
生日	1	2
休闲	1	2
遵守	1	2
财务	1	2
大学生	1	3
远离	1	2
病情	1	2
电机	1	2
妇女	1	2
祖国	1	2
专题	1	2
宣布	1	2
机场	1	2
下跌	1	2
防治	1	2
联盟	1	2
中有	1	2
超级	1	2
十八	1	2
助于	1	2
业主	1	2
形态	1	2
打击	1	2
引领	1	2
贫困	1	2
敏感	1	2
向上	1	2
并非	1	2
全身	1	2
活力	1	2
日报	1	2
搅拌	1	2
实行	1	2
养殖	1	2
别的	1	2
男孩	1	2
驱动	1	2
青少年	1	3
流行	1	2
夏季	1	2
录取	1	2
耐心	1	2
水分	1	2
信任	1	2
期限	1	2
不然	1	2
树立	1	2
布局	1	2
温柔	1	2
刑事	1	2
不敢	1	2
为何	1	2
走向	1	2
福建	1	2
而已	1	2
总经理	1	3
哪个	1	2
研究生	1	3
军事	1	2
大大	1	2
一日	1	2
不仅仅	1	3
利率	1	2
土壤	1	2
麻烦	1	2
人家	1	2
流动	1	2
仿佛	1	2
百年	1	2
计算机	1	3
在外	1	2
蒙古	1	2
法国	1	2
无限	1	2
东北	1	2
更换	1	2
加速	1	2
康复	1	2
较为	1	2
没想到	1	3
估计	1	2
逐步	1	2
担任	1	2
有利于	1	3
两年	1	2
原本	1	2
灵魂	1	2
强制	1	2
门口	1	2
这时	1	2
会计	1	2
过度	1	2
房产	1	2
早期	1	2
观念	1	2
考察	1	2
第六	1	2
物流	1	2
各自	1	2
人心	1	2
初中	1	2
首次	1	2
十七	1	2
既然	1	2
消除	1	2
进口	1	2
灵活	1	2
不但	1	2
贵州	1	2
台湾	1	2
飞机	1	2
近平	1	2
形势	1	2
攻击	1	2
老年人	1	3
投资者	1	3
用心	1	2
不易	1	2
足球	1	2
高温	1	2
个性	1	2
必然	1	2
仅仅	1	2
坐在	1	2
两侧	1	2
子宫	1	2
减轻	1	2
广西	1	2
东方	1	2
天天	1	2
抑制	1	2
华为	1	2
地铁	1	2
创意	1	2
塑料	1	2
文艺	1	2
穿着	1	2
之日起	1	3
随意	1	2
婴儿	1	2
服装	1	2
杭州	1	2
抓住	1	2
镜头	1	2
口腔	1	2
对照	1	2
博物馆	1	3
原理	1	2
成交	1	2
高兴	1	2
精心	1	2
局部	1	2
背后	1	2
海洋	1	2
防范	1	2
申报	1	2
转动	1	2
青岛	1	2
线路	1	2
和平	1	2
豆腐	1	2
警察	1	2
充电	1	2
更为	1	2
姑娘	1	2
航空	1	2
前期	1	2
摄入	1	2
图书馆	1	3
生理	1	2
推出	1	2
总体	1	2
高血压	1	3
厘米	1	2
尽快	1	2
禁止	1	2
发动机	1	3
紧急	1	2
维修	1	2
原料	1	2
扶贫	1	2
精力	1	2
不服	1	2
弘扬	1	2
毫无	1	2
货币	1	2
简直	1	2
男生	1	2
人大	1	2
赶紧	1	2
行驶	1	2
每周	1	2
地面	1	2
整改	1	2
我要	1	2
有机	1	2
市委	1	2
中小	1	2
浪漫	1	2
种子	1	2
宇宙	1	2
孤独	1	2
却是	1	2
采购	1	2
融入	1	2
尺寸	1	2
火灾	1	2
山东省	1	3
病例	1	2
前后	1	2
拿到	1	2
低于	1	2
进去	1	2
密封	1	2
放置	1	2
大师	1	2
外出	1	2
报警	1	2
电路	1	2
新疆	1	2
工商	1	2
群体	1	2
绘画	1	2
解放	1	2
损害	1	2
不久	1	2
承诺	1	2
河南省	1	3
加热	1	2
年纪	1	2
顾客	1	2
工人	1	2
爷爷	1	2
家族	1	2
过多	1	2
三十	1	2
管道	1	2
密切	1	2
鉴定	1	2
渐渐	1	2
一看	1	2
加重	1	2
财政	1	2
工厂	1	2
作家	1	2
若干	1	2
周年	1	2
途径	1	2
五年	1	2
产权	1	2
影视	1	2
全省	1	2
通风	1	2
芯片	1	2
人间	1	2
我会	1	2
收取	1	2
药品	1	2
由此	1	2
反馈	1	2
凭借	1	2
档案	1	2
男女	1	2
大力	1	2
后果	1	2
天地	1	2
大约	1	2
物资	1	2
分离	1	2
倒入	1	2
爆发	1	2
接到	1	2
大幅	1	2
万人	1	2
性质	1	2
曝光	1	2
秩序	1	2
三大	1	2
以免	1	2
业绩	1	2
机动	1	2
肠道	1	2
地理	1	2
有助于	1	3
福利	1	2
坚决	1	2
决策	1	2
短期	1	2
实习	1	2
广东省	1	3
想着	1	2
监控	1	2
奖励	1	2
默默	1	2
电源	1	2
拓展	1	2
诗歌	1	2
生意	1	2
携带	1	2
惊喜	1	2
身心	1	2
中药	1	2
只会	1	2
通信	1	2
哪怕	1	2
一大	1	2
最为	1	2
处置	1	2
部队	1	2
不论	1	2
职责	1	2
金钱	1	2
传染	1	2
调解	1	2
等到	1	2
动脉	1	2
不适	1	2
杂志	1	2
改进	1	2
大道	1	2
黄色	1	2
设立	1	2
差距	1	2
国外	1	2
提起	1	2
一代	1	2
生育	1	2
一块	1	2
这场	1	2
小时候	1	3
赔偿	1	2
硕士	1	2
谨慎	1	2
怎么样	1	3
为此	1	2
西方	1	2
多数	1	2
对外	1	2
少数	1	2
事实上	1	3
成人	1	2
服用	1	2
咱们	1	2
多么	1	2
出席	1	2
电商	1	2
哥哥	1	2
买卖	1	2
依靠	1	2
第七	1	2
可靠	1	2
共产党	1	3
开关	1	2
公平	1	2
一方面	1	3
专利	1	2
检察院	1	3
累计	1	2
用药	1	2
北方	1	2
转变	1	2
非法	1	2
教材	1	2
咳嗽	1	2
高于	1	2
冲击	1	2
激励	1	2
不宜	1	2
客观	1	2
截至	1	2
双手	1	2
早已	1	2
即便	1	2
普及	1	2
延伸	1	2
达成	1	2
董事长	1	3
路线	1	2
一人	1	2
篮球	1	2
活跃	1	2
日前	1	2
典型	1	2
透明	1	2
从此	1	2
承认	1	2
更高	1	2
山西	1	2
发热	1	2
桃花	1	2
聚集	1	2
见到	1	2
单纯	1	2
一会	1	2
外国	1	2
效应	1	2
地下	1	2
制品	1	2
急性	1	2
寿命	1	2
故障	1	2
乐观	1	2
暂时	1	2
师范	1	2
探讨	1	2
也就是说	1	4
电力	1	2
产量	1	2
当初	1	2
南方	1	2
不变	1	2
随便	1	2
手指	1	2
便于	1	2
疲劳	1	2
人人	1	2
小米	1	2
凝聚	1	2
要是	1	2
聚焦	1	2
诗人	1	2
争取	1	2
神秘	1	2
浙江省	1	3
升高	1	2
威胁	1	2
带有	1	2
前进	1	2
一部分	1	3
承受	1	2
酒精	1	2
粮食	1	2
术后	1	2
一颗	1	2
大地	1	2
这时候	1	3
建成	1	2
自治区	1	3
深深	1	2
办事	1	2
秘密	1	2
协助	1	2
住房	1	2
气候	1	2
指南	1	2
器官	1	2
羡慕	1	2
复合	1	2
格局	1	2
清水	1	2
配套	1	2
注射	1	2
石油	1	2
通讯	1	2
另一方面	1	4
商标	1	2
白天	1	2
今后	1	2
抑郁	1	2
静脉	1	2
对话	1	2
海外	1	2
分公司	1	3
超越	1	2
个体	1	2
一部	1	2
现金	1	2
公务	1	2
想起	1	2
依赖	1	2
飞行	1	2
四川省	1	3
轻轻	1	2
延长	1	2
度过	1	2
大气	1	2
癌症	1	2
工会	1	2
法治	1	2
气象	1	2
地说	1	2
总统	1	2
体质	1	2
策划	1	2
进而	1	2
演讲	1	2
民生	1	2
一道	1	2
频繁	1	2
景观	1	2
兴奋	1	2
居然	1	2
影片	1	2
两位	1	2
危机	1	2
进展	1	2
激情	1	2
一系列	1	3
总之	1	2
排除	1	2
怀疑	1	2
作文	1	2
江南	1	2
面向	1	2
动画	1	2
一把	1	2
年前	1	2
理财	1	2
江苏省	1	3
布置	1	2
手续	1	2
第二天	1	3
补贴	1	2
体温	1	2
相反	1	2
医师	1	2
十六	1	2
冲突	1	2
人力	1	2
表情	1	2
想想	1	2
三种	1	2
留在	1	2
稍微	1	2
中午	1	2
克服	1	2
好多	1	2
转型	1	2
发作	1	2
餐饮	1	2
风雨	1	2
老婆	1	2
公主	1	2
重量	1	2
亚洲	1	2
爱国	1	2
护士	1	2
许可	1	2
将来	1	2
打算	1	2
领取	1	2
遭遇	1	2
中华民族	1	4
突发	1	2
各级	1	2
看似	1	2
实验室	1	3
以此	1	2
本期	1	2
快递	1	2
回报	1	2
优惠	1	2
无奈	1	2
记载	1	2
百分	1	2
素养	1	2
那一	1	2
医药	1	2
视野	1	2
海南	1	2
全程	1	2
节约	1	2
孕妇	1	2
疗效	1	2
整合	1	2
万物	1	2
的确	1	2
恐惧	1	2
不去	1	2
密度	1	2
动手	1	2
二次	1	2
浓度	1	2
意大利	1	3
线下	1	2
向前	1	2
延续	1	2
胎儿	1	2
看上去	1	3
民主	1	2
现状	1	2
多元	1	2
气管	1	2
回收	1	2
总会	1	2
便利	1	2
种类	1	2
一套	1	2
学家	1	2
能否	1	2
作风	1	2
房价	1	2
不妨	1	2
批评	1	2
纪律	1	2
住宅	1	2
放下	1	2
事物	1	2
未能	1	2
传感	1	2
生动	1	2
解除	1	2
诚信	1	2
发达	1	2
税务	1	2
按摩	1	2
新能源	1	3
学者	1	2
弟弟	1	2
主管	1	2
几十	1	2
难道	1	2
陕西	1	2
违反	1	2
东南	1	2
交往	1	2
股市	1	2
导向	1	2
深化	1	2
如同	1	2
科目	1	2
得知	1	2
中共	1	2
甘肃	1	2
机动车	1	3
遗传	1	2
月经	1	2
挖掘	1	2
培育	1	2
打破	1	2
燃烧	1	2
当代	1	2
电梯	1	2
病变	1	2
价值观	1	3
炎症	1	2
亿美元	1	3
乡镇	1	2
尽可能	1	3
秘书	1	2
同行	1	2
颗粒	1	2
弹性	1	2
热水	1	2
人为	1	2
合成	1	2
审批	1	2
日至	1	2
国民	1	2
不必	1	2
高端	1	2
源于	1	2
西北	1	2
发酵	1	2
肚子	1	2
功夫	1	2
信仰	1	2
纳入	1	2
用水	1	2
走出	1	2
效益	1	2
大陆	1	2
还款	1	2
批准	1	2
结论	1	2
上学	1	2
边缘	1	2
采集	1	2
审计	1	2
最初	1	2
特性	1	2
四大	1	2
波动	1	2
象征	1	2
机器人	1	3
军队	1	2
亲自	1	2
单独	1	2
充分发挥	1	4
善于	1	2
气体	1	2
一级	1	2
脚步	1	2
月初	1	2
这首	1	2
国务	1	2
没什么	1	3
所得	1	2
进攻	1	2
日生	1	2
偿还	1	2
受益	1	2
长江	1	2
山水	1	2
文献	1	2
担保	1	2
机遇	1	2
截止	1	2
最早	1	2
三是	1	2
妹妹	1	2
一方	1	2
初步	1	2
不行	1	2
出于	1	2
某种	1	2
人民政府	1	4
每月	1	2
补偿	1	2
洗净	1	2
信用卡	1	3
艰难	1	2
激动	1	2
生气	1	2
门诊	1	2
一辆	1	2
反对	1	2
光明	1	2
并发	1	2
旁边	1	2
出租	1	2
牺牲	1	2
手工	1	2
作战	1	2
庆祝	1	2
切成	1	2
公民	1	2
过得	1	2
肥胖	1	2
笔者	1	2
江西	1	2
新华	1	2
后悔	1	2
石头	1	2
期望	1	2
像是	1	2
事务所律师	1	5
回去	1	2
苏州	1	2
功率	1	2
凌晨	1	2
富有	1	2
立刻	1	2
中毒	1	2
正好	1	2
住院	1	2
远远	1	2
富含	1	2
全民	1	2
与其	1	2
理性	1	2
内蒙古	1	3
出一	1	2
少许	1	2
电器	1	2
替代	1	2
美容	1	2
文物	1	2
已有	1	2
爆炸	1	2
腹部	1	2
眼里	1	2
备用	1	2
著作	1	2
交叉	1	2
素材	1	2
轨道	1	2
饲料	1	2
一座	1	2
见过	1	2
据说	1	2
生态环境	1	4
寻求	1	2
意志	1	2
移民	1	2
活性	1	2
上诉人	1	3
便秘	1	2
从未	1	2
选用	1	2
西南	1	2
五个	1	2
给付	1	2
九年	1	2
现代化	1	3
长得	1	2
斯坦	1	2
用手	1	2
失眠	1	2
冷却	1	2
毫不	1	2
实时	1	2
乘坐	1	2
清除	1	2
理事	1	2
离子	1	2
收缩	1	2
国务院	1	3
缴费	1	2
设定	1	2
不怕	1	2
四年	1	2
进度	1	2
辐射	1	2
人文	1	2
化工	1	2
淀粉	1	2
注意力	1	3
自从	1	2
缺陷	1	2
省级	1	2
笑容	1	2
传感器	1	3
盈利	1	2
建造	1	2
一一	1	2
焊接	1	2
年初	1	2
高等	1	2
尚未	1	2
百万	1	2
电压	1	2
足以	1	2
得以	1	2
内外	1	2
视为	1	2
种种	1	2
假如	1	2
侵犯	1	2
听说	1	2
食品安全	1	4
暴露	1	2
菩萨	1	2
书面	1	2
二级	1	2
内涵	1	2
奇怪	1	2
弹簧	1	2
逾期	1	2
情节	1	2
干扰	1	2
中年	1	2
战胜	1	2
溶液	1	2
人民检察院	1	5
电流	1	2
前列	1	2
高压	1	2
平面	1	2
冠状	1	2
不当	1	2
输送	1	2
是从	1	2
打电话	1	3
故意	1	2
遗产	1	2
共计	1	2
敌人	1	2
腹泻	1	2
借助	1	2
到处	1	2
一首	1	2
大事	1	2
巩固	1	2
河北省	1	3
期货	1	2
立足	1	2
开设	1	2
专科	1	2
叶片	1	2
西部	1	2
太平	1	2
斗争	1	2
研究院	1	3
本金	1	2
中国共产党	1	5
缓慢	1	2
指示	1	2
法官	1	2
图案	1	2
极其	1	2
民众	1	2
一本	1	2
平等	1	2
自愿	1	2
一对	1	2
统筹	1	2
这座	1	2
清单	1	2
浸泡	1	2
团体	1	2
反思	1	2
标的	1	2
第二次	1	3
城镇	1	2
因而	1	2
引进	1	2
防火	1	2
紧密	1	2
诸多	1	2
无关	1	2
一批	1	2
将军	1	2
草原	1	2
一杯	1	2
未经	1	2
解决方案	1	4
国产	1	2
甲状	1	2
财经	1	2
圆形	1	2
发射	1	2
佛教	1	2
变形	1	2
激光	1	2
预算	1	2
有害	1	2
三天	1	2
大火	1	2
宁波	1	2
无比	1	2
航天	1	2
实用新型	1	4
垂直	1	2
积分	1	2
脾胃	1	2
早晨	1	2
放大	1	2
平稳	1	2
入学	1	2
前来	1	2
平静	1	2
哲学	1	2
曲线	1	2
节能	1	2
流通	1	2
锅中	1	2
均衡	1	2
城乡	1	2
手中	1	2
开口	1	2
塑造	1	2
外面	1	2
头痛	1	2
占据	1	2
法律法规	1	4
一时	1	2
有力	1	2
主张	1	2
用途	1	2
流传	1	2
摩擦	1	2
定制	1	2
水泥	1	2
一次性	1	3
拿出	1	2
混凝	1	2
所示	1	2
出具	1	2
差别	1	2
一层	1	2
支行	1	2
果实	1	2
知识产权	1	4
优良	1	2
承载	1	2
古人	1	2
不吃	1	2
卫星	1	2
产后	1	2
甲状腺	1	3
作物	1	2
空中	1	2
回头	1	2
分开	1	2
储备	1	2
宗教	1	2
七年	1	2
专用	1	2
不说	1	2
直径	1	2
马克	1	2
越大	1	2
毫米	1	2
那时	1	2
办学	1	2
公示	1	2
条例	1	2
从业	1	2
包容	1	2
妊娠	1	2
混凝土	1	3
点点	1	2
液体	1	2
协商	1	2
溃疡	1	2
两者	1	2
小事	1	2
理工	1	2
开拓	1	2
钢琴	1	2
股价	1	2
安慰	1	2
面部	1	2
主流	1	2
排水	1	2
协同	1	2
无线	1	2
扩张	1	2
非洲	1	2
增大	1	2
无力	1	2
排放	1	2
六年	1	2
肾脏	1	2
体积	1	2
呕吐	1	2
头脑	1	2
齿轮	1	2
大人	1	2
遵循	1	2
职能	1	2
按时	1	2
视角	1	2
三月	1	2
不安	1	2
心理学	1	3
早就	1	2
终端	1	2
这项	1	2
接待	1	2
正面	1	2
出台	1	2
阳性	1	2
右侧	1	2
如图	1	2
用电	1	2
防水	1	2
虚拟	1	2
要点	1	2
万吨	1	2
着力	1	2
手法	1	2
编制	1	2
前景	1	2
黄河	1	2
其余	1	2
本体	1	2
眼神	1	2
收购	1	2
患有	1	2
千里	1	2
海军	1	2
番茄	1	2
用人	1	2
赋予	1	2
骨折	1	2
赢得	1	2
零售	1	2
左侧	1	2
上来	1	2
异性	1	2
库存	1	2
人力资源	1	4
审美	1	2
认同	1	2
气血	1	2
交付	1	2
地震	1	2
研究所	1	3
有过	1	2
合法权益	1	4
橡胶	1	2
电气	1	2
十几	1	2
率为	1	2
物体	1	2
银行存款	1	4
传输	1	2
极为	1	2
职务	1	2
测定	1	2
而成	1	2
货物	1	2
太过	1	2
正如	1	2
机体	1	2
呼吸道	1	3
反正	1	2
上帝	1	2
害人	1	2
模糊	1	2
电信	1	2
倾向	1	2
长安	1	2
取决	1	2
清热	1	2
体制	1	2
恐怖	1	2
并未	1	2
外科	1	2
从中	1	2
语音	1	2
立体	1	2
债权	1	2
阴道	1	2
不幸	1	2
共建	1	2
信息化	1	3
各国	1	2
二人	1	2
并发症	1	3
列车	1	2
国内外	1	3
集成	1	2
终身	1	2
第八	1	2
盲目	1	2
行程	1	2
受损	1	2
人工智能	1	4
少量	1	2
健全	1	2
取决于	1	3
仪器	1	2
含义	1	2
农户	1	2
上海市	1	3
附属	1	2
稳定性	1	3
内在	1	2
单一	1	2
层面	1	2
试图	1	2
严肃	1	2
士兵	1	2
最有	1	2
农历	1	2
感知	1	2
发电	1	2
征收	1	2
增值	1	2
忍不住	1	3
紧紧	1	2
手里	1	2
音频	1	2
格外	1	2
基础设施	1	4
床上	1	2
罚款	1	2
供电	1	2
转向	1	2
头上	1	2
渗透	1	2
试点	1	2
反射	1	2
犹豫	1	2
书中	1	2
上级	1	2
同期	1	2
硬件	1	2
精英	1	2
敢于	1	2
承包	1	2
大方	1	2
日记	1	2
幽默	1	2
深圳市	1	3
新建	1	2
钢铁	1	2
又称	1	2
供给	1	2
官员	1	2
合金	1	2
对照组	1	3
般的	1	2
污水	1	2
不利	1	2
加以	1	2
教育部	1	3
燃气	1	2
一小	1	2
标准化	1	3
幅度	1	2
评分	1	2
用力	1	2
伴有	1	2
相机	1	2
仲裁	1	2
忠诚	1	2
对称	1	2
向下	1	2
诱发	1	2
繁殖	1	2
传动	1	2
远程	1	2
农产品	1	3
拆迁	1	2
脱离	1	2
判处	1	2
权力	1	2
一支	1	2
购房	1	2
那天	1	2
保温	1	2
淋巴	1	2
转让	1	2
扩散	1	2
直线	1	2
凤凰	1	2
在意	1	2
南北	1	2
胆固醇	1	3
简洁	1	2
文中	1	2
卵巢	1	2
分散	1	2
一会儿	1	3
西藏	1	2
公元	1	2
区分	1	2
被动	1	2
责令	1	2
验收	1	2
不爱	1	2
公安机关	1	4
日益	1	2
古典	1	2
本土	1	2
产业链	1	3
人事	1	2
乃至	1	2
厚度	1	2
一根	1	2
竞争力	1	3
实战	1	2
苏联	1	2
无穷	1	2
超声	1	2
为例	1	2
国有	1	2
除非	1	2
安置	1	2
颈椎	1	2
君子	1	2
一身	1	2
自动化	1	3
不像	1	2
这家	1	2
一面	1	2
一心	1	2
沉默	1	2
人性	1	2
生姜	1	2
密集	1	2
繁荣	1	2
名词	1	2
一番	1	2
朝鲜	1	2
生于	1	2
还原	1	2
送给	1	2
恶性	1	2
印刷	1	2
孔子	1	2
慈善	1	2
五月	1	2
全年	1	2
一分	1	2
沿着	1	2
一下子	1	3
万里	1	2
越高	1	2
过大	1	2
心肌	1	2
牡丹	1	2
此刻	1	2
一眼	1	2
陶瓷	1	2
拍卖	1	2
不堪	1	2
我家	1	2
发起	1	2
露出	1	2
友好	1	2
散文	1	2
常务	1	2
区委	1	2
不明	1	2
何时	1	2
感慨	1	2
若有	1	2
买入	1	2
纽约	1	2
恐怕	1	2
指引	1	2
氨基	1	2
巴黎	1	2
长久	1	2
公正	1	2
统治	1	2
行人	1	2
一百	1	2
使人	1	2
约束	1	2
饮水	1	2
直至	1	2
风吹	1	2
第九	1	2
心血管	1	3
小型	1	2
阴阳	1	2
说出	1	2
华人	1	2
不容	1	2
规格	1	2
戏剧	1	2
生机	1	2
果然	1	2
水肿	1	2
不成	1	2
电磁	1	2
斯特	1	2
微生物	1	3
国家级	1	3
监察	1	2
正义	1	2
眼泪	1	2
光线	1	2
无可	1	2
付款	1	2
清醒	1	2
疗法	1	2
播种	1	2
大致	1	2
筛选	1	2
陕西省	1	3
大战	1	2
所致	1	2
云南省	1	3
国防	1	2
武装	1	2
淘宝	1	2
媳妇	1	2
地质	1	2
过渡	1	2
境内	1	2
处在	1	2
考点	1	2
切除	1	2
加深	1	2
智力	1	2
借鉴	1	2
出售	1	2
交给	1	2
双眼	1	2
变更	1	2
一丝	1	2
收拾	1	2
私人	1	2
多人	1	2
眼中	1	2
纠正	1	2
潜在	1	2
勇于	1	2
患儿	1	2
结核	1	2
艰苦	1	2
一阵	1	2
当作	1	2
煤炭	1	2
电缆	1	2
亏损	1	2
分行	1	2
匆匆	1	2
干预	1	2
标注	1	2
图中	1	2
支出	1	2
弯曲	1	2
遭受	1	2
通用	1	2
引入	1	2
快捷	1	2
个别	1	2
尼亚	1	2
宪法	1	2
平行	1	2
再生	1	2
刑法	1	2
结算	1	2
遭到	1	2
扶持	1	2
言语	1	2
复发	1	2
进来	1	2
当今	1	2
制成	1	2
劳动者	1	3
促使	1	2
不让	1	2
汇总	1	2
纺织	1	2
罗马	1	2
春秋	1	2
得出	1	2
饱和	1	2
病理	1	2
调动	1	2
前列腺	1	3
水利	1	2
数字化	1	3
骨骼	1	2
小麦	1	2
新人	1	2
运作	1	2
备案	1	2
真题	1	2
麻醉	1	2
劳务	1	2
弥补	1	2
实质	1	2
选举	1	2
汉字	1	2
发票	1	2
此类	1	2
解毒	1	2
两大	1	2
只好	1	2
为准	1	2
透过	1	2
大门	1	2
胰岛	1	2
公积	1	2
民俗	1	2
欧盟	1	2
违约	1	2
杆菌	1	2
偶然	1	2
政法	1	2
小儿	1	2
生死	1	2
丧失	1	2
条款	1	2
心思	1	2
四月	1	2
税收	1	2
太太	1	2
剂量	1	2
人均	1	2
萎缩	1	2
愤怒	1	2
万事	1	2
和解	1	2
升降	1	2
外交	1	2
上网	1	2
口服	1	2
舆论	1	2
这三	1	2
极端	1	2
既有	1	2
一手	1	2
供应商	1	3
宫颈	1	2
偷偷	1	2
留意	1	2
一夜	1	2
分工	1	2
九月	1	2
黏膜	1	2
病因	1	2
不予	1	2
这边	1	2
阻碍	1	2
广州市	1	3
小火	1	2
液压	1	2
头晕	1	2
一篇	1	2
流入	1	2
公积金	1	3
备受	1	2
负荷	1	2
东部	1	2
克斯	1	2
众人	1	2
汉语	1	2
而后	1	2
绝缘	1	2
四十	1	2
用地	1	2
要说	1	2
尤为	1	2
综合征	1	3
绩效	1	2
六月	1	2
半导体	1	3
自杀	1	2
出手	1	2
有大	1	2
光伏	1	2
料酒	1	2
产能	1	2
联合国	1	3
用人单位	1	4
新生儿	1	3
海上	1	2
答应	1	2
有用	1	2
黑白	1	2
弟子	1	2
可怜	1	2
接地	1	2
出自	1	2
享有	1	2
小姐	1	2
人格	1	2
阿尔	1	2
签署	1	2
一体化	1	3
抗日	1	2
为民	1	2
一幅	1	2
制备	1	2
五十	1	2
势力	1	2
压迫	1	2
定时	1	2
历经	1	2
肢体	1	2
抵押	1	2
染色	1	2
大规模	1	3
竞技	1	2
谈判	1	2
没事	1	2
传染病	1	3
司马	1	2
国学	1	2
裁判	1	2
先天	1	2
农药	1	2
各有	1	2
真理	1	2
史上	1	2
原子	1	2
指令	1	2
走上	1	2
高层	1	2
忽然	1	2
帝国	1	2
授予	1	2
疑惑	1	2
主观	1	2
配方	1	2
低温	1	2
未成年人	1	4
探究	1	2
一双	1	2
天然气	1	3
陈述	1	2
样品	1	2
精确	1	2
第三方	1	3
七月	1	2
十月	1	2
最具	1	2
启发	1	2
电子商务	1	4
制造业	1	3
过分	1	2
占用	1	2
大便	1	2
螺旋	1	2
合伙	1	2
首都	1	2
抬头	1	2
不禁	1	2
一股	1	2
夫人	1	2
感激	1	2
八月	1	2
胃肠	1	2
分娩	1	2
到期	1	2
两条	1	2
架构	1	2
皇后	1	2
隐私	1	2
乾隆	1	2
胰岛素	1	3
海拔	1	2
大声	1	2
估值	1	2
宁夏	1	2
改为	1	2
混乱	1	2
希腊	1	2
氨基酸	1	3
海关	1	2
面板	1	2
以内	1	2
四肢	1	2
处分	1	2
新兴	1	2
情景	1	2
中部	1	2
省委	1	2
央行	1	2
计量	1	2
膀胱	1	2
撤销	1	2
分化	1	2
民国	1	2
附加	1	2
毫升	1	2
一笔	1	2
有无	1	2
呈现出	1	3
主导	1	2
后者	1	2
不尽	1	2
毛泽	1	2
低头	1	2
神话	1	2
中介	1	2
三人	1	2
中原	1	2
中等	1	2
好几	1	2
乳房	1	2
田园	1	2
两岸	1	2
几何	1	2
太阳能	1	3
改革开放	1	4
马克思	1	3
重心	1	2
国王	1	2
控股	1	2
高原	1	2
不通	1	2
用量	1	2
虚假	1	2
毛泽东	1	3
血清	1	2
出身	1	2
产物	1	2
再说	1	2
债券	1	2
无意	1	2
衡量	1	2
初级	1	2
振动	1	2
每当	1	2
经济学	1	3
补助	1	2
四周	1	2
高低	1	2
入门	1	2
首席	1	2
供应链	1	3
溶解	1	2
真空	1	2
劳动合同	1	4
此后	1	2
伤心	1	2
拇指	1	2
控制器	1	3
占有	1	2
穴位	1	2
招标	1	2
放射	1	2
时段	1	2
为期	1	2
第十	1	2
一台	1	2
相差	1	2
有利	1	2
电阻	1	2
北大	1	2
是非	1	2
吸附	1	2
邮政	1	2
层层	1	2
大哥	1	2
凭证	1	2
课堂教学	1	4
腹痛	1	2
水电	1	2
疏散	1	2
地域	1	2
减速	1	2
热带	1	2
数十	1	2
腰椎	1	2
移植	1	2
执业	1	2
彩色	1	2
惊讶	1	2
微微	1	2
民政	1	2
用法	1	2
抗体	1	2
法庭	1	2
剧烈	1	2
血栓	1	2
报纸	1	2
日后	1	2
异地	1	2
变动	1	2
哪儿	1	2
见表	1	2
缓冲	1	2
推行	1	2
永久	1	2
健脾	1	2
现任	1	2
宏观	1	2
大国	1	2
优越	1	2
来回	1	2
杀菌	1	2
鲜明	1	2
催化	1	2
下肢	1	2
拼命	1	2
选取	1	2
肩膀	1	2
一笑	1	2
延迟	1	2
县人	1	2
期末	1	2
着手	1	2
置于	1	2
方针	1	2
横向	1	2
演艺	1	2
晚期	1	2
调控	1	2
制动	1	2
变革	1	2
增速	1	2
负债	1	2
参照	1	2
消灭	1	2
年限	1	2
描写	1	2
原材料	1	3
上市公司	1	4
全文	1	2
成都市	1	3
落叶	1	2
风湿	1	2
比分	1	2
一头	1	2
水库	1	2
合约	1	2
重症	1	2
签字	1	2
通俗	1	2
痛风	1	2
骑士	1	2
日军	1	2
活血	1	2
百分之	1	3
我能	1	2
养老保险	1	4
右手	1	2
脊柱	1	2
进化	1	2
法制	1	2
二年	1	2
有权	1	2
一期	1	2
支气管	1	3
录音	1	2
特种	1	2
总量	1	2
变换	1	2
相继	1	2
概括	1	2
科学技术	1	4
西医	1	2
有意	1	2
似的	1	2
间接	1	2
太子	1	2
化疗	1	2
考古	1	2
几百	1	2
医疗机构	1	4
恶意	1	2
纳米	1	2
孙子	1	2
万千	1	2
半个	1	2
锁定	1	2
同等	1	2
嘴里	1	2
封建	1	2
人情	1	2
命题	1	2
下水	1	2
预案	1	2
蒸发	1	2
份额	1	2
联邦	1	2
卖出	1	2
七八	1	2
耕地	1	2
身后	1	2
在职	1	2
止痛	1	2
情报	1	2
康熙	1	2
被害人	1	3
船舶	1	2
余额	1	2
业内	1	2
沿海	1	2
二十四	1	3
增值税	1	3
钢筋	1	2
合计	1	2
钻石	1	2
保险公司	1	4
大风	1	2
捞出	1	2
人身	1	2
转身	1	2
两只	1	2
二审	1	2
全会	1	2
定点	1	2
境外	1	2
欠款	1	2
粗糙	1	2
鼓舞	1	2
腐败	1	2
只见	1	2
无形	1	2
身处	1	2
金融机构	1	4
某一	1	2
左手	1	2
物种	1	2
售价	1	2
侵害	1	2
超出	1	2
多项	1	2
同年	1	2
贵族	1	2
动词	1	2
信息技术	1	4
澳门	1	2
脑袋	1	2
坦克	1	2
鉴别	1	2
管理人员	1	4
党中央	1	3
欧阳	1	2
网址	1	2
吸入	1	2
抗战	1	2
民法	1	2
蒸汽	1	2
金银	1	2
破产	1	2
不同于	1	3
一朵	1	2
三四	1	2
二者	1	2
国人	1	2
机电	1	2
各方	1	2
唐代	1	2
氨酸	1	2
牵引	1	2
差点	1	2
哮喘	1	2
师资	1	2
大一	1	2
务工	1	2
杀人	1	2
可知	1	2
消极	1	2
分明	1	2
因果	1	2
缓缓	1	2
总额	1	2
流出	1	2
时有	1	2
创立	1	2
约翰	1	2
天上	1	2
易于	1	2
一副	1	2
否定	1	2
泰山	1	2
年内	1	2
永不	1	2
经络	1	2
葡萄糖	1	3
一千	1	2
不合	1	2
十二月	1	3
下属	1	2
县级	1	2
劳动力	1	3
嫌疑人	1	3
建国	1	2
返还	1	2
准则	1	2
引流	1	2
不由	1	2
废物	1	2
稀释	1	2
归纳	1	2
低下	1	2
加水	1	2
连锁	1	2
格兰	1	2
大专	1	2
四处	1	2
着重	1	2
一举	1	2
中外	1	2
长远	1	2
商量	1	2
建筑物	1	3
轮廓	1	2
止血	1	2
千克	1	2
披露	1	2
弥漫	1	2
近代	1	2
更强	1	2
观测	1	2
地处	1	2
投标	1	2
国企	1	2
低碳	1	2
伸出	1	2
租金	1	2
穿刺	1	2
前者	1	2
硫酸	1	2
电极	1	2
褐色	1	2
报酬	1	2
二月	1	2
事先	1	2
恰当	1	2
配送	1	2
电解	1	2
推理	1	2
归属	1	2
终止	1	2
法人	1	2
任职	1	2
一字	1	2
鲁迅	1	2
一万	1	2
储蓄	1	2
农民工	1	3
元件	1	2
太平洋	1	3
期内	1	2
进出	1	2
量化	1	2
魔法	1	2
经费	1	2
数额	1	2
离职	1	2
磷酸	1	2
不留	1	2
传来	1	2
我来	1	2
此处	1	2
流动性	1	3
显现	1	2
学问	1	2
修订	1	2
扣除	1	2
侦查	1	2
净利润	1	3
起义	1	2
供水	1	2
几千	1	2
轻度	1	2
听见	1	2
外来	1	2
往来	1	2
本组	1	2
天真	1	2
主管部门	1	4
干脆	1	2
课外	1	2
重重	1	2
缺血	1	2
酸性	1	2
浑身	1	2
沉积	1	2
这才	1	2
王国	1	2
动机	1	2
人有	1	2
人才培养	1	4
诚实	1	2
固体	1	2
皮质	1	2
对不起	1	3
马克思主义	1	5
外汇	1	2
不良反应	1	4
管理者	1	3
名义	1	2
膝关节	1	3
刚才	1	2
一门	1	2
分期	1	2
反之	1	2
原有	1	2
病程	1	2
个子	1	2
精密	1	2
样式	1	2
水流	1	2
连连	1	2
那边	1	2
论述	1	2
已知	1	2
仅为	1	2
瑞士	1	2
副总经理	1	4
纳税人	1	3
庭审	1	2
清代	1	2
量子	1	2
鼠标	1	2
往后	1	2
为本	1	2
尔斯	1	2
十一月	1	3
个性化	1	3
燃油	1	2
大肠	1	2
款项	1	2
定价	1	2
一事	1	2
宣告	1	2
出资	1	2
干什么	1	3
腹腔	1	2
定理	1	2
薪酬	1	2
生猪	1	2
血流	1	2
同情	1	2
高一	1	2
本能	1	2
十四条	1	3
六十	1	2
主治	1	2
时报	1	2
合规	1	2
艾滋病	1	3
顿时	1	2
胆囊	1	2
良性	1	2
三千	1	2
工伤	1	2
活在	1	2
滑雪	1	2
注销	1	2
整整	1	2
追溯	1	2
环球	1	2
环境保护	1	4
动人	1	2
日出	1	2
食管	1	2
老大	1	2
重组	1	2
同类	1	2
收益率	1	3
实物	1	2
治病	1	2
第三次	1	3
滚动	1	2
涉案	1	2
七十	1	2
不相	1	2
少数民族	1	4
大有	1	2
戴着	1	2
一脸	1	2
力学	1	2
碳酸	1	2
一类	1	2
完工	1	2
动能	1	2
启蒙	1	2
基准	1	2
除外	1	2
传导	1	2
乙烯	1	2
一棵	1	2
使用寿命	1	4
法兰	1	2
清偿	1	2
华东	1	2
中断	1	2
战国	1	2
朝着	1	2
试行	1	2
投影	1	2
一二	1	2
毒性	1	2
党政	1	2
自有	1	2
洪水	1	2
制约	1	2
大臣	1	2
三维	1	2
数码	1	2
可行	1	2
打下	1	2
画出	1	2
补肾	1	2
导出	1	2
表述	1	2
一动	1	2
口头	1	2
举例	1	2
历代	1	2
侵略	1	2
光学	1	2
分级	1	2
支配	1	2
立法	1	2
德里	1	2
论证	1	2
益气	1	2
应付	1	2
不肯	1	2
未见	1	2
法学	1	2
外贸	1	2
梦中	1	2
导管	1	2
柴油	1	2
再也	1	2
纵向	1	2
上前	1	2
诱导	1	2
在内	1	2
原地	1	2
衍生	1	2
三百	1	2
华北	1	2
一两	1	2
信贷	1	2
话语	1	2
朝廷	1	2
简化	1	2
水面	1	2
海底	1	2
数百	1	2
血小板	1	3
无不	1	2
情境	1	2
万分	1	2
高尚	1	2
甘草	1	2
八大	1	2
进气	1	2
进出口	1	3
建设工程	1	4
淡淡的	1	3
口气	1	2
汇率	1	2
国民党	1	3
碱性	1	2
乙醇	1	2
十里	1	2
那位	1	2
应力	1	2
门外	1	2
互联	1	2
绝不	1	2
外资	1	2
刑罚	1	2
互补	1	2
骨髓	1	2
晶体	1	2
烟草	1	2
有何	1	2
味精	1	2
马尔	1	2
具体情况	1	4
得意	1	2
处方	1	2
销售额	1	3
多媒体	1	3
人参	1	2
水源	1	2
手足	1	2
民办	1	2
商品房	1	3
荧光	1	2
理发	1	2
发生变化	1	4
地形	1	2
液晶	1	2
直流	1	2
语气	1	2
会展	1	2
定量	1	2
线圈	1	2
光电	1	2
更具	1	2
方可	1	2
口中	1	2
产值	1	2
竣工	1	2
心想	1	2
大幅度	1	3
粉末	1	2
集聚	1	2
物价	1	2
高高	1	2
持股	1	2
进水	1	2
不顺	1	2
服务业	1	3
临床表现	1	4
药用	1	2
一听	1	2
阿拉伯	1	3
比重	1	2
种族	1	2
社会保险	1	4
生化	1	2
小便	1	2
高等教育	1	4
报表	1	2
结肠	1	2
格尔	1	2
用以	1	2
解剖	1	2
细分	1	2
子公司	1	3
政权	1	2
合同法	1	3
用工	1	2
不计	1	2
年期	1	2
天文	1	2
印发	1	2
公子	1	2
垄断	1	2
常有	1	2
期权	1	2
失控	1	2
媒介	1	2
阶层	1	2
胸闷	1	2
转速	1	2
批判	1	2
公共卫生	1	4
悬浮	1	2
核算	1	2
选中	1	2
收回	1	2
位移	1	2
克拉	1	2
演变	1	2
药剂	1	2
流域	1	2
染色体	1	3
另有	1	2
对人	1	2
合伙人	1	3
布鲁	1	2
中共中央	1	4
废水	1	2
拉着	1	2
就让	1	2
对策	1	2
湿热	1	2
民法典	1	3
麦克	1	2
时应	1	2
起着	1	2
黄芪	1	2
着眼	1	2
食疗	1	2
化痰	1	2
变压器	1	3
更深	1	2
监会	1	2
小鱼	1	2
利尿	1	2
皮下	1	2
应变	1	2
污染物	1	3
逐年	1	2
化石	1	2
主营	1	2
一见	1	2
小平	1	2
人来	1	2
胳膊	1	2
生物学	1	3
五百	1	2
半径	1	2
决议	1	2
检索	1	2
角膜	1	2
违约金	1	3
温室	1	2
电容	1	2
近年	1	2
心地	1	2
敦煌	1	2
监理	1	2
投保	1	2
这儿	1	2
第三届	1	3
公元前	1	3
同理	1	2
脸色	1	2
预定	1	2
深深地	1	3
呵呵	1	2
就是说	1	3
行使	1	2
身子	1	2
趋于	1	2
治国	1	2
光绪	1	2
视网膜	1	3
上百	1	2
议论	1	2
说完	1	2
未成年	1	3
争论	1	2
转入	1	2
粒子	1	2
遗嘱	1	2
票据	1	2
审议	1	2
听得	1	2
可观	1	2
图标	1	2
淋巴结	1	3
中说	1	2
红外	1	2
拉丁	1	2
氯化	1	2
离心	1	2
辩护	1	2
可控	1	2
产出	1	2
对联	1	2
地利	1	2
儒家	1	2
负载	1	2
率领	1	2
不解	1	2
合资	1	2
受限	1	2
推销	1	2
配电	1	2
其所	1	2
知情	1	2
仿真	1	2
信托	1	2
周转	1	2
受人	1	2
托管	1	2
关税	1	2
任命	1	2
定为	1	2
雍正	1	2
发电机	1	3
聚合	1	2
实业	1	2
滋阴	1	2
国籍	1	2
按下	1	2
脉冲	1	2
有事	1	2
八十	1	2
评级	1	2
风寒	1	2
责任人	1	3
一整	1	2
威廉	1	2
伦理	1	2
重力	1	2
网贷	1	2
伸手	1	2
五六	1	2
受体	1	2
监督管理	1	4
保证金	1	3
阴虚	1	2
章程	1	2
执政	1	2
加减	1	2
华中	1	2
家有	1	2
年末	1	2
手续费	1	3
沥青	1	2
死刑	1	2
固定资产	1	4
社会保障	1	4
殖民	1	2
阳明	1	2
其一	1	2
面色	1	2
不理	1	2
这话	1	2
丙烯	1	2
老爷	1	2
重型	1	2
成一	1	2
过错	1	2
大体	1	2
施行	1	2
速率	1	2
水资源	1	3
有情	1	2
颁布	1	2
透视	1	2
起身	1	2
出庭	1	2
急剧	1	2
十万	1	2
高管	1	2
工期	1	2
三层	1	2
百货	1	2
辩证	1	2
公共服务	1	4
人造	1	2
这下	1	2
脊髓	1	2
一间	1	2
分红	1	2
乳酸	1	2
脏腑	1	2
条约	1	2
当归	1	2
证人	1	2
阻滞	1	2
血浆	1	2
彼得	1	2
无缝	1	2
两千	1	2
图表	1	2
财政部	1	3
所有权	1	3
问道	1	2
素有	1	2
凝血	1	2
源性	1	2
高职	1	2
奴隶	1	2
最深	1	2
十条	1	2
人称	1	2
数千	1	2
光盘	1	2
学分	1	2
白细胞	1	3
不确定性	1	4
变现	1	2
生产力	1	3
届满	1	2
管理层	1	3
茯苓	1	2
百里	1	2
第十二	1	3
玛丽	1	2
心血	1	2
税率	1	2
为国	1	2
举证	1	2
两项	1	2
满脸	1	2
医疗卫生	1	4
上层	1	2
点头	1	2
社会工作	1	4
微观	1	2
第四届	1	3
元年	1	2
在建	1	2
集资	1	2
截面	1	2
创造性	1	3
施加	1	2
收款	1	2
特异性	1	3
预后	1	2
上期	1	2
中南	1	2
造影	1	2
发达国家	1	4
十余	1	2
例句	1	2
无菌	1	2
辨证	1	2
排污	1	2
我心	1	2
化作	1	2
两三	1	2
皇上	1	2
现行	1	2
在手	1	2
对立	1	2
张大	1	2
动车	1	2
老头	1	2
安德	1	2
甲基	1	2
摇头	1	2
继承人	1	3
田径	1	2
并购	1	2
电动机	1	3
开源	1	2
耳边	1	2
本病	1	2
在世	1	2
一抹	1	2
叙事	1	2
明细	1	2
不改	1	2
大部	1	2
一刀	1	2
游离	1	2
第十三	1	3
克里	1	2
国会	1	2
董事会	1	3
留存	1	2
举起	1	2
急忙	1	2
水土	1	2
货币政策	1	4
蒸馏	1	2
加压	1	2
县域	1	2
风电	1	2
然大	1	2
心悸	1	2
不符	1	2
二百	1	2
回购	1	2
记账	1	2
怀里	1	2
大为	1	2
第十一	1	3
一目	1	2
第十五	1	3
此种	1	2
可信	1	2
四五	1	2
本报	1	2
地表	1	2
声乐	1	2
主权	1	2
详见	1	2
浮动	1	2
题为	1	2
意识形态	1	4
软组织	1	3
共产主义	1	4
还应	1	2
中西	1	2
不善	1	2
资本主义	1	4
注视	1	2
多重	1	2
人选	1	2
油气	1	2
有感	1	2
市场化	1	3
职业道德	1	4
误导	1	2
辨认	1	2
商业银行	1	4
克里斯	1	3
共和	1	2
用时	1	2
理学	1	2
不正	1	2
用语	1	2
格拉	1	2
以太	1	2
分布式	1	3
已成	1	2
达尔	1	2
单击	1	2
期满	1	2
单项	1	2
二层	1	2
对话框	1	3
浮现	1	2
史记	1	2
五味	1	2
建构	1	2
嘴角	1	2
亲眼	1	2
一封	1	2
副总	1	2
党内	1	2
见图	1	2
另一方	1	3
预估	1	2
结构性	1	3
通货膨胀	1	4
配制	1	2
市场经济	1	4
票价	1	2
公约	1	2
有待	1	2
分发	1	2
系统性	1	3
第十四	1	3
放射性	1	3
小子	1	2
草案	1	2
高产	1	2
冠状动脉	1	4
嘻嘻	1	2
国有企业	1	4
人以	1	2
祖父	1	2
确定性	1	3
三者	1	2
有理	1	2
注册资本	1	4
溢价	1	2
中日	1	2
一地	1	2
市人	1	2
远大	1	2
我爸	1	2
证监会	1	3
气道	1	2
法律援助	1	4
工业化	1	3
行政区	1	3
跨国	1	2
伊斯兰	1	3
增减	1	2
心烦	1	2
文化产业	1	4
原发性	1	3
不进	1	2
民事诉讼	1	4
年生	1	2
三方	1	2
社会科学	1	4
国之	1	2
不需	1	2
参考文献	1	4
滤波	1	2
一文	1	2
大黄	1	2
颅内	1	2
一团	1	2
咬牙	1	2
指着	1	2
临界	1	2
小城	1	2
定金	1	2
保费	1	2
东盟	1	2
客气	1	2
现存	1	2
定性	1	2
现为	1	2
舌苔	1	2
大成	1	2
现金流	1	3
市场竞争	1	4
哲学家	1	3
学史	1	2
邓小平	1	3
连忙	1	2
全球化	1	3
伤寒	1	2
为数	1	2
债权人	1	3
税费	1	2
个案	1	2
可不	1	2
募集	1	2
出卖	1	2
对本	1	2
不透	1	2
主营业务	1	4
有助	1	2
内经	1	2
历任	1	2
立在	1	2
别提	1	2
二甲	1	2
装甲	1	2
家伙	1	2
契约	1	2
界定	1	2
睁开	1	2
非公	1	2
总成	1	2
倍液	1	2
天一	1	2
可行性	1	3
与生	1	2
广义	1	2
二十五	1	3
预见	1	2
校本	1	2
快门	1	2
同盟	1	2
边际	1	2
净值	1	2
一连	1	2
银行业	1	3
第十六	1	3
被害	1	2
强制性	1	3
不发	1	2
工程施工	1	4
主动脉	1	3
出任	1	2
地黄	1	2
大发	1	2
救生	1	2
为生	1	2
海市	1	2
神情	1	2
表决	1	2
巴尔	1	2
趴在	1	2
白术	1	2
着色	1	2
外周	1	2
订立	1	2
城镇化	1	3
贪污	1	2
本国	1	2
预付	1	2
增长率	1	3
质押	1	2
工伤保险	1	4
正中	1	2
眉头	1	2
桂枝	1	2
经济体	1	3
抽样	1	2
公孙	1	2
于世	1	2
计入	1	2
产业结构	1	4
头孢	1	2
这会	1	2
一节	1	2
黄连	1	2
学报	1	2
复方	1	2
年产	1	2
减持	1	2
图层	1	2
中是	1	2
柴胡	1	2
光圈	1	2
结构化	1	3
进城	1	2
大半	1	2
归属于	1	3
暂行	1	2
半夏	1	2
科教	1	2
高人	1	2
选修	1	2
九十	1	2
国民经济	1	4
地下水	1	3
馆藏	1	2
体表	1	2
奥斯	1	2
十多年	1	3
按住	1	2
监事	1	2
顶点	1	2
年均	1	2
债务人	1	3
照相	1	2
抵扣	1	2
雅典	1	2
掏出	1	2
人能	1	2
祛风	1	2
长方	1	2
归结	1	2
行政诉讼	1	4
诉请	1	2
建工	1	2
表中	1	2
在位	1	2
应收	1	2
地问	1	2
存货	1	2
转基因	1	3
辞退	1	2
差错	1	2
气机	1	2
参见	1	2
动工	1	2
右键	1	2
绘图	1	2
自然人	1	3
数以	1	2
时所	1	2
法务	1	2
有别	1	2
行政复议	1	4
万历	1	2
价款	1	2
存续	1	2
定额	1	2
每股	1	2
受贿	1	2
本分	1	2
为重	1	2
后继	1	2
生发	1	2
学中	1	2
大关	1	2
本部	1	2
实证	1	2
人寿	1	2
十多	1	2
年版	1	2
职教	1	2
自由贸易	1	4
买方	1	2
工科	1	2
步兵	1	2
社会化	1	3
社会学	1	3
分部	1	2
承租	1	2
慕容	1	2
个村	1	2
人权	1	2
特异	1	2
利水	1	2
唯物	1	2
渐变	1	2
学学	1	2
你别	1	2
风险管理	1	4
一概	1	2
保险人	1	3
道光	1	2
议事	1	2
产销	1	2
前五	1	2
精盐	1	2
效用	1	2
利害	1	2
资产负债	1	4
洛伊	1	2
性脑	1	2
政党	1	2
得利	1	2
中单	1	2
税额	1	2
母公司	1	3
格斯	1	2
物权	1	2
计分	1	2
取其	1	2
二十一	1	3
本法	1	2
居留	1	2
账款	1	2
荷载	1	2
经常性	1	3
腹膜	1	2
折旧	1	2
计算公式	1	4
列宁	1	2
内蒙	1	2
村居	1	2
差额	1	2
报业	1	2
决定性	1	3
医疗费	1	3
触点	1	2
非同	1	2
量表	1	2
当期	1	2
二个	1	2
第二十	1	3
最广	1	2
有生	1	2
过氧化	1	3
权证	1	2
不提	1	2
而发	1	2
净资产	1	3
同业	1	2
没说	1	2
万股	1	2
再生能源	1	4
更广	1	2
股骨	1	2
上官	1	2
履约	1	2
估价	1	2
焊缝	1	2
资产阶级	1	4
国军	1	2
损害赔偿	1	4
聘任	1	2
麻黄	1	2
有如	1	2
会因	1	2
我刚	1	2
鱼尾	1	2
议案	1	2
张若	1	2
一国	1	2
而终	1	2
希尔	1	2
工的	1	2
黄芩	1	2
计价	1	2
徐志	1	2
嘉靖	1	2
内生	1	2
动产	1	2
性差	1	2
税前	1	2
同治	1	2
方差	1	2
时能	1	2
弗兰	1	2
法是	1	2
全资	1	2
可变	1	2
无产阶级	1	4
缺血性	1	3
筹资	1	2
舌质	1	2
等价	1	2
不认	1	2
大作	1	2
规范性	1	3
大错	1	2
外感	1	2
体形	1	2
动情	1	2
性病	1	2
加权	1	2
进项	1	2
语义	1	2
十岁	1	2
子们	1	2
局域	1	2
转过	1	2
外商	1	2
水系	1	2
陛下	1	2
经营权	1	3
轩辕	1	2
学工	1	2
寄存	1	2
行审	1	2
资管	1	2
说不出	1	3
花岗	1	2
理查	1	2
成交价	1	3
弗雷	1	2
于行	1	2
经营性	1	3
分两	1	2
汇票	1	2
由表	1	2
共管	1	2
度为	1	2
上分	1	2
民工	1	2
病机	1	2
感光	1	2
财务状况	1	4
财务报表	1	4
夏侯	1	2
有形	1	2
小声	1	2
折算	1	2
要件	1	2
损益	1	2
脑脊	1	2
该区	1	2
公司法	1	3
保额	1	2
面值	1	2
非营利	1	3
派发	1	2
入账	1	2
明文	1	2
传教	1	2
摇摇	1	2
生地	1	2
二十二	1	3
任期	1	2
理政	1	2
额为	1	2
接下	1	2
承兑	1	2
民	1	1
院	1	1
孩	1	1
育	1	1
专	1	1
社	1	1
养	1	1
医	1	1
治	1	1
觉	1	1
世	1	1
研	1	1
战	1	1
领	1	1
众	1	1
办	1	1
园	1	1
健	1	1
诉	1	1
阳	1	1
团	1	1
营	1	1
赛	1	1
极	1	1
企	1	1
眼	1	1
火	1	1
委	1	1
州	1	1
律	1	1
药	1	1
责	1	1
讲	1	1
妈	1	1
农	1	1
疗	1	1
米	1	1
朋	1	1
财	1	1
福	1	1
究	1	1
轻	1	1
势	1	1
疫	1	1
材	1	1
享	1	1
艺	1	1
坚	1	1
患	1	1
士	1	1
室	1	1
富	1	1
皮	1	1
严	1	1
险	1	1
尽	1	1
愿	1	1
帮	1	1
酒	1	1
河	1	1
伤	1	1
肉	1	1
济	1	1
居	1	1
织	1	1
益	1	1
培	1	1
念	1	1
害	1	1
绍	1	1
族	1	1
季	1	1
虽	1	1
吸	1	1
彩	1	1
庭	1	1
兴	1	1
善	1	1
晚	1	1
良	1	1
担	1	1
毒	1	1
穿	1	1
镇	1	1
千	1	1
剧	1	1
紧	1	1
慢	1	1
汉	1	1
宣	1	1
争	1	1
官	1	1
智	1	1
八	1	1
银	1	1
突	1	1
痛	1	1
迎	1	1
婚	1	1
卫	1	1
乡	1	1
雨	1	1
破	1	1
粉	1	1
衣	1	1
融	1	1
察	1	1
幼	1	1
旅	1	1
茶	1	1
洗	1	1
松	1	1
酸	1	1
液	1	1
亚	1	1
湖	1	1
脑	1	1
久	1	1
抗	1	1
冷	1	1
夜	1	1
丰	1	1
奖	1	1
甚	1	1
铁	1	1
鱼	1	1
副	1	1
绿	1	1
餐	1	1
稳	1	1
急	1	1
幸	1	1
伴	1	1
楼	1	1
秀	1	1
草	1	1
蛋	1	1
纪	1	1
梦	1	1
招	1	1
守	1	1
贵	1	1
灵	1	1
府	1	1
糖	1	1
搭	1	1
夫	1	1
努	1	1
劳	1	1
秋	1	1
童	1	1
丝	1	1
堂	1	1
饮	1	1
永	1	1
骨	1	1
暖	1	1
熟	1	1
街	1	1
饭	1	1
巴	1	1
困	1	1
纷	1	1
睡	1	1
聚	1	1
植	1	1
兰	1	1
炎	1	1
鸡	1	1
闻	1	1
纳	1	1
圈	1	1
奶	1	1
疾	1	1
障	1	1
怀	1	1
促	1	1
趣	1	1
冲	1	1
冬	1	1
乎	1	1
鲜	1	1
谈	1	1
摄	1	1
综	1	1
床	1	1
救	1	1
朝	1	1
胜	1	1
礼	1	1
怕	1	1
雪	1	1
玉	1	1
予	1	1
讼	1	1
竟	1	1
托	1	1
肤	1	1
爸	1	1
软	1	1
卖	1	1
拥	1	1
馆	1	1
庆	1	1
灯	1	1
豆	1	1
净	1	1
佛	1	1
休	1	1
沙	1	1
斗	1	1
脱	1	1
危	1	1
犯	1	1
牙	1	1
售	1	1
延	1	1
佳	1	1
舞	1	1
冠	1	1
航	1	1
肥	1	1
透	1	1
渐	1	1
亿	1	1
涨	1	1
诊	1	1
筑	1	1
烟	1	1
刑	1	1
疑	1	1
逐	1	1
姐	1	1
汽	1	1
惯	1	1
挥	1	1
田	1	1
媒	1	1
阴	1	1
荣	1	1
宜	1	1
醒	1	1
尤	1	1
寒	1	1
露	1	1
抓	1	1
辆	1	1
冰	1	1
胃	1	1
革	1	1
狗	1	1
剂	1	1
尚	1	1
涉	1	1
讨	1	1
握	1	1
攻	1	1
掌	1	1
菌	1	1
肌	1	1
纸	1	1
川	1	1
甲	1	1
税	1	1
驾	1	1
沉	1	1
措	1	1
哥	1	1
爆	1	1
著	1	1
懂	1	1
仍	1	1
湿	1	1
野	1	1
贴	1	1
洁	1	1
港	1	1
扬	1	1
硬	1	1
宫	1	1
刺	1	1
盛	1	1
篇	1	1
兵	1	1
桥	1	1
坏	1	1
讯	1	1
厚	1	1
妇	1	1
弱	1	1
旧	1	1
肯	1	1
厂	1	1
尿	1	1
遗	1	1
吉	1	1
麻	1	1
烧	1	1
孔	1	1
仪	1	1
届	1	1
威	1	1
奋	1	1
惊	1	1
镜	1	1
汤	1	1
欧	1	1
浪	1	1
乱	1	1
违	1	1
耳	1	1
赞	1	1
折	1	1
幅	1	1
锅	1	1
忘	1	1
齐	1	1
汇	1	1
肝	1	1
猪	1	1
峰	1	1
杆	1	1
勇	1	1
肠	1	1
脂	1	1
厅	1	1
绪	1	1
迷	1	1
祝	1	1
洲	1	1
竞	1	1
派	1	1
虚	1	1
励	1	1
督	1	1
雷	1	1
胞	1	1
泡	1	1
润	1	1
钢	1	1
巧	1	1
赏	1	1
孕	1	1
贫	1	1
纯	1	1
漫	1	1
膜	1	1
恶	1	1
荐	1	1
舒	1	1
淡	1	1
沟	1	1
妻	1	1
雅	1	1
岗	1	1
缘	1	1
雄	1	1
恩	1	1
禁	1	1
陪	1	1
盐	1	1
跌	1	1
岛	1	1
帝	1	1
诚	1	1
甜	1	1
浓	1	1
鼓	1	1
洋	1	1
秘	1	1
肺	1	1
唱	1	1
席	1	1
驶	1	1
脏	1	1
伙	1	1
挑	1	1
弟	1	1
混	1	1
侵	1	1
忆	1	1
践	1	1
屋	1	1
敢	1	1
忙	1	1
弃	1	1
敬	1	1
腹	1	1
哦	1	1
敏	1	1
腿	1	1
巨	1	1
皇	1	1
纠	1	1
途	1	1
焦	1	1
伟	1	1
慧	1	1
墙	1	1
脉	1	1
啦	1	1
聊	1	1
奥	1	1
苗	1	1
朗	1	1
炒	1	1
楚	1	1
尼	1	1
癌	1	1
凉	1	1
杯	1	1
祖	1	1
阻	1	1
繁	1	1
尊	1	1
央	1	1
谓	1	1
履	1	1
耐	1	1
勤	1	1
稿	1	1
旗	1	1
瓜	1	1
炼	1	1
乳	1	1
梅	1	1
贷	1	1
肿	1	1
呈	1	1
宗	1	1
俗	1	1
庄	1	1
咨	1	1
圣	1	1
撑	1	1
恋	1	1
凡	1	1
召	1	1
辅	1	1
羊	1	1
衡	1	1
辛	1	1
胎	1	1
赶	1	1
氧	1	1
猫	1	1
污	1	1
珍	1	1
摩	1	1
晓	1	1
亡	1	1
戴	1	1
磨	1	1
估	1	1
纹	1	1
恢	1	1
壁	1	1
罚	1	1
欲	1	1
震	1	1
疼	1	1
毫	1	1
悉	1	1
君	1	1
柔	1	1
燃	1	1
蒙	1	1
暗	1	1
旦	1	1
彻	1	1
甘	1	1
晨	1	1
腰	1	1
胶	1	1
摆	1	1
桃	1	1
槽	1	1
刀	1	1
潮	1	1
腔	1	1
舍	1	1
肖	1	1
贝	1	1
塞	1	1
紫	1	1
残	1	1
绕	1	1
债	1	1
横	1	1
婆	1	1
泰	1	1
谷	1	1
烦	1	1
肾	1	1
偿	1	1
扶	1	1
船	1	1
灾	1	1
爷	1	1
眠	1	1
迹	1	1
振	1	1
闲	1	1
惠	1	1
欣	1	1
撤	1	1
津	1	1
扎	1	1
塔	1	1
伸	1	1
宇	1	1
鼻	1	1
乌	1	1
贯	1	1
租	1	1
锋	1	1
亦	1	1
颗	1	1
凝	1	1
丹	1	1
嘉	1	1
森	1	1
丁	1	1
珠	1	1
俄	1	1
抵	1	1
塑	1	1
怪	1	1
胆	1	1
沿	1	1
鲁	1	1
灭	1	1
胸	1	1
虎	1	1
睛	1	1
矿	1	1
泉	1	1
伍	1	1
薄	1	1
仙	1	1
浙	1	1
恐	1	1
滴	1	1
鞋	1	1
骗	1	1
螺	1	1
挺	1	1
伊	1	1
煮	1	1
抢	1	1
泥	1	1
迅	1	1
潜	1	1
铺	1	1
腐	1	1
援	1	1
豪	1	1
嘴	1	1
垃	1	1
圾	1	1
灰	1	1
麦	1	1
鉴	1	1
仁	1	1
顿	1	1
瓶	1	1
辣	1	1
诺	1	1
盟	1	1
妙	1	1
赚	1	1
碎	1	1
赢	1	1
泽	1	1
趋	1	1
贸	1	1
寿	1	1
倾	1	1
仓	1	1
诸	1	1
涂	1	1
旁	1	1
喷	1	1
聘	1	1
湾	1	1
忍	1	1
昌	1	1
齿	1	1
废	1	1
泛	1	1
籍	1	1
宿	1	1
辉	1	1
腺	1	1
枝	1	1
杰	1	1
桌	1	1
锻	1	1
凭	1	1
洞	1	1
柱	1	1
冒	1	1
蜜	1	1
忽	1	1
乏	1	1
瑞	1	1
伦	1	1
脾	1	1
鸟	1	1
壮	1	1
粒	1	1
尖	1	1
裂	1	1
腾	1	1
仔	1	1
尘	1	1
抑	1	1
奏	1	1
昨	1	1
娱	1	1
遭	1	1
姜	1	1
汗	1	1
闹	1	1
邀	1	1
悲	1	1
贡	1	1
陷	1	1
愈	1	1
墨	1	1
冻	1	1
迪	1	1
誉	1	1
竹	1	1
蒸	1	1
娘	1	1
拒	1	1
搞	1	1
孤	1	1
踏	1	1
蔬	1	1
肩	1	1
驱	1	1
艳	1	1
盆	1	1
仿	1	1
炸	1	1
遵	1	1
械	1	1
裤	1	1
漂	1	1
篮	1	1
逃	1	1
拔	1	1
恒	1	1
徒	1	1
殖	1	1
吹	1	1
谱	1	1
荷	1	1
魔	1	1
岸	1	1
袋	1	1
郭	1	1
粮	1	1
缴	1	1
朵	1	1
漏	1	1
署	1	1
奉	1	1
浅	1	1
牢	1	1
碰	1	1
萨	1	1
轨	1	1
吐	1	1
洛	1	1
跃	1	1
滋	1	1
奔	1	1
饱	1	1
悦	1	1
郁	1	1
姻	1	1
匀	1	1
纤	1	1
疏	1	1
隆	1	1
宾	1	1
井	1	1
迟	1	1
拜	1	1
迁	1	1
跨	1	1
琴	1	1
刊	1	1
忠	1	1
洪	1	1
颈	1	1
碍	1	1
瘤	1	1
壳	1	1
晶	1	1
敌	1	1
彼	1	1
粗	1	1
荡	1	1
栏	1	1
券	1	1
擦	1	1
挡	1	1
狂	1	1
扰	1	1
伏	1	1
烂	1	1
兼	1	1
泪	1	1
穷	1	1
拓	1	1
碳	1	1
稍	1	1
祥	1	1
巡	1	1
尺	1	1
瘦	1	1
寸	1	1
粘	1	1
坦	1	1
汁	1	1
衰	1	1
凤	1	1
氏	1	1
胖	1	1
卧	1	1
丨	1	1
劲	1	1
魂	1	1
筹	1	1
忧	1	1
澳	1	1
馨	1	1
偷	1	1
燕	1	1
谐	1	1
燥	1	1
旺	1	1
桂	1	1
锦	1	1
斤	1	1
芳	1	1
佩	1	1
溪	1	1
拌	1	1
煤	1	1
乙	1	1
肪	1	1
摸	1	1
滚	1	1
斑	1	1
晋	1	1
碗	1	1
葱	1	1
饼	1	1
艾	1	1
溶	1	1
撞	1	1
夺	1	1
驻	1	1
牵	1	1
骑	1	1
闪	1	1
坡	1	1
盈	1	1
陶	1	1
寄	1	1
兄	1	1
盾	1	1
葡	1	1
呀	1	1
玻	1	1
宅	1	1
苹	1	1
啥	1	1
拖	1	1
囊	1	1
弯	1	1
徽	1	1
鼠	1	1
谋	1	1
摇	1	1
枪	1	1
耀	1	1
芯	1	1
剑	1	1
鸣	1	1
摘	1	1
凌	1	1
璃	1	1
捷	1	1
伯	1	1
圳	1	1
幻	1	1
泌	1	1
凯	1	1
莲	1	1
瞬	1	1
涵	1	1
炉	1	1
醉	1	1
坛	1	1
萄	1	1
飘	1	1
疲	1	1
宏	1	1
谨	1	1
曼	1	1
卵	1	1
雾	1	1
铜	1	1
皆	1	1
宠	1	1
挖	1	1
纵	1	1
婴	1	1
柳	1	1
欠	1	1
慰	1	1
慎	1	1
岩	1	1
悔	1	1
稀	1	1
酱	1	1
磁	1	1
嫌	1	1
瓦	1	1
娃	1	1
烤	1	1
帅	1	1
卜	1	1
诱	1	1
艰	1	1
杭	1	1
垂	1	1
淋	1	1
棒	1	1
戒	1	1
姆	1	1
浸	1	1
菲	1	1
丢	1	1
廉	1	1
寺	1	1
硕	1	1
赔	1	1
袭	1	1
赖	1	1
丈	1	1
辞	1	1
勒	1	1
阔	1	1
辽	1	1
惑	1	1
薪	1	1
聪	1	1
恰	1	1
咖	1	1
蜂	1	1
娜	1	1
厉	1	1
胀	1	1
叔	1	1
雕	1	1
姑	1	1
仰	1	1
糊	1	1
忌	1	1
鬼	1	1
亏	1	1
莱	1	1
怨	1	1
犹	1	1
熬	1	1
缝	1	1
熊	1	1
盒	1	1
悬	1	1
渠	1	1
吨	1	1
穴	1	1
矛	1	1
羽	1	1
弄	1	1
崇	1	1
兔	1	1
筒	1	1
俊	1	1
亩	1	1
陕	1	1
韵	1	1
怒	1	1
催	1	1
钙	1	1
吊	1	1
斜	1	1
慈	1	1
砖	1	1
辩	1	1
垫	1	1
役	1	1
瓷	1	1
醇	1	1
蒜	1	1
棉	1	1
肃	1	1
芽	1	1
堵	1	1
屈	1	1
虾	1	1
盗	1	1
搬	1	1
挤	1	1
腻	1	1
陵	1	1
咳	1	1
嫩	1	1
赴	1	1
叠	1	1
俱	1	1
筋	1	1
眉	1	1
肚	1	1
搅	1	1
臂	1	1
疆	1	1
钻	1	1
浴	1	1
肢	1	1
晰	1	1
撒	1	1
孝	1	1
捐	1	1
萌	1	1
淀	1	1
脆	1	1
抚	1	1
赠	1	1
芝	1	1
弘	1	1
喂	1	1
辨	1	1
泄	1	1
浩	1	1
昆	1	1
酷	1	1
幽	1	1
拳	1	1
慕	1	1
扮	1	1
渡	1	1
耕	1	1
乃	1	1
押	1	1
洒	1	1
抹	1	1
魏	1	1
灌	1	1
株	1	1
猛	1	1
淘	1	1
阀	1	1
霞	1	1
毁	1	1
钓	1	1
浆	1	1
捕	1	1
咱	1	1
贤	1	1
砂	1	1
蛇	1	1
舌	1	1
逼	1	1
哲	1	1
啡	1	1
蹈	1	1
粥	1	1
奈	1	1
朴	1	1
迈	1	1
乔	1	1
岭	1	1
翠	1	1
狱	1	1
壤	1	1
惧	1	1
夕	1	1
叹	1	1
坑	1	1
卓	1	1
祭	1	1
桶	1	1
遥	1	1
牧	1	1
涛	1	1
盲	1	1
桑	1	1
玲	1	1
邦	1	1
恼	1	1
劝	1	1
椎	1	1
揭	1	1
塘	1	1
孟	1	1
逢	1	1
御	1	1
喊	1	1
帽	1	1
弥	1	1
傅	1	1
衬	1	1
黎	1	1
赤	1	1
拨	1	1
窝	1	1
嫁	1	1
凸	1	1
恨	1	1
晴	1	1
浇	1	1
曝	1	1
贺	1	1
傲	1	1
荒	1	1
馈	1	1
抬	1	1
鹏	1	1
鸭	1	1
饲	1	1
溢	1	1
碑	1	1
堪	1	1
岳	1	1
炮	1	1
懒	1	1
厘	1	1
翼	1	1
邓	1	1
绳	1	1
契	1	1
埋	1	1
霜	1	1
箭	1	1
苍	1	1
贾	1	1
郎	1	1
掘	1	1
遮	1	1
蓄	1	1
兽	1	1
搏	1	1
焊	1	1
墓	1	1
枣	1	1
仲	1	1
罐	1	1
夸	1	1
棋	1	1
豫	1	1
稻	1	1
疯	1	1
臣	1	1
愁	1	1
邪	1	1
丧	1	1
咬	1	1
舟	1	1
昂	1	1
碧	1	1
浦	1	1
妥	1	1
冯	1	1
玛	1	1
筛	1	1
扇	1	1
猴	1	1
氨	1	1
狼	1	1
咽	1	1
鹿	1	1
贪	1	1
畏	1	1
舰	1	1
吵	1	1
腊	1	1
蔡	1	1
勃	1	1
狮	1	1
膝	1	1
亭	1	1
庙	1	1
柴	1	1
堡	1	1
俩	1	1
梨	1	1
纽	1	1
咸	1	1
欺	1	1
霍	1	1
骂	1	1
缸	1	1
惨	1	1
柏	1	1
耶	1	1
锡	1	1
莉	1	1
逸	1	1
卢	1	1
呆	1	1
鸿	1	1
晕	1	1
霉	1	1
芬	1	1
膀	1	1
闷	1	1
埃	1	1
吕	1	1
玄	1	1
泻	1	1
颁	1	1
宙	1	1
湘	1	1
妨	1	1
瓣	1	1
渗	1	1
侯	1	1
扭	1	1
醋	1	1
虹	1	1
慌	1	1
臭	1	1
禅	1	1
滞	1	1
摊	1	1
辰	1	1
茂	1	1
脊	1	1
酵	1	1
锐	1	1
袖	1	1
菊	1	1
泵	1	1
咪	1	1
踩	1	1
涌	1	1
勿	1	1
拾	1	1
挣	1	1
彭	1	1
犬	1	1
凹	1	1
栋	1	1
扑	1	1
葛	1	1
芒	1	1
翔	1	1
梗	1	1
膏	1	1
巢	1	1
铭	1	1
勾	1	1
漆	1	1
姨	1	1
枯	1	1
纱	1	1
秩	1	1
敲	1	1
匆	1	1
劣	1	1
蒋	1	1
丑	1	1
碱	1	1
汪	1	1
黏	1	1
嘛	1	1
丘	1	1
丸	1	1
笼	1	1
炭	1	1
伐	1	1
寂	1	1
棚	1	1
伪	1	1
娇	1	1
胁	1	1
酶	1	1
淮	1	1
披	1	1
傻	1	1
凶	1	1
滩	1	1
昏	1	1
赫	1	1
罢	1	1
蒂	1	1
渔	1	1
沃	1	1
潘	1	1
漠	1	1
痰	1	1
泼	1	1
渣	1	1
侠	1	1
刮	1	1
磷	1	1
曰	1	1
逾	1	1
杏	1	1
芦	1	1
拘	1	1
抄	1	1
铝	1	1
菩	1	1
嗽	1	1
廷	1	1
呵	1	1
寨	1	1
钩	1	1
骄	1	1
祸	1	1
趁	1	1
唇	1	1
殿	1	1
姚	1	1
伽	1	1
酬	1	1
巩	1	1
暨	1	1
裕	1	1
钉	1	1
饿	1	1
缠	1	1
狠	1	1
躲	1	1
赌	1	1
铸	1	1
窄	1	1
敷	1	1
掩	1	1
琳	1	1
丛	1	1
蓬	1	1
叙	1	1
鼎	1	1
萧	1	1
鑫	1	1
蕴	1	1
猎	1	1
喉	1	1
捞	1	1
髓	1	1
剥	1	1
弗	1	1
蝶	1	1
弦	1	1
竖	1	1
氢	1	1
浑	1	1
铃	1	1
戚	1	1
泊	1	1
沫	1	1
崩	1	1
扔	1	1
橡	1	1
苑	1	1
粤	1	1
蕾	1	1
牲	1	1
糟	1	1
翅	1	1
熙	1	1
耍	1	1
乾	1	1
吞	1	1
丙	1	1
卑	1	1
庞	1	1
硫	1	1
嘱	1	1
兆	1	1
捧	1	1
逊	1	1
棵	1	1
鹤	1	1
削	1	1
愤	1	1
妃	1	1
仇	1	1
剖	1	1
窃	1	1
谦	1	1
伞	1	1
誓	1	1
哀	1	1
兑	1	1
沸	1	1
匙	1	1
沪	1	1
轰	1	1
妖	1	1
帕	1	1
韦	1	1
吾	1	1
葬	1	1
纺	1	1
揉	1	1
炖	1	1
侦	1	1
橘	1	1
鹰	1	1
阁	1	1
藤	1	1
蓉	1	1
坪	1	1
遂	1	1
茅	1	1
轩	1	1
喘	1	1
辐	1	1
枕	1	1
恭	1	1
摔	1	1
荆	1	1
硅	1	1
胰	1	1
凑	1	1
弧	1	1
灶	1	1
庸	1	1
莎	1	1
宪	1	1
疮	1	1
靖	1	1
蛮	1	1
佐	1	1
秉	1	1
祛	1	1
娟	1	1
狭	1	1
牺	1	1
尸	1	1
撰	1	1
捡	1	1
募	1	1
枢	1	1
薇	1	1
茎	1	1
钾	1	1
撕	1	1
坎	1	1
捉	1	1
坝	1	1
劫	1	1
橙	1	1
畜	1	1
坠	1	1
僧	1	1
沾	1	1
歇	1	1
痴	1	1
衍	1	1
氯	1	1
穆	1	1
羞	1	1
儒	1	1
嵌	1	1
叛	1	1
灸	1	1
皱	1	1
钠	1	1
龟	1	1
扁	1	1
辱	1	1
赐	1	1
妮	1	1
惹	1	1
桐	1	1
蜡	1	1
詹	1	1
溜	1	1
斥	1	1
瑶	1	1
踢	1	1
赁	1	1
雀	1	1
歧	1	1
烯	1	1
胺	1	1
缅	1	1
翰	1	1
琼	1	1
仗	1	1
戈	1	1
薛	1	1
桩	1	1
谭	1	1
昭	1	1
晃	1	1
旱	1	1
婉	1	1
柯	1	1
舆	1	1
翁	1	1
妊	1	1
硝	1	1
氮	1	1
狐	1	1
斩	1	1
罕	1	1
鄂	1	1
蹲	1	1
侨	1	1
蒲	1	1
娠	1	1
铅	1	1
琪	1	1
蜀	1	1
砸	1	1
扯	1	1
兹	1	1
哟	1	1
奴	1	1
颂	1	1
牡	1	1
禽	1	1
拐	1	1
捏	1	1
雁	1	1
彦	1	1
怖	1	1
娶	1	1
贼	1	1
渝	1	1
敞	1	1
颠	1	1
砍	1	1
叮	1	1
瑟	1	1
沐	1	1
沥	1	1
酮	1	1
赣	1	1
醛	1	1
僵	1	1
殷	1	1
凰	1	1
弊	1	1
淑	1	1
矮	1	1
卿	1	1
冀	1	1
酯	1	1
厢	1	1
吟	1	1
屁	1	1
崖	1	1
雌	1	1
拦	1	1
饶	1	1
莞	1	1
瞧	1	1
弓	1	1
苔	1	1
酥	1	1
屠	1	1
宰	1	1
颤	1	1
愚	1	1
窑	1	1
邵	1	1
熔	1	1
妄	1	1
饥	1	1
寡	1	1
俯	1	1
隶	1	1
昔	1	1
澄	1	1
穗	1	1
冈	1	1
禄	1	1
澜	1	1
骚	1	1
鞭	1	1
艘	1	1
雯	1	1
瘀	1	1
稚	1	1
逗	1	1
锥	1	1
惟	1	1
苯	1	1
挨	1	1
邹	1	1
闸	1	1
夷	1	1
腕	1	1
溯	1	1
暮	1	1
襄	1	1
闽	1	1
尹	1	1
鲍	1	1
卒	1	1
杉	1	1
遣	1	1
脐	1	1
矣	1	1
歪	1	1
雇	1	1
勘	1	1
贞	1	1
窦	1	1
冥	1	1
邱	1	1
廓	1	1
皂	1	1
滥	1	1
爵	1	1
咏	1	1
掀	1	1
郡	1	1
贬	1	1
脓	1	1
钦	1	1
浊	1	1
甩	1	1
兮	1	1
屯	1	1
绞	1	1
恤	1	1
茨	1	1
棘	1	1
胱	1	1
勋	1	1
禹	1	1
糙	1	1
絮	1	1
掏	1	1
灼	1	1
姬	1	1
廖	1	1
咒	1	1
咋	1	1
拱	1	1
笨	1	1
蚕	1	1
倪	1	1
侍	1	1
兜	1	1
颅	1	1
倩	1	1
荧	1	1
镀	1	1
恳	1	1
拇	1	1
奸	1	1
哄	1	1
睁	1	1
堤	1	1
岂	1	1
肋	1	1
斋	1	1
跪	1	1
挪	1	1
豹	1	1
俞	1	1
虞	1	1
栅	1	1
揽	1	1
卤	1	1
淳	1	1
韶	1	1
奕	1	1
鳞	1	1
汝	1	1
棱	1	1
肘	1	1
雍	1	1
氟	1	1
讶	1	1
蔚	1	1
哇	1	1
碘	1	1
樊	1	1
甫	1	1
怠	1	1
爹	1	1
咯	1	1
笛	1	1
喇	1	1
镁	1	1
岚	1	1
磕	1	1
芙	1	1
嫂	1	1
丫	1	1
嗯	1	1
捣	1	1
瞎	1	1
憋	1	1
舶	1	1
冤	1	1
酚	1	1
郝	1	1
腑	1	1
瞒	1	1
茜	1	1
尧	1	1
蹦	1	1
淫	1	1
驴	1	1
巫	1	1
龚	1	1
痹	1	1
凄	1	1
喀	1	1
祁	1	1
垄	1	1
隋	1	1
嗜	1	1
墩	1	1
砌	1	1
捂	1	1
骆	1	1
槐	1	1
倚	1	1
仆	1	1
挠	1	1
這	1	1
乞	1	1
酰	1	1
幢	1	1
靶	1	1
聂	1	1
朔	1	1
哗	1	1
哎	1	1
顷	1	1
缔	1	1
吼	1	1
贱	1	1
烷	1	1
秧	1	1
炙	1	1
喵	1	1
茵	1	1
焉	1	1
國	1	1
垮	1	1
哉	1	1
眸	1	1
唑	1	1
歼	1	1
凋	1	1
炳	1	1
钧	1	1
掺	1	1
厄	1	1
锚	1	1
窥	1	1
晗	1	1
唾	1	1
厥	1	1
涅	1	1
芥	1	1
竣	1	1
學	1	1
苷	1	1
斧	1	1
卯	1	1
撇	1	1
苓	1	1
芪	1	1
秃	1	1
戊	1	1
咕	1	1
髋	1	1
轧	1	1
帧	1	1
仄	1	1
啼	1	1
怯	1	1
萱	1	1
晏	1	1
凿	1	1
阮	1	1
吏	1	1
陡	1	1
钛	1	1
狄	1	1
裴	1	1
襟	1	1
咧	1	1
耸	1	1
诡	1	1
哼	1	1
啪	1	1
尉	1	1
鄙	1	1
斐	1	1
漾	1	1
佟	1	1
眨	1	1
阎	1	1
茯	1	1
滇	1	1
愣	1	1
馏	1	1
呜	1	1
凛	1	1
磺	1	1
驯	1	1
靳	1	1
诏	1	1
鞘	1	1
芷	1	1
惶	1	1
妞	1	1
晦	1	1
砚	1	1
炽	1	1
叩	1	1
岑	1	1
唉	1	1
褒	1	1
宸	1	1
潼	1	1
喃	1	1
赃	1	1
瞪	1	1
羌	1	1
孰	1	1
俺	1	1
眯	1	1
嘶	1	1
嚷	1	1
吱	1	1
膈	1	1
哩	1	1
咔	1	1
荀	1	1
憎	1	1
悖	1	1
廿	1	1
筱	1	1
氰	1	1
肱	1	1
婶	1	1
冗	1	1
衙	1	1
吡	1	1
皎	1	1
搂	1	1
骶	1	1
脘	1	1
砧	1	1
瞿	1	1
桡	1	1
嘀	1	1
砾	1	1
蔺	1	1
歆	1	1
枳	1	1
瞥	1	1
髂	1	1
幺	1	1
噶	1	1
吭	1	1
苡	1	1
翌	1	1
窈	1	1
彗	1	1
翎	1	1
灏	1	1
抿	1	1
钎	1	1
怔	1	1
噗	1	1
代写	1	2
中选	1	2
瓦楞	1	2
财务部	1	3
计税	1	2
费尔	1	2
对大	1	2
表面活性	1	4
律法	1	2
发包	1	2
