 	1416	1
彩票	186	2
天天	160	2
，	132	1
中	108	1
-	95	1
的	93	1
大发	57	2
_	57	1
彩	46	1
争霸	40	2
在线	39	2
娱乐	39	2
快	38	1
彩神	37	2
吗	36	1
免费	35	2
三	34	1
平台	33	2
北京	33	2
久久	33	2
�	32	1
是	31	1
官网	31	2
。	31	1
赛车	29	2
视频	28	2
、	27	1
亚洲	26	2
时时	25	2
观看	25	2
无码	25	2
在	24	1
精品	24	2
爱	22	1
大	21	1
手机	21	2
怎么	20	2
高清	20	2
日	19	1
了	19	1
国产	19	2
,	19	1
一	18	1
开奖	18	2
色	17	1
.	17	1
网	16	1
不	16	1
号	16	1
下载	16	2
综合	16	2
注册	15	2
买	15	1
计划	15	2
什么	15	2
人人	15	2
人	14	1
开	13	1
有	13	1
网站	13	2
微信	13	2
＿	13	1
上	12	1
网址	12	2
热	12	1
提现	12	2
（	12	1
和	11	1
到	11	1
好	11	1
日本	11	2
送	11	1
开户	11	2
游戏	11	2
中国	11	2
(	11	1
“	11	1
新	10	1
看	10	1
片	10	1
钱	10	1
你	10	1
棋牌	10	2
毛片	10	2
一本	10	2
一级	10	2
年	9	1
能	9	1
版	9	1
我	9	1
道	9	1
玩	9	1
也	9	1
中奖	9	2
去	9	1
香港	9	2
不卡	9	2
'	9	1
月	8	1
多	8	1
重庆	8	2
软件	8	2
更	8	1
与	8	1
官方	8	2
公司	8	2
最新	8	2
韩	8	1
中文字幕	8	4
招商	8	2
啪	8	1
香蕉	8	2
联系	8	2
乐	7	1
久	7	1
码	7	1
Http	7	4
期	7	1
来	7	1
第	7	1
心	7	1
水	7	1
老	7	1
群	7	1
时间	7	2
代理	7	2
都	7	1
做	7	1
欧美	7	2
可以	7	2
合法	7	2
免费视频	7	4
天堂	7	2
奇米	7	2
俺	7	1
/	7	1
福利彩票	7	4
pk	7	2
：	7	1
　	7	1
av	7	2
下	6	1
本	6	1
美	6	1
金	6	1
小	6	1
个	6	1
自	6	1
前	6	1
经	6	1
二	6	1
后	6	1
请	6	1
据	6	1
他	6	1
哪	6	1
地址	6	2
赢	6	1
被	6	1
电影	6	2
分分彩	6	3
登录	6	2
投注	6	2
五月	6	2
主管	6	2
推荐	6	2
大奖	6	2
给	6	1
大全	6	2
多少	6	2
先锋	6	2
影视	6	2
自拍	6	2
如何	6	2
腾讯	6	2
影音	6	2
这里	6	2
公众	6	2
全民	6	2
￣	6	1
AV	6	2
站	5	1
高	5	1
图	5	1
会	5	1
家	5	1
通	5	1
于	5	1
等	5	1
比	5	1
此	5	1
结果	5	2
国际	5	2
靠	5	1
假	5	1
体育	5	2
资料	5	2
一区	5	2
成人	5	2
些	5	1
邀请	5	2
偷拍	5	2
又	5	1
发布	5	2
男人	5	2
相关	5	2
不能	5	2
超碰	5	2
总代	5	2
正规	5	2
伊人	5	2
谱	5	1
”	5	1
发展	5	2
总代理	5	3
苹果	5	2
彩票网	5	3
谁	5	1
真的	5	2
狗	5	1
哪里	5	2
只有	5	2
丁香	5	2
凤凰	5	2
》	5	1
百科	5	2
玖	5	1
a	5	1
天	4	1
发	4	1
分	4	1
京	4	1
么	4	1
用	4	1
无	4	1
电	4	1
最	4	1
为	4	1
出	4	1
万	4	1
级	4	1
同	4	1
如	4	1
中文	4	2
当	4	1
青	4	1
就	4	1
西	4	1
播放	4	2
黄	4	1
将	4	1
至	4	1
链接	4	2
黑	4	1
共	4	1
从	4	1
吧	4	1
福利	4	2
只	4	1
很	4	1
图片	4	2
数据	4	2
两	4	1
江苏	4	2
直属	4	2
土	4	1
客服	4	2
二区	4	2
我们	4	2
爽	4	1
首页	4	2
大小	4	2
评论	4	2
更新	4	2
账	4	1
税	4	1
夜夜	4	2
足球	4	2
申博	4	2
三区	4	2
婷婷	4	2
欧	4	1
阅读	4	2
马会	4	2
発	4	1
狠狠	4	2
专区	4	2
同时	4	2
跑	4	1
込	4	1
幸运	4	2
司机	4	2
如果	4	2
人成	4	2
app	4	3
lng	4	3
极速	4	2
发表	4	2
爰	4	1
投稿	4	2
特黄	4	2
同行	4	2
植物	4	2
留下	4	2
是不是	4	3
线	3	1
全	3	1
信	3	1
区	3	1
公	3	1
成	3	1
生	3	1
市	3	1
名	3	1
作	3	1
可	3	1
女	3	1
元	3	1
子	3	1
利	3	1
五	3	1
要	3	1
真	3	1
博	3	1
BO	3	2
字	3	1
特	3	1
这	3	1
性	3	1
部	3	1
投	3	1
加	3	1
对	3	1
登	3	1
说	3	1
位	3	1
城	3	1
面	3	1
总	3	1
客	3	1
门	3	1
明	3	1
六	3	1
四	3	1
山	3	1
马	3	1
相	3	1
保	3	1
集	3	1
讯	3	1
运	3	1
双	3	1
格	3	1
hd	3	2
原	3	1
购	3	1
东	3	1
江	3	1
而	3	1
空	3	1
未	3	1
碰	3	1
还	3	1
华	3	1
店	3	1
输	3	1
午	3	1
称	3	1
在线视频	3	4
众	3	1
强	3	1
信息	3	2
云	3	1
除	3	1
论坛	3	2
那	3	1
应	3	1
但	3	1
种	3	1
服务	3	2
木	3	1
火	3	1
操	3	1
电话	3	2
六合	3	2
达	3	1
工作	3	2
一个	3	2
安全	3	2
新闻	3	2
愛	3	1
方法	3	2
每	3	1
在线播放	3	4
引	3	1
盛	3	1
笑	3	1
国家	3	2
内容	3	2
気	3	1
破解	3	2
澳门	3	2
文章	3	2
初	3	1
让	3	1
以上	3	2
載	3	1
後	3	1
盈	3	1
青青	3	2
metric	3	6
胆	3	1
即	3	1
六合彩	3	3
双色球	3	3
电脑	3	2
记者	3	2
防	3	1
博彩	3	2
線	3	1
開	3	1
查询	3	2
骗局	3	2
来源	3	2
充值	3	2
网络	3	2
不了	3	2
約	3	1
赚钱	3	2
猜	3	1
美国	3	2
在线看	3	3
午夜	3	2
单双	3	2
東	3	1
可靠	3	2
网页	3	2
価	3	1
阿	3	1
客户端	3	3
另类	3	2
加盟	3	2
今年	3	2
目前	3	2
大片	3	2
摸	3	1
中央	3	2
実	3	1
参考	3	2
日期	3	2
全国	3	2
有限公司	3	4
报道	3	2
其中	3	2
様	3	1
为什么	3	3
以下	3	2
売	3	1
怎样	3	2
下载安装	3	4
副	3	1
位置	3	2
查看	3	2
無料	3	2
送料	3	2
当前	3	2
分享	3	2
哪个	3	2
是否	3	2
噜	3	1
日日	3	2
対	3	1
最大	3	2
評	3	1
飞艇	3	2
大神	3	2
时候	3	2
安卓	3	2
快三是	3	3
人工	3	2
看片	3	2
因此	3	2
天下	3	2
応	3	1
输入	3	2
影片	3	2
购彩	3	2
了解	3	2
下午	3	2
第四	3	2
福彩	3	2
实名	3	2
关于	3	2
意思	3	2
A	3	1
所以	3	2
上海	3	2
中大奖	3	3
网易	3	2
派奖	3	2
太阳城	3	3
菲律宾	3	3
页面	3	2
根据	3	2
京都	3	2
同比	3	2
早餐	3	2
営	3	1
特色	3	2
黃	3	1
那么	3	2
饰	3	1
qq	3	2
截至	3	2
但是	3	2
上午	3	2
全天	3	2
不过	3	2
体育彩票	3	4
邦	3	1
況	3	1
骗人	3	2
人體	3	2
彩票软件	3	4
例如	3	2
一等奖	3	3
东方	3	2
一路	3	2
大战	3	2
《	3	1
夫妻	3	2
扑克	3	2
前年	3	2
海南	3	2
%	3	1
东京	3	2
七星	3	2
主人	3	2
性生活	3	3
ide	2	3
时	2	1
国	2	1
平	2	1
台	2	1
官	2	1
奖	2	1
品	2	1
合	2	1
ops	2	3
注	2	1
文	2	1
亚	2	1
产	2	1
重	2	1
方	2	1
地	2	1
理	2	1
法	2	1
怎	2	1
以	2	1
手	2	1
件	2	1
tty	2	3
精	2	1
行	2	1
提	2	1
游	2	1
县	2	1
主	2	1
数	2	1
情	2	1
果	2	1
安	2	1
入	2	1
点	2	1
动	2	1
商	2	1
学	2	1
定	2	1
里	2	1
工	2	1
清	2	1
香	2	1
内	2	1
表	2	1
系	2	1
报	2	1
实	2	1
padding	2	7
接	2	1
放	2	1
技	2	1
管	2	1
拍	2	1
回	2	1
正	2	1
無	2	1
夜	2	1
式	2	1
选	2	1
解	2	1
页	2	1
港	2	1
之	2	1
外	2	1
牌	2	1
今	2	1
所	2	1
取	2	1
单	2	1
记	2	1
长	2	1
少	2	1
化	2	1
次	2	1
omin	2	4
男	2	1
福	2	1
民	2	1
得	2	1
推	2	1
神	2	1
类	2	1
意	2	1
联	2	1
時	2	1
卡	2	1
示	2	1
值	2	1
社	2	1
建	2	1
海	2	1
米	2	1
制	2	1
其	2	1
招	2	1
任	2	1
物	2	1
查	2	1
州	2	1
円	2	1
超	2	1
专	2	1
话	2	1
展	2	1
星	2	1
FS	2	2
亿	2	1
十	2	1
路	2	1
宝	2	1
科	2	1
南	2	1
没	2	1
活	2	1
百	2	1
阳	2	1
型	2	1
flo	2	3
教	2	1
偷	2	1
使	2	1
属	2	1
限	2	1
领	2	1
首	2	1
技巧	2	2
标	2	1
起	2	1
打	2	1
蕉	2	1
lg	2	2
导	2	1
世	2	1
王	2	1
spl	2	3
xe	2	2
草	2	1
毛	2	1
龙	2	1
求	2	1
思	2	1
红	2	1
足	2	1
苏	2	1
算	2	1
编	2	1
赌	2	1
婷	2	1
omi	2	3
奇	2	1
周	2	1
易	2	1
常	2	1
白	2	1
优	2	1
告	2	1
九	2	1
電	2	1
nums	2	4
包	2	1
骗	2	1
基	2	1
太	2	1
完	2	1
狠	2	1
消	2	1
创	2	1
已	2	1
身	2	1
克	2	1
干	2	1
功	2	1
收	2	1
支	2	1
权	2	1
北	2	1
读	2	1
战	2	1
指	2	1
伊	2	1
房	2	1
条	2	1
连	2	1
转	2	1
光	2	1
花	2	1
修	2	1
省	2	1
广	2	1
必	2	1
五分	2	2
股	2	1
调	2	1
并	2	1
风	2	1
党	2	1
则	2	1
河	2	1
环	2	1
项	2	1
极	2	1
资源	2	2
德	2	1
由	2	1
医	2	1
另	2	1
直播	2	2
林	2	1
激	2	1
彩经	2	2
财	2	1
模	2	1
反	2	1
深	2	1
牛	2	1
排	2	1
Photos	2	6
網	2	1
八	2	1
配	2	1
规律	2	2
倍	2	1
走势图	2	3
fprintf	2	7
没有	2	2
或	2	1
密	2	1
業	2	1
皇	2	1
非	2	1
動	2	1
uum	2	3
预测	2	2
英	2	1
带	2	1
杀	2	1
作者	2	2
用户	2	2
丰	2	1
飞	2	1
rounded	2	7
川	2	1
校	2	1
拉	2	1
富	2	1
伦	2	1
各	2	1
中心	2	2
Setup	2	5
私	2	1
三级	2	2
宁	2	1
食	2	1
使用	2	2
商品	2	2
熟	2	1
官方网站	2	4
记录	2	2
张	2	1
索	2	1
春	2	1
象	2	1
段	2	1
您	2	1
古	2	1
简	2	1
银	2	1
产品	2	2
沙	2	1
禁	2	1
世界	2	2
分钟	2	2
野	2	1
问题	2	2
七	2	1
满	2	1
再	2	1
控	2	1
企业	2	2
状	2	1
济	2	1
刷	2	1
该	2	1
第一	2	2
越	2	1
岁	2	1
永	2	1
左	2	1
千	2	1
喜	2	1
彩金	2	2
兴	2	1
丁	2	1
欢	2	1
巴	2	1
凰	2	1
人妻	2	2
罗	2	1
登陆	2	2
美女	2	2
根	2	1
词	2	1
康	2	1
留	2	1
石	2	1
把	2	1
举	2	1
写	2	1
個	2	1
射	2	1
她	2	1
文件	2	2
编辑	2	2
pygame	2	6
県	2	1
波	2	1
普	2	1
國	2	1
秒	2	1
返回	2	2
找	2	1
现场	2	2
菲	2	1
Ps	2	2
兰	2	1
迎	2	1
搜	2	1
微	2	1
景	2	1
真人	2	2
怎么样	2	3
印	2	1
设置	2	2
長	2	1
差	2	1
惠	2	1
半	2	1
Pag	2	3
夏	2	1
类型	2	2
車	2	1
活动	2	2
修改	2	2
卓	2	1
李	2	1
吉	2	1
菜	2	1
酒	2	1
厅	2	1
湖	2	1
汽车	2	2
小说	2	2
温	2	1
鲁	2	1
武	2	1
accent	2	6
赌博	2	2
威	2	1
交流	2	2
雷	2	1
哈	2	1
显示	2	2
集团	2	2
进行	2	2
族	2	1
删除	2	2
承	2	1
览	2	1
彩网	2	2
激情	2	2
自己	2	2
女人	2	2
尚	2	1
記事	2	2
汇	2	1
色情	2	2
kis	2	3
添	2	1
朝	2	1
通过	2	2
需要	2	2
参数	2	2
这个	2	2
尊	2	1
豪	2	1
现金	2	2
公开	2	2
处理	2	2
铁	2	1
仅	2	1
贴	2	1
贵	2	1
就是	2	2
一肖	2	2
高手	2	2
曲	2	1
玉	2	1
伯	2	1
叫	2	1
邮	2	1
小时	2	2
分快	2	2
分类	2	2
楽	2	1
拿	2	1
描	2	1
希	2	1
插	2	1
今日	2	2
篮球	2	2
五月天	2	3
顺	2	1
曰	2	1
追号	2	2
消息	2	2
啪啪	2	2
察	2	1
winds	2	5
百度	2	2
它	2	1
宣	2	1
诺	2	1
setup	2	5
今天	2	2
判	2	1
泰	2	1
情况	2	2
汉	2	1
奥	2	1
增长	2	2
网上	2	2
捕	2	1
注意	2	2
国内	2	2
电竞	2	2
句	2	1
刘	2	1
纳	2	1
获取	2	2
占	2	1
真实	2	2
选择	2	2
怎么办	2	3
此外	2	2
现在	2	2
昌	2	1
知道	2	2
第二	2	2
巨	2	1
贝	2	1
詳	2	1
仕	2	1
梦	2	1
亚游	2	2
韩国	2	2
販	2	1
永久	2	2
重要	2	2
乌	2	1
左右	2	2
点击	2	2
少妇	2	2
聚	2	1
无法	2	2
玄机	2	2
默	2	1
免費	2	2
老虎机	2	3
全文	2	2
琪	2	1
存在	2	2
門	2	1
鼎	2	1
多久	2	2
coma	2	4
责任编辑	2	4
伟	2	1
请求	2	2
淫	2	1
曾	2	1
可信	2	2
荣	2	1
葡	2	1
黄色	2	2
延	2	1
麻	2	1
镇	2	1
経	2	1
松	2	1
強	2	1
青青草	2	3
以来	2	2
陈	2	1
捕鱼	2	2
點	2	1
时代	2	2
爵	2	1
却	2	1
唐	2	1
实现	2	2
程序	2	2
标题	2	2
遮	2	1
趣	2	1
认证	2	2
若	2	1
勒	2	1
雅	2	1
帝	2	1
出票	2	2
定位	2	2
提款	2	2
线上	2	2
grid	2	4
书记	2	2
体验	2	2
股票	2	2
鸿	2	1
手游	2	2
編	2	1
検	2	1
圣	2	1
魔	2	1
啦	2	1
秋	2	1
変	2	1
發	2	1
豹子	2	2
足彩	2	2
覧	2	1
添加	2	2
过程	2	2
旺	2	1
热线	2	2
龙虎	2	2
百家乐	2	3
不到	2	2
临	2	1
违法	2	2
开心	2	2
験	2	1
精准	2	2
久草	2	2
蛛	2	1
摄	2	1
自动	2	2
曜	2	1
転	2	1
襪	2	1
伦理	2	2
甘	2	1
説	2	1
转载	2	2
最近	2	2
瑞	2	1
因为	2	2
包括	2	2
还是	2	2
尼斯	2	2
灵	2	1
保存	2	2
蜘蛛	2	2
呼	2	1
成年	2	2
这样	2	2
创建	2	2
提高	2	2
欧洲	2	2
宜	2	1
声明	2	2
摩	2	1
不中返	2	3
蓝	2	1
収	2	1
桃	2	1
広	2	1
悠	2	1
佛	2	1
募	2	1
葡京	2	2
忘	2	1
録	2	1
凯	2	1
値	2	1
懂	2	1
喜欢	2	2
固	2	1
藝術	2	2
标签	2	2
哪些	2	2
领取	2	2
全球	2	2
非常	2	2
冻结	2	2
输钱	2	2
希望	2	2
体彩	2	2
乐彩	2	2
澳	2	1
举报	2	2
另外	2	2
恒	2	1
备用	2	2
女性	2	2
米奇	2	2
玛	2	1
经典	2	2
冠军	2	2
徒	2	1
拖	2	1
然而	2	2
澡	2	1
斗地主	2	3
催	2	1
赤	2	1
丹	2	1
主页	2	2
快乐	2	2
亂倫	2	2
台湾	2	2
npc	2	3
杨	2	1
浏览	2	2
早点	2	2
当然	2	2
银行卡	2	3
鑫	2	1
prod	2	4
还有	2	2
收藏	2	2
回复	2	2
坚持	2	2
隆	2	1
领奖	2	2
文字	2	2
迅雷	2	2
関連	2	2
吴	2	1
名前	2	2
会社	2	2
情色	2	2
平特	2	2
生命	2	2
張	2	1
有人	2	2
韓	2	1
淘	2	1
加强	2	2
金沙	2	2
竞彩	2	2
为空	2	2
上传	2	2
比如	2	2
以及	2	2
地产	2	2
徐	2	1
preuve	2	6
横	2	1
零钱	2	2
絲襪	2	2
真的假	2	3
三分	2	2
怀	2	1
版权所有	2	4
炸	2	1
他们	2	2
皇冠	2	2
男女	2	2
默认	2	2
专题	2	2
纬	2	1
天津	2	2
盐	2	1
納	2	1
自治	2	2
洛	2	1
管家婆	2	3
广东	2	2
証	2	1
SINGLE	2	6
嘉	2	1
期开	2	2
白小姐	2	3
http	2	4
十二	2	2
流水	2	2
深圳	2	2
莱	2	1
属性	2	2
Pg	2	2
谢谢	2	2
粤	2	1
至尊	2	2
大乐透	2	3
丰满	2	2
杏	2	1
黑人	2	2
掲	2	1
监听	2	2
熊	2	1
对于	2	2
电子游戏	2	4
秒速	2	2
电玩	2	2
時計	2	2
传真	2	2
赛马会	2	3
亞洲	2	2
加拿大	2	3
黄金	2	2
拼	2	1
腾	2	1
判断	2	2
多野	2	2
那里	2	2
専	2	1
辽	2	1
v	2	1
新浪	2	2
扎	2	1
快播	2	2
金花	2	2
输出	2	2
星期	2	2
玩家	2	2
財	2	1
編集	2	2
仕事	2	2
岳	2	1
東京	2	2
浙江	2	2
琪琪	2	2
助赢	2	2
凤	2	1
Accent	2	6
麟	2	1
有没有	2	3
变态	2	2
山东	2	2
直营	2	2
洪	2	1
霍	2	1
新能源	2	3
简称	2	2
乱子	2	2
环球	2	2
无限	2	2
犯法	2	2
好运	2	2
我要	2	2
紫	2	1
微信里	2	3
财富	2	2
遂	2	1
河北	2	2
然后	2	2
旗舰	2	2
舗	2	1
任选	2	2
制服	2	2
结衣	2	2
解绑	2	2
歓	2	1
银河	2	2
永利	2	2
社会主义	2	4
é	2	1
Sinh	2	4
祥云	2	2
揭秘	2	2
四川	2	2
广西	2	2
玩彩神	2	3
铭	2	1
吉林	2	2
性感	2	2
晋	2	1
否则	2	2
ttl	2	3
衡	2	1
南京	2	2
仲	2	1
徴	2	1
IMDb	2	4
欢乐	2	2
这是	2	2
生命周期	2	4
羽	2	1
柏	2	1
威尼斯人	2	4
现场直播	2	4
湖北	2	2
初始化	2	3
覽	2	1
百分点	2	3
河南	2	2
江西	2	2
d	2	1
泛	2	1
奷	2	1
翠	2	1
环亚	2	2
财神	2	2
桂	2	1
高频	2	2
试听	2	2
gezogen	2	7
皇家	2	2
铜	2	1
苍	2	1
一分	2	2
菠菜	2	2
安徽	2	2
利来	2	2
新疆	2	2
湘	2	1
成都	2	2
美日韩	2	3
乐购	2	2
福建	2	2
天空	2	2
宝马	2	2
弘	2	1
巴黎	2	2
靖	2	1
微软	2	2
曾道人	2	3
柳	2	1
財布	2	2
网赌	2	2
免责	2	2
客邦	2	2
朋克	2	2
黄色录像	2	4
雅黑	2	2
preuves	2	7
ttp	1	3
f	1	1
车	1	1
视	1	1
赛	1	1
争	1	1
霸	1	1
频	1	1
娱	1	1
费	1	1
免	1	1
pro	1	3
机	1	1
影	1	1
洲	1	1
观	1	1
ttps	1	4
址	1	1
现	1	1
载	1	1
庆	1	1
代	1	1
g	1	1
户	1	1
计	1	1
tml	1	3
体	1	1
分彩	1	2
册	1	1
资	1	1
者	1	1
播	1	1
划	1	1
业	1	1
间	1	1
ussi	1	4
事	1	1
度	1	1
关	1	1
球	1	1
规	1	1
源	1	1
料	1	1
直	1	1
软	1	1
group	1	5
戏	1	1
综	1	1
结	1	1
服	1	1
什	1	1
场	1	1
交	1	1
司	1	1
录	1	1
omic	1	4
论	1	1
目	1	1
院	1	1
过	1	1
进	1	1
力	1	1
务	1	1
走	1	1
先	1	1
际	1	1
幕	1	1
口	1	1
息	1	1
育	1	1
势	1	1
量	1	1
样	1	1
fe	1	2
程	1	1
设	1	1
何	1	1
器	1	1
们	1	1
题	1	1
布	1	1
知	1	1
速	1	1
员	1	1
字幕	1	2
律	1	1
free	1	4
链	1	1
\	1	1
巧	1	1
音	1	1
近	1	1
改	1	1
流	1	1
政	1	1
评	1	1
参	1	1
章	1	1
局	1	1
预	1	1
容	1	1
然	1	1
测	1	1
走势	1	2
返	1	1
堂	1	1
ogo	1	3
置	1	1
肖	1	1
form	1	4
组	1	1
证	1	1
问	1	1
统	1	1
传	1	1
間	1	1
价	1	1
装	1	1
感	1	1
立	1	1
着	1	1
友	1	1
坛	1	1
持	1	1
言	1	1
考	1	1
想	1	1
荐	1	1
认	1	1
及	1	1
破	1	1
斯	1	1
影院	1	2
因	1	1
介	1	1
gr	1	2
妻	1	1
头	1	1
例	1	1
责	1	1
列	1	1
界	1	1
妇	1	1
助	1	1
案	1	1
态	1	1
处	1	1
办	1	1
率	1	1
受	1	1
存	1	1
申	1	1
票	1	1
闻	1	1
书	1	1
锋	1	1
付	1	1
增	1	1
款	1	1
询	1	1
师	1	1
rate	1	4
备	1	1
团	1	1
邀	1	1
整	1	1
准	1	1
始	1	1
供	1	1
本道	1	2
赚	1	1
企	1	1
向	1	1
竞	1	1
充	1	1
尔	1	1
士	1	1
委	1	1
虎	1	1
航	1	1
失	1	1
军	1	1
试	1	1
术	1	1
历	1	1
fl	1	2
营	1	1
验	1	1
画	1	1
治	1	1
复	1	1
几	1	1
别	1	1
库	1	1
具	1	1
記	1	1
节	1	1
tta	1	3
需	1	1
tti	1	3
exists	1	6
姐	1	1
早	1	1
追	1	1
場	1	1
圖	1	1
端	1	1
陆	1	1
造	1	1
研	1	1
演	1	1
name	1	4
盘	1	1
售	1	1
击	1	1
语	1	1
步	1	1
室	1	1
報	1	1
质	1	1
管理	1	2
稳	1	1
generated	1	9
盟	1	1
形	1	1
照	1	1
钟	1	1
队	1	1
史	1	1
确	1	1
住	1	1
乱	1	1
施	1	1
效	1	1
变	1	1
旗	1	1
气	1	1
脑	1	1
销	1	1
for	1	3
份	1	1
获	1	1
ttes	1	4
否	1	1
冠	1	1
议	1	1
尼	1	1
玩法	1	2
b	1	1
辑	1	1
义	1	1
像	1	1
停	1	1
声	1	1
析	1	1
见	1	1
exit	1	4
止	1	1
号码	1	2
职	1	1
络	1	1
說	1	1
央	1	1
约	1	1
見	1	1
漫	1	1
tte	1	3
显	1	1
享	1	1
成功	1	2
表示	1	2
才	1	1
升	1	1
Update	1	6
鱼	1	1
维	1	1
人民	1	2
挂	1	1
习	1	1
双色	1	2
便	1	1
板	1	1
错	1	1
败	1	1
死	1	1
汽	1	1
潮	1	1
序	1	1
命	1	1
gray	1	4
稿	1	1
护	1	1
额	1	1
客户	1	2
己	1	1
续	1	1
详	1	1
右	1	1
安装	1	2
go	1	2
材	1	1
profile	1	7
究	1	1
tten	1	4
番	1	1
晚	1	1
視	1	1
断	1	1
儿	1	1
望	1	1
flex	1	4
典	1	1
监	1	1
田	1	1
纪	1	1
休	1	1
亿元	1	2
志	1	1
夫	1	1
换	1	1
話	1	1
妹	1	1
退	1	1
公式	1	2
互	1	1
素	1	1
時間	1	2
兑	1	1
村	1	1
透	1	1
略	1	1
落	1	1
mutta	1	5
file	1	4
病	1	1
系统	1	2
述	1	1
斗	1	1
决	1	1
哥	1	1
meta	1	4
油	1	1
生活	1	2
full	1	4
電影	1	2
分析	1	2
采	1	1
构	1	1
核	1	1
府	1	1
答	1	1
低	1	1
余	1	1
底	1	1
域	1	1
旅	1	1
按	1	1
體	1	1
失败	1	2
边	1	1
候	1	1
待	1	1
绍	1	1
责任	1	2
書	1	1
味	1	1
四色	1	2
智	1	1
细	1	1
警	1	1
費	1	1
益	1	1
dimin	1	5
险	1	1
漏	1	1
餐	1	1
套	1	1
座	1	1
藏	1	1
健	1	1
機	1	1
務	1	1
剧	1	1
均	1	1
随	1	1
万元	1	2
派	1	1
所有	1	2
切	1	1
family	1	6
签	1	1
境	1	1
良	1	1
围	1	1
不是	1	2
况	1	1
有限	1	2
农	1	1
故	1	1
策	1	1
乳	1	1
范	1	1
艇	1	1
予	1	1
市场	1	2
攻	1	1
依	1	1
胜	1	1
角	1	1
宾	1	1
方式	1	2
违	1	1
問	1	1
生肖	1	2
技术	1	2
PIN	1	3
秘	1	1
降	1	1
社会	1	2
uve	1	3
历史	1	2
积	1	1
tw	1	2
致	1	1
园	1	1
頻	1	1
识	1	1
许	1	1
季	1	1
血	1	1
媒	1	1
经济	1	2
篮	1	1
twitter	1	7
母	1	1
听	1	1
連	1	1
計	1	1
介绍	1	2
opsis	1	5
导航	1	2
难	1	1
名称	1	2
篇	1	1
撸	1	1
衣	1	1
图库	1	2
小說	1	2
截	1	1
提供	1	2
谢	1	1
居	1	1
负	1	1
融	1	1
中特	1	2
吃	1	1
研究	1	2
压	1	1
教育	1	2
艺	1	1
property	1	8
箱	1	1
检	1	1
误	1	1
歌	1	1
登入	1	2
养	1	1
版本	1	2
坚	1	1
远	1	1
诉	1	1
币	1	1
眼	1	1
审	1	1
协	1	1
货	1	1
班	1	1
订	1	1
奶	1	1
風	1	1
太阳	1	2
丝	1	1
规则	1	2
短	1	1
严	1	1
下載	1	2
語	1	1
开始	1	2
电子	1	2
field	1	5
肉	1	1
孩	1	1
啊	1	1
念	1	1
讲	1	1
害	1	1
善	1	1
项目	1	2
跟	1	1
設	1	1
亲	1	1
终	1	1
赔	1	1
湾	1	1
高潮	1	2
露	1	1
玄	1	1
蛋	1	1
婆	1	1
可能	1	2
离	1	1
melt	1	4
関	1	1
家乐	1	2
朋	1	1
执	1	1
美元	1	2
津	1	1
game	1	4
視頻	1	2
零	1	1
員	1	1
革	1	1
乡	1	1
键	1	1
岛	1	1
大学	1	2
要求	1	2
移	1	1
符	1	1
价格	1	2
foot	1	4
银行	1	2
footer	1	6
担	1	1
森	1	1
串	1	1
婚	1	1
择	1	1
响	1	1
現	1	1
欲	1	1
卫	1	1
织	1	1
建设	1	2
批	1	1
資	1	1
兵	1	1
且	1	1
辆	1	1
觉	1	1
课	1	1
結	1	1
犯	1	1
个人	1	2
仙	1	1
政府	1	2
術	1	1
楼	1	1
豹	1	1
虎机	1	2
洞	1	1
较	1	1
ratio	1	5
給	1	1
読	1	1
独	1	1
裸	1	1
屋	1	1
扫	1	1
访	1	1
层	1	1
支持	1	2
論	1	1
赌场	1	2
亮	1	1
eqq	1	3
種	1	1
冷	1	1
彩图	1	2
選	1	1
級	1	1
支付	1	2
來	1	1
特码	1	2
別	1	1
令	1	1
关注	1	2
情報	1	2
城市	1	2
含	1	1
异	1	1
続	1	1
ttle	1	4
庄	1	1
誉	1	1
勤	1	1
床	1	1
ui	1	2
娱乐城	1	3
急	1	1
猫	1	1
礼	1	1
绝	1	1
药	1	1
授	1	1
计算	1	2
专家	1	2
谷	1	1
科技	1	2
周年	1	2
圖片	1	2
券	1	1
妈	1	1
封	1	1
投资	1	2
突	1	1
聞	1	1
爆	1	1
概	1	1
迅	1	1
毒	1	1
轻	1	1
方面	1	2
合作	1	2
浪	1	1
资讯	1	2
咨	1	1
适	1	1
密码	1	2
幅	1	1
found	1	5
律宾	1	2
過	1	1
最高	1	2
操作	1	2
其他	1	2
往	1	1
洋	1	1
减	1	1
培	1	1
piso	1	4
倫	1	1
紧	1	1
代表	1	2
質	1	1
兑奖	1	2
单位	1	2
題	1	1
師	1	1
號	1	1
get	1	3
twimg	1	5
卖	1	1
方案	1	2
附	1	1
細	1	1
系列	1	2
救	1	1
遗	1	1
详细	1	2
小姐	1	2
文化	1	2
席	1	1
专业	1	2
般	1	1
关系	1	2
版权	1	2
状态	1	2
弊	1	1
块	1	1
迪	1	1
fi	1	2
设计	1	2
雄	1	1
豆	1	1
训	1	1
认为	1	2
似	1	1
错误	1	2
学生	1	2
树	1	1
疗	1	1
届	1	1
類	1	1
人员	1	2
洗	1	1
熟妇	1	2
庭	1	1
雨	1	1
探	1	1
社区	1	2
INGLE	1	5
助手	1	2
祝	1	1
括	1	1
绑	1	1
启	1	1
顶	1	1
學	1	1
童	1	1
尽	1	1
歳	1	1
账号	1	2
佳	1	1
取消	1	2
為	1	1
恐	1	1
神彩	1	2
完整	1	2
搜索	1	2
租	1	1
函	1	1
丽	1	1
诗	1	1
地区	1	2
继	1	1
进入	1	2
详情	1	2
州市	1	2
朋友	1	2
健康	1	2
赞	1	1
籍	1	1
咨询	1	2
组织	1	2
销售	1	2
全部	1	2
皮	1	1
溪	1	1
映	1	1
束	1	1
购买	1	2
动态	1	2
雪	1	1
井	1	1
已经	1	2
征	1	1
婦	1	1
守	1	1
祥	1	1
粉	1	1
島	1	1
某	1	1
轮	1	1
品牌	1	2
週	1	1
联网	1	2
会员	1	2
闭	1	1
末	1	1
峰	1	1
face	1	4
漏洞	1	2
交通	1	2
基本	1	2
通知	1	2
刻	1	1
mahd	1	4
遇	1	1
补	1	1
托	1	1
舞	1	1
omid	1	4
池	1	1
亂	1	1
區	1	1
统计	1	2
grade	1	5
障	1	1
昨	1	1
俄	1	1
完成	1	2
優	1	1
喷	1	1
製	1	1
産	1	1
万円	1	2
著	1	1
模式	1	2
購	1	1
背	1	1
杯	1	1
简介	1	2
aime	1	4
提示	1	2
列表	1	2
小游戏	1	3
厂	1	1
染	1	1
乐透	1	2
宇	1	1
数字	1	2
IDI	1	3
聘	1	1
吸	1	1
工程	1	2
帮	1	1
會	1	1
架	1	1
秀	1	1
program	1	7
竞猜	1	2
绿	1	1
条件	1	2
途	1	1
暂	1	1
吹	1	1
描述	1	2
生产	1	2
诀	1	1
事件	1	2
梅	1	1
说明	1	2
迷	1	1
尾	1	1
脱	1	1
疑	1	1
ogona	1	5
街	1	1
抓	1	1
须	1	1
枚	1	1
暴	1	1
確	1	1
fr	1	2
开发	1	2
智能	1	2
泉	1	1
归	1	1
验证	1	2
发现	1	2
对象	1	2
督	1	1
奸	1	1
progress	1	8
科学	1	2
圳	1	1
青草	1	2
冲	1	1
翻	1	1
z	1	1
红包	1	2
父	1	1
函数	1	2
比分	1	2
作品	1	2
熱	1	1
公里	1	2
谈	1	1
買	1	1
網站	1	2
开奖号码	1	4
腹	1	1
狂	1	1
成为	1	2
优惠	1	2
关键	1	2
挡	1	1
交易	1	2
刚	1	1
作弊	1	2
冻	1	1
備	1	1
proc	1	4
宅	1	1
宿	1	1
创新	1	2
藝	1	1
扣	1	1
認	1	1
诚	1	1
送彩金	1	3
組	1	1
径	1	1
部门	1	2
伤	1	1
罪	1	1
媒体	1	2
職	1	1
HBO	1	3
污	1	1
慰	1	1
乎	1	1
质量	1	2
願	1	1
關	1	1
涉	1	1
规定	1	2
大家	1	2
馆	1	1
紹	1	1
袜	1	1
标准	1	2
Target	1	6
互联网	1	3
攻略	1	2
星彩	1	2
prop	1	4
损	1	1
学习	1	2
够	1	1
盒	1	1
主要	1	2
网友	1	2
日报	1	2
正版	1	2
齐	1	1
申请	1	2
價	1	1
狐	1	1
日电	1	2
仁	1	1
這	1	1
經	1	1
折	1	1
报告	1	2
呢	1	1
刺	1	1
经验	1	2
禁止	1	2
残	1	1
嘛	1	1
改革	1	2
終	1	1
比赛	1	2
調	1	1
駅	1	1
行业	1	2
法律	1	2
泽	1	1
控制	1	2
font	1	4
公告	1	2
家婆	1	2
娱乐场	1	3
陵	1	1
政策	1	2
吨	1	1
执行	1	2
摘	1	1
机构	1	2
聊	1	1
订单	1	2
涨	1	1
年度	1	2
態	1	1
未来	1	2
释	1	1
uver	1	4
代码	1	2
娘	1	1
本文	1	2
影响	1	2
纸	1	1
最后	1	2
觀	1	1
环境	1	2
幻	1	1
团队	1	2
冰	1	1
笔	1	1
赔率	1	2
姓	1	1
媽	1	1
朗	1	1
割	1	1
幸	1	1
珠	1	1
產	1	1
赢钱	1	2
愿	1	1
烈	1	1
作为	1	2
故事	1	2
领导	1	2
叶	1	1
会议	1	2
旧	1	1
甲	1	1
字符	1	2
內	1	1
founder	1	7
利用	1	2
護	1	1
導	1	1
础	1	1
精神	1	2
身份	1	2
挂牌	1	2
电视	1	2
狼	1	1
源码	1	2
新聞	1	2
参加	1	2
脸	1	1
欢迎	1	2
猛	1	1
政治	1	2
功能	1	2
电影网	1	3
静	1	1
坐	1	1
慢	1	1
稳赚	1	2
旅游	1	2
部分	1	2
肥	1	1
植	1	1
稳定	1	2
直接	1	2
牲	1	1
中华	1	2
讨	1	1
近日	1	2
工具	1	2
应用	1	2
尺	1	1
促	1	1
金额	1	2
圈	1	1
生成	1	2
腿	1	1
正在	1	2
结束	1	2
first	1	5
戲	1	1
宗	1	1
嫩	1	1
遗漏	1	2
榜	1	1
针	1	1
歩	1	1
萬	1	1
阁	1	1
危	1	1
先生	1	2
全面	1	2
胸	1	1
填	1	1
塔	1	1
躁	1	1
新华	1	2
一次	1	2
医院	1	2
恩	1	1
與	1	1
主题	1	2
奖金	1	2
際	1	1
電話	1	2
责编	1	2
措	1	1
硬	1	1
有效	1	2
平均	1	2
鬼	1	1
悉	1	1
盾	1	1
设备	1	2
属于	1	2
侵	1	1
能力	1	2
熟女	1	2
穿	1	1
贸	1	1
第三	1	2
困	1	1
臣	1	1
编号	1	2
痛	1	1
generation	1	10
苦	1	1
green	1	5
震	1	1
tter	1	4
幼	1	1
任何	1	2
詳細	1	2
杂	1	1
信誉	1	2
广告	1	2
金融	1	2
舰	1	1
产业	1	2
場合	1	2
郎	1	1
亡	1	1
制度	1	2
关闭	1	2
近平	1	2
倒	1	1
抗	1	1
连接	1	2
運	1	1
頁	1	1
借	1	1
疫	1	1
頭	1	1
学校	1	2
地主	1	2
悦	1	1
业务	1	2
蛛词	1	2
经营	1	2
指出	1	2
任务	1	2
規	1	1
proxy	1	5
真假	1	2
习近平	1	3
accents	1	7
目标	1	2
逼	1	1
几点	1	2
姑	1	1
阴	1	1
跨	1	1
来自	1	2
air	1	3
投诉	1	2
弄	1	1
留言	1	2
之后	1	2
缩	1	1
換	1	1
招聘	1	2
庫	1	1
弹	1	1
宫	1	1
亞	1	1
体现	1	2
氣	1	1
去年	1	2
颜	1	1
茶	1	1
彩是	1	2
gen	1	3
搞	1	1
在线影院	1	4
於	1	1
園	1	1
很多	1	2
下面	1	2
献	1	1
tehd	1	4
omidou	1	6
蒙	1	1
唯	1	1
粗	1	1
动漫	1	2
aide	1	4
伴	1	1
摇	1	1
平方	1	2
pola	1	4
主义	1	2
滚	1	1
钢	1	1
距	1	1
跳	1	1
症	1	1
鸡	1	1
寸	1	1
辅	1	1
龄	1	1
浦	1	1
负责	1	2
奈	1	1
弟	1	1
阳县	1	2
穴	1	1
不可	1	2
理论	1	2
隐	1	1
诊	1	1
船	1	1
NONE	1	4
株	1	1
实施	1	2
微信群	1	3
牲交	1	2
净	1	1
练	1	1
屏	1	1
纯	1	1
干部	1	2
坑	1	1
刊	1	1
三级片	1	3
盖	1	1
暖	1	1
次数	1	2
兼	1	1
统一	1	2
試	1	1
资金	1	2
获得	1	2
進	1	1
扑	1	1
Airbnb	1	6
培训	1	2
发生	1	2
ttar	1	4
入口	1	2
援	1	1
老师	1	2
亿美元	1	3
排行	1	2
樂	1	1
醒	1	1
里面	1	2
召	1	1
保护	1	2
基础	1	2
授权	1	2
縮	1	1
請	1	1
twig	1	4
決	1	1
超过	1	2
解决	1	2
运营	1	2
委员	1	2
訊	1	1
能源	1	2
數	1	1
抽	1	1
万人	1	2
桥	1	1
拟	1	1
开展	1	2
异常	1	2
励	1	1
无遮挡	1	3
鲜	1	1
出现	1	2
必中	1	2
恋	1	1
黎	1	1
bet	1	3
档	1	1
毫	1	1
皆	1	1
伙	1	1
碼	1	1
萨	1	1
数量	1	2
毕	1	1
意见	1	2
地方	1	2
完整版	1	3
稳赢	1	2
消费	1	2
凡	1	1
继续	1	2
接口	1	2
润	1	1
竟	1	1
出来	1	2
爸	1	1
跌	1	1
翼	1	1
酒店	1	2
冬	1	1
偷偷	1	2
diminu	1	6
脚	1	1
劳	1	1
范围	1	2
保险	1	2
调查	1	2
馬	1	1
寄	1	1
挑	1	1
贫	1	1
内部	1	2
绩	1	1
全年	1	2
增加	1	2
才能	1	2
ylabel	1	6
人民币	1	3
赵	1	1
窗	1	1
提出	1	2
扬	1	1
荷	1	1
一直	1	2
勇	1	1
阪	1	1
丈	1	1
億	1	1
办公	1	2
一步	1	2
乱码	1	2
本站	1	2
筑	1	1
君	1	1
format	1	6
顾	1	1
捷	1	1
线路	1	2
兽	1	1
罗斯	1	2
彼	1	1
必须	1	2
proto	1	5
原因	1	2
测试	1	2
虽	1	1
惊	1	1
触	1	1
opsy	1	4
开放	1	2
拥	1	1
恶	1	1
贷	1	1
氏	1	1
仍	1	1
蜜	1	1
實	1	1
规划	1	2
不同	1	2
厚	1	1
舒	1	1
達	1	1
怕	1	1
疆	1	1
談	1	1
岗	1	1
label	1	5
對	1	1
惑	1	1
自慰	1	2
缺	1	1
一般	1	2
患	1	1
簡	1	1
甚	1	1
起来	1	2
加载	1	2
栏	1	1
散	1	1
耐	1	1
发送	1	2
特别	1	2
递	1	1
項	1	1
酸	1	1
巡	1	1
坡	1	1
宽	1	1
出版	1	2
缘	1	1
主任	1	2
尤	1	1
混	1	1
联盟	1	2
基地	1	2
焦	1	1
薦	1	1
侣	1	1
五星	1	2
网投	1	2
戦	1	1
邮箱	1	2
慧	1	1
風吹	1	2
葉	1	1
来说	1	2
累	1	1
糖	1	1
这些	1	2
VIDIA	1	5
畫	1	1
储	1	1
額	1	1
竹	1	1
保障	1	2
晨	1	1
番号	1	2
格式	1	2
始化	1	2
材料	1	2
推进	1	2
岸	1	1
prof	1	4
寻	1	1
阳市	1	2
液	1	1
照片	1	2
瓜	1	1
署	1	1
加入	1	2
两个	1	2
刑	1	1
振	1	1
重点	1	2
単	1	1
阶	1	1
行为	1	2
Zudem	1	5
抢	1	1
侠	1	1
ANGLE	1	5
山县	1	2
親	1	1
宣传	1	2
隔	1	1
访问	1	2
剧情	1	2
取得	1	2
医疗	1	2
岡	1	1
普通	1	2
標	1	1
摘要	1	2
用品	1	2
不会	1	2
译	1	1
罚	1	1
推广	1	2
值得	1	2
避	1	1
维护	1	2
打开	1	2
动车	1	2
塞	1	1
二维	1	2
俄罗斯	1	3
具体	1	2
身份证	1	3
館	1	1
姨	1	1
逆	1	1
節	1	1
确定	1	2
袋	1	1
杰	1	1
牙	1	1
或者	1	2
扩	1	1
知识	1	2
学院	1	2
选五	1	2
参与	1	2
领域	1	2
徽	1	1
丝袜	1	2
选四	1	2
湿	1	1
期间	1	2
排列	1	2
回答	1	2
成立	1	2
行动	1	2
驾	1	1
孩子	1	2
风险	1	2
缓	1	1
返点	1	2
暗	1	1
恐縮	1	2
OGLE	1	4
顿	1	1
努	1	1
微博	1	2
日至	1	2
揭	1	1
食品	1	2
灯	1	1
挥	1	1
思想	1	2
机关	1	2
传奇	1	2
順	1	1
大厅	1	2
妹妹	1	2
中过	1	2
役	1	1
审核	1	2
勤務	1	2
洁	1	1
月份	1	2
耀	1	1
搭	1	1
原创	1	2
地图	1	2
热门	1	2
嫌	1	1
那个	1	2
剑	1	1
帖	1	1
破解版	1	3
積	1	1
em	1	2
目录	1	2
播放器	1	3
veo	1	3
寿	1	1
曼	1	1
尿	1	1
升级	1	2
年前	1	2
既	1	1
二维码	1	3
结构	1	2
算法	1	2
饮	1	1
虚	1	1
游戲	1	2
有关	1	2
卷	1	1
晓	1	1
实际	1	2
町	1	1
作用	1	2
一定	1	2
肯	1	1
挂机	1	2
fit	1	3
新闻网	1	3
新华社	1	3
壁	1	1
赏	1	1
字符串	1	3
贡	1	1
艺术	1	2
搏	1	1
fashion	1	7
炎	1	1
长龙	1	2
ge	1	2
們	1	1
MIDI	1	4
允	1	1
陰	1	1
联合	1	2
主演	1	2
乘	1	1
安卓版	1	3
附件	1	2
帮助	1	2
屁	1	1
逸	1	1
窝	1	1
済	1	1
浴	1	1
落实	1	2
一起	1	2
中王	1	2
觀看	1	2
毎	1	1
四六	1	2
性交	1	2
关键词	1	3
缴	1	1
辅助	1	2
勝	1	1
家庭	1	2
立即	1	2
如此	1	2
睡	1	1
绑定	1	2
孕	1	1
阵	1	1
瓦	1	1
按照	1	2
or	1	2
频道	1	2
骨	1	1
讀	1	1
骗子	1	2
建立	1	2
配置	1	2
央视	1	2
收入	1	2
之间	1	2
forward	1	7
数组	1	2
达到	1	2
世纪	1	2
空间	1	2
推动	1	2
建议	1	2
刀	1	1
逐	1	1
点评	1	2
办法	1	2
fw	1	2
ominator	1	8
瓶	1	1
現在	1	2
今回	1	2
eccentric	1	9
祖	1	1
十一	1	2
贯	1	1
机器	1	2
服務	1	2
锦	1	1
going	1	5
違	1	1
周期	1	2
平方米	1	3
成本	1	2
替	1	1
马报	1	2
聯	1	1
frame	1	5
胡	1	1
鸿运	1	2
壇	1	1
看到	1	2
蛋蛋	1	2
啥	1	1
敬	1	1
哈哈	1	2
战略	1	2
一下	1	2
柜	1	1
敢	1	1
下降	1	2
心得	1	2
晚上	1	2
不要	1	2
讨论	1	2
一天	1	2
阅	1	1
姆	1	1
滑	1	1
夹	1	1
階	1	1
持续	1	2
亏	1	1
制造	1	2
所在	1	2
停售	1	2
评价	1	2
郑	1	1
基金	1	2
斤	1	1
区域	1	2
uved	1	4
角色	1	2
漂	1	1
事实	1	2
情侣	1	2
辉	1	1
耳	1	1
奋	1	1
提升	1	2
裁	1	1
本网	1	2
曝	1	1
分钱	1	2
进一步	1	3
掉	1	1
调整	1	2
拉菲	1	2
百万	1	2
宋	1	1
截图	1	2
具有	1	2
十分	1	2
需求	1	2
孙	1	1
核心	1	2
麦	1	1
議	1	1
践	1	1
措施	1	2
哦	1	1
XMLHttp	1	7
速度	1	2
漫画	1	2
正式	1	2
仪	1	1
如意	1	2
姓名	1	2
遍	1	1
移动	1	2
閱	1	1
城县	1	2
精彩	1	2
驰	1	1
检查	1	2
九九	1	2
鹰	1	1
適	1	1
纷	1	1
唱	1	1
大仙	1	2
敏	1	1
乃	1	1
兑换	1	2
口诀	1	2
老板	1	2
最快	1	2
账户	1	2
覆	1	1
方向	1	2
运行	1	2
目的	1	2
購入	1	2
锁	1	1
水平	1	2
聊天	1	2
画像	1	2
行政	1	2
重新	1	2
怪	1	1
梁	1	1
教学	1	2
每日	1	2
董	1	1
霞	1	1
桶	1	1
性愛	1	2
謝	1	1
注销	1	2
扶	1	1
全集	1	2
群众	1	2
哥哥	1	2
files	1	5
积极	1	2
朱	1	1
赢家	1	2
宮	1	1
牢	1	1
友情	1	2
山市	1	2
械	1	1
兒	1	1
刺激	1	2
華	1	1
经理	1	2
namespace	1	9
日前	1	2
彻	1	1
最新版	1	3
职业	1	2
浩	1	1
akap	1	4
繁	1	1
肃	1	1
体系	1	2
払	1	1
名字	1	2
満	1	1
分别	1	2
官方网	1	3
貨	1	1
腐	1	1
答案	1	2
烟	1	1
遊	1	1
退出	1	2
人才	1	2
形成	1	2
歐美	1	2
随机	1	2
华人	1	2
指定	1	2
禧	1	1
服务器	1	3
下注	1	2
道人	1	2
验证码	1	3
预计	1	2
面积	1	2
安县	1	2
算盘	1	2
彩后	1	2
帐	1	1
療	1	1
岭	1	1
正确	1	2
这一	1	2
趋	1	1
當	1	1
一样	1	2
主席	1	2
外围	1	2
government	1	10
仓	1	1
歲	1	1
酷	1	1
音乐	1	2
推薦	1	2
抱	1	1
期間	1	2
咪	1	1
柴	1	1
英国	1	2
简单	1	2
国语	1	2
百分	1	2
生态	1	2
掌	1	1
极品	1	2
坊	1	1
奴	1	1
过去	1	2
证券	1	2
写真	1	2
监督	1	2
诈	1	1
喷水	1	2
路径	1	2
遭	1	1
课程	1	2
鼓	1	1
妞	1	1
运动	1	2
携	1	1
天马	1	2
裤	1	1
uves	1	4
最佳	1	2
艾	1	1
图区	1	2
宏	1	1
青年	1	2
新增	1	2
严重	1	2
颜色	1	2
接受	1	2
商业	1	2
TAC	1	3
宁市	1	2
十八	1	2
fat	1	3
吊	1	1
呵	1	1
yyvsp	1	5
奔	1	1
御	1	1
羊	1	1
棒	1	1
凌	1	1
近年来	1	3
銀	1	1
忍	1	1
寒	1	1
嗯	1	1
支付宝	1	3
疾	1	1
講	1	1
單	1	1
数据库	1	3
盛大	1	2
還	1	1
grand	1	5
语言	1	2
上市	1	2
荡	1	1
之前	1	2
规模	1	2
炮	1	1
沟	1	1
digits	1	6
紹介	1	2
論壇	1	2
沒	1	1
方便	1	2
metre	1	5
允许	1	2
莉	1	1
沁	1	1
注明	1	2
人体	1	2
圆	1	1
找到	1	2
教师	1	2
嗎	1	1
稱	1	1
戴	1	1
制作	1	2
押	1	1
发行	1	2
现代	1	2
結果	1	2
每天	1	2
藤	1	1
猪	1	1
这种	1	2
拜	1	1
随着	1	2
迹	1	1
共同	1	2
爷	1	1
展示	1	2
総	1	1
日起	1	2
喝	1	1
养老	1	2
饭	1	1
民族	1	2
準	1	1
沉	1	1
賞	1	1
mwyn	1	4
看看	1	2
不得	1	2
少女	1	2
事业	1	2
汇丰	1	2
Enums	1	5
六月	1	2
价值	1	2
观点	1	2
webkit	1	6
暂停	1	2
人士	1	2
明星	1	2
盈利	1	2
规范	1	2
机制	1	2
魂	1	1
甸	1	1
框	1	1
裸体	1	2
肖中特	1	3
met	1	3
教程	1	2
估	1	1
定义	1	2
公共	1	2
涩	1	1
形式	1	2
props	1	5
实体	1	2
flow	1	4
薪	1	1
殊	1	1
杭	1	1
URLException	1	12
予約	1	2
国务	1	2
考试	1	2
逃	1	1
卫生	1	2
镜	1	1
崎	1	1
新宝	1	2
铺	1	1
茗	1	1
轩	1	1
骑	1	1
離	1	1
握	1	1
及时	1	2
人数	1	2
提交	1	2
我国	1	2
节目	1	2
鹿	1	1
指导	1	2
food	1	4
返信	1	2
環	1	1
贸易	1	2
廉	1	1
超级	1	2
建筑	1	2
快速	1	2
習	1	1
正常	1	2
頂	1	1
报警	1	2
鐘	1	1
常委	1	2
孔	1	1
軽	1	1
絡	1	1
手续	1	2
工业	1	2
程度	1	2
万辆	1	2
兄	1	1
股份	1	2
坦	1	1
首先	1	2
弱	1	1
戒	1	1
彩官	1	2
告诉	1	2
排名	1	2
死亡	1	2
节点	1	2
娜	1	1
好友	1	2
供应	1	2
一期	1	2
最终	1	2
世界杯	1	3
大陆	1	2
检测	1	2
一些	1	2
财经	1	2
人氣	1	2
不断	1	2
義	1	1
負	1	1
偏	1	1
帯	1	1
明确	1	2
確認	1	2
偶	1	1
多野结	1	3
旬	1	1
对此	1	2
坏	1	1
vaiht	1	5
omie	1	4
快三和值	1	4
解析	1	2
举行	1	2
决定	1	2
挣	1	1
经过	1	2
努力	1	2
重大	1	2
机动车	1	3
創	1	1
特马	1	2
巻	1	1
亦	1	1
構	1	1
動漫	1	2
楚	1	1
抵	1	1
exist	1	5
鸟	1	1
自然	1	2
确认	1	2
报码	1	2
丘	1	1
理念	1	2
导演	1	2
査	1	1
进口	1	2
谓	1	1
使命	1	2
钮	1	1
年龄	1	2
莫	1	1
難	1	1
旅行	1	2
期特码	1	3
其实	1	2
劇	1	1
寨	1	1
住所	1	2
大唐	1	2
日時	1	2
谋	1	1
博金	1	2
產品	1	2
咋	1	1
比较	1	2
眉	1	1
忠	1	1
專	1	1
闲	1	1
排行榜	1	3
优势	1	2
驻	1	1
網址	1	2
uven	1	4
誘	1	1
比例	1	2
年代	1	2
芝	1	1
农村	1	2
艷	1	1
强调	1	2
打印	1	2
配送	1	2
妖	1	1
平成	1	2
驶	1	1
敌	1	1
伝	1	1
国务院	1	3
保持	1	2
浆	1	1
联系人	1	3
岩	1	1
编码	1	2
一扫	1	2
苑	1	1
郭	1	1
滨	1	1
诸	1	1
倫理	1	2
旋	1	1
好爽	1	2
二四六	1	3
大香	1	2
绿色	1	2
字号	1	2
伸	1	1
資料	1	2
十三	1	2
夺	1	1
同志	1	2
概率	1	2
磨	1	1
則	1	1
应该	1	2
十五	1	2
迟	1	1
姿	1	1
季度	1	2
娇	1	1
就业	1	2
采购	1	2
虑	1	1
不错	1	2
地点	1	2
用户名	1	3
动力	1	2
犯罪	1	2
之一	1	2
裝	1	1
保证	1	2
大会	1	2
循	1	1
效果	1	2
元素	1	2
晒	1	1
得到	1	2
亭	1	1
矿	1	1
燃	1	1
欣	1	1
大利	1	2
較	1	1
联系方式	1	4
鞋	1	1
展开	1	2
大圣	1	2
委员会	1	3
长期	1	2
怒	1	1
解释	1	2
全过程	1	3
一带	1	2
造成	1	2
平刷	1	2
债	1	1
党委	1	2
曝光	1	2
昨日	1	2
殖	1	1
Elon	1	4
铁算盘	1	3
唯一	1	2
虽然	1	2
甚至	1	2
扫一扫	1	3
积分	1	2
人大	1	2
优博	1	2
貸	1	1
回血	1	2
誰	1	1
办公室	1	3
admin	1	5
公安	1	2
盗	1	1
浮	1	1
万能	1	2
促进	1	2
开元	1	2
挺	1	1
黑彩	1	2
医生	1	2
流程	1	2
渡	1	1
几个	1	2
王中王	1	3
GLE	1	3
英雄	1	2
羞	1	1
共和	1	2
合彩	1	2
澳洲	1	2
評論	1	2
晴	1	1
一道	1	2
复制	1	2
泊	1	1
导师	1	2
大胆	1	2
车辆	1	2
應	1	1
协议	1	2
參	1	1
俗	1	1
弃	1	1
准备	1	2
戸	1	1
勿	1	1
筹	1	1
海外	1	2
原则	1	2
忧	1	1
排序	1	2
樣	1	1
責	1	1
千禧	1	2
図	1	1
砖	1	1
訂	1	1
快三有	1	3
am	1	2
n	1	1
江县	1	2
坪	1	1
匹	1	1
少婦	1	2
色色	1	2
湖南	1	2
知乎	1	2
深入	1	2
作弊器	1	3
organ	1	5
创业	1	2
限定	1	2
休日	1	2
启动	1	2
完善	1	2
指数	1	2
萝	1	1
最好	1	2
必要	1	2
通販	1	2
能够	1	2
雞	1	1
狸	1	1
牛牛	1	2
blurred	1	7
渠	1	1
渐	1	1
曹	1	1
厨	1	1
当天	1	2
冒	1	1
限制	1	2
facebook	1	8
fire	1	4
自由	1	2
厕	1	1
依法	1	2
宁县	1	2
半年	1	2
废	1	1
脂	1	1
求人	1	2
驱	1	1
歴	1	1
费用	1	2
赶	1	1
减少	1	2
佐	1	1
案例	1	2
晶	1	1
意味	1	2
辛	1	1
嘿	1	1
珍	1	1
肌	1	1
黑钱	1	2
高度	1	2
桌	1	1
调用	1	2
履	1	1
妈妈	1	2
财政	1	2
力量	1	2
儿童	1	2
时报	1	2
ogonal	1	6
相關	1	2
潜	1	1
一肖中特	1	4
生日	1	2
拓	1	1
提醒	1	2
不上	1	2
日志	1	2
今晚	1	2
名人	1	2
退休	1	2
aimer	1	5
忙	1	1
秘籍	1	2
枪	1	1
亩	1	1
动态图	1	3
许可	1	2
真钱	1	2
勤務地	1	3
按钮	1	2
旦	1	1
伯爵	1	2
公交	1	2
完全	1	2
塑	1	1
人物	1	2
娃	1	1
传统	1	2
異	1	1
日晚	1	2
probe	1	5
扒	1	1
停止	1	2
资本	1	2
历山	1	2
犬	1	1
灾	1	1
蒂	1	1
雀	1	1
probs	1	5
来看	1	2
未知	1	2
處	1	1
吾	1	1
宝宝	1	2
峡	1	1
吉祥	1	2
一号	1	2
乐盈	1	2
疯	1	1
卒	1	1
利益	1	2
汗	1	1
傳	1	1
good	1	4
预算	1	2
児	1	1
污染	1	2
拥有	1	2
多宝	1	2
xfa	1	3
陌	1	1
的话	1	2
滤	1	1
拾	1	1
针对	1	2
娱乐网	1	3
做好	1	2
疫情	1	2
如今	1	2
权限	1	2
尖	1	1
怡	1	1
艳	1	1
随后	1	2
窥	1	1
磁	1	1
以内	1	2
出租	1	2
成果	1	2
这么	1	2
飯	1	1
军事	1	2
在线电影	1	4
刷新	1	2
観	1	1
总部	1	2
夕	1	1
集中	1	2
蒙古	1	2
札	1	1
來源	1	2
设施	1	2
涯	1	1
窍	1	1
非法	1	2
文明	1	2
飲	1	1
打不开	1	3
侧	1	1
効	1	1
迈	1	1
統	1	1
龙江	1	2
撮	1	1
违规	1	2
广州	1	2
港台	1	2
動画	1	2
推出	1	2
治理	1	2
轨	1	1
輪	1	1
日博	1	2
安市	1	2
收费	1	2
监管	1	2
多个	1	2
灣	1	1
如下	1	2
试看	1	2
意识	1	2
陽	1	1
fast	1	4
购物	1	2
揉	1	1
辰	1	1
实力	1	2
電子	1	2
耗	1	1
通常	1	2
狐狸	1	2
理由	1	2
博悦	1	2
连续	1	2
事实上	1	3
会上	1	2
成员	1	2
吉利	1	2
卓越	1	2
以前	1	2
乾	1	1
怖	1	1
共享	1	2
友情链接	1	4
备注	1	2
信用	1	2
煌	1	1
真是假	1	3
导致	1	2
柱	1	1
甜	1	1
诺亚	1	2
袖	1	1
无线	1	2
罩	1	1
麒麟	1	2
薄	1	1
爽爽	1	2
纽	1	1
頃	1	1
机器人	1	3
潭	1	1
侵犯	1	2
女孩	1	2
最长	1	2
gener	1	5
阶段	1	2
到底	1	2
冊	1	1
秦	1	1
背景	1	2
农业	1	2
測	1	1
邻	1	1
当地	1	2
mafi	1	4
喊	1	1
星际	1	2
利润	1	2
姐姐	1	2
谜	1	1
蔡	1	1
畅	1	1
破解器	1	3
factor	1	6
強奸	1	2
万国	1	2
[	1	1
min	1	3
身体	1	2
inclination	1	11
opse	1	4
梯	1	1
停车	1	2
妙	1	1
沿	1	1
抜	1	1
紅	1	1
打造	1	2
伍	1	1
合同	1	2
博客	1	2
嘴	1	1
万博	1	2
泡	1	1
email	1	5
共产	1	2
壮	1	1
复式	1	2
都市	1	2
追加	1	2
报价	1	2
尋	1	1
趋势	1	2
结合	1	2
大阪	1	2
物流	1	2
茸	1	1
徒歩	1	2
阻	1	1
公布	1	2
樓	1	1
死人	1	2
寺	1	1
长度	1	2
菲娱	1	2
礼包	1	2
姑娘	1	2
稍	1	1
料金	1	2
<	1	1
倍率	1	2
険	1	1
虐	1	1
橋	1	1
容易	1	2
胆码	1	2
肺	1	1
淡	1	1
柔	1	1
屁股	1	2
精选	1	2
指南	1	2
宝典	1	2
其它	1	2
邑	1	1
拔	1	1
三級	1	2
治疗	1	2
吻	1	1
职位	1	2
一句	1	2
印度	1	2
受到	1	2
人口	1	2
实践	1	2
年轻	1	2
粒	1	1
诚信	1	2
黄大仙	1	3
河内	1	2
浜	1	1
露脸	1	2
漂亮	1	2
眠	1	1
手续费	1	3
Https	1	5
环保	1	2
绕	1	1
竞争	1	2
和尚	1	2
科研	1	2
居民	1	2
麗	1	1
跨度	1	2
剩	1	1
十九	1	2
莲	1	1
男性	1	2
华夏	1	2
招生	1	2
变化	1	2
骚	1	1
墨	1	1
天地	1	2
筋	1	1
日讯	1	2
安排	1	2
裙	1	1
几年	1	2
类别	1	2
苗	1	1
聲	1	1
提前	1	2
巡视	1	2
各种	1	2
omite	1	5
uumm	1	4
據	1	1
袭	1	1
万吨	1	2
冈	1	1
省委	1	2
人生	1	2
一分钟	1	3
评分	1	2
企業	1	2
rates	1	5
千万	1	2
案件	1	2
隐藏	1	2
共和国	1	3
万盛	1	2
薬	1	1
合买	1	2
水果	1	2
传播	1	2
條	1	1
伙伴	1	2
悲	1	1
雑	1	1
ground	1	6
共有	1	2
煤	1	1
北京市	1	3
金盾	1	2
滚球	1	2
黒	1	1
签到	1	2
監	1	1
識	1	1
芸	1	1
余额	1	2
指标	1	2
挣钱	1	2
闪	1	1
高校	1	2
交换	1	2
纪律	1	2
主持	1	2
消费者	1	3
护士	1	2
年底	1	2
鄂	1	1
阜	1	1
彩乐	1	2
齢	1	1
歡	1	1
STOCK	1	5
給与	1	2
迫	1	1
詞	1	1
赖	1	1
遵	1	1
法院	1	2
紙	1	1
詢	1	1
兔	1	1
恢	1	1
资产	1	2
欧亿	1	2
之外	1	2
沃	1	1
通信	1	2
悠悠	1	2
研发	1	2
grey	1	4
旨	1	1
娛	1	1
萄	1	1
党员	1	2
赠	1	1
並	1	1
诱	1	1
徳	1	1
那些	1	2
辞	1	1
章节	1	2
报名	1	2
条例	1	2
扰	1	1
机官	1	2
周期函数	1	4
不好	1	2
营业	1	2
姐妹	1	2
裸體	1	2
毕业	1	2
ravim	1	5
外挂	1	2
类似	1	2
錄	1	1
迁	1	1
岗位	1	2
google	1	6
商务	1	2
閱讀	1	2
悪	1	1
觉得	1	2
ehd	1	3
南县	1	2
兼职	1	2
三官	1	2
手机号	1	3
定胆	1	2
负责人	1	3
ominio	1	6
文学	1	2
合乐	1	2
導航	1	2
意义	1	2
杜	1	1
訳	1	1
侯	1	1
引用	1	2
办理	1	2
nba	1	3
好彩	1	2
刷水	1	2
団	1	1
合理	1	2
叉	1	1
權	1	1
赌球	1	2
交換	1	2
举办	1	2
外交	1	2
施工	1	2
加坡	1	2
一点	1	2
下来	1	2
丁目	1	2
yyat	1	4
矩	1	1
第一页	1	3
忽	1	1
无极	1	2
ga	1	2
興	1	1
纪委	1	2
乔	1	1
海道	1	2
素材	1	2
烧	1	1
文本	1	2
吟	1	1
gallery	1	7
菌	1	1
后台	1	2
人线	1	2
大丰	1	2
绥	1	1
经历	1	2
准确	1	2
热点	1	2
东森	1	2
陶	1	1
而言	1	2
舍	1	1
烦	1	1
寫	1	1
讓	1	1
棋	1	1
动画	1	2
復	1	1
帳	1	1
飞机	1	2
馈	1	1
vidrio	1	6
摩臣	1	2
柴油	1	2
極	1	1
仔	1	1
縄	1	1
floor	1	5
盘口	1	2
剂	1	1
资源网	1	3
此前	1	2
按摩	1	2
線觀	1	2
事故	1	2
輸	1	1
許	1	1
新人	1	2
平码	1	2
昭	1	1
更加	1	2
为了	1	2
吕	1	1
鉄	1	1
築	1	1
鉴	1	1
法人	1	2
撤	1	1
市委	1	2
截止	1	2
组合	1	2
便利	1	2
沈	1	1
媽媽	1	2
相談	1	2
惨	1	1
云鼎	1	2
虫	1	1
航空	1	2
疲	1	1
战争	1	2
灰	1	1
金币	1	2
呈	1	1
白浆	1	2
宴	1	1
歷	1	1
另一方面	1	4
联系电话	1	4
工资	1	2
严格	1	2
小米	1	2
勢	1	1
最低	1	2
骤	1	1
安迪	1	2
總	1	1
赋	1	1
厘	1	1
幸福	1	2
英文	1	2
係	1	1
救世	1	2
成年人	1	3
过滤	1	2
确保	1	2
本人	1	2
私人	1	2
发挥	1	2
箭	1	1
贯彻	1	2
増	1	1
夢	1	1
包含	1	2
除了	1	2
概要	1	2
GLES	1	4
辦	1	1
大师	1	2
左旗	1	2
期期	1	2
禽	1	1
重量	1	2
模拟	1	2
填写	1	2
地域	1	2
are	1	3
实时	1	2
浓	1	1
马上	1	2
祭	1	1
感谢	1	2
注文	1	2
訪	1	1
人民共和国	1	5
朗普	1	2
易购	1	2
性爱	1	2
优化	1	2
臀	1	1
看来	1	2
纵	1	1
墙	1	1
哈尔	1	2
琴	1	1
担当	1	2
flat	1	4
俊	1	1
打法	1	2
冠亚	1	2
硕	1	1
丰富	1	2
增强	1	2
預	1	1
动物	1	2
多人	1	2
邮件	1	2
删	1	1
加勒比	1	3
閉	1	1
学历	1	2
五码	1	2
embed	1	5
https	1	5
顔	1	1
高速	1	2
百汇	1	2
第一次	1	3
誘惑	1	2
人民网	1	3
诈骗	1	2
智慧	1	2
陷	1	1
期限	1	2
grad	1	4
名单	1	2
部署	1	2
辣	1	1
哭	1	1
拒	1	1
內容	1	2
廣	1	1
彩堂	1	2
鹅	1	1
誌	1	1
百乐	1	2
高登	1	2
新版	1	2
总站	1	2
电视剧	1	3
兩	1	1
毁	1	1
特点	1	2
成绩	1	2
期待	1	2
观察	1	2
青春	1	2
伏	1	1
竞技	1	2
特殊	1	2
一年	1	2
團	1	1
乐城	1	2
忆	1	1
邪	1	1
杭州	1	2
劲	1	1
同创	1	2
崇	1	1
撃	1	1
將	1	1
世爵	1	2
芳	1	1
yyval	1	5
魅	1	1
涉及	1	2
枝	1	1
乙	1	1
银航	1	2
汤	1	1
而且	1	2
武汉	1	2
德国	1	2
遥	1	1
昨天	1	2
奏	1	1
水县	1	2
等级	1	2
博猫	1	2
动作	1	2
录像	1	2
帅	1	1
杀码	1	2
大众	1	2
課	1	1
中华人民共和国	1	7
爆乳	1	2
管理员	1	3
宝盈	1	2
慎	1	1
帽	1	1
乗	1	1
碑	1	1
鸭	1	1
活動	1	2
打一肖	1	3
涙	1	1
私彩	1	2
伟德	1	2
陪	1	1
出口	1	2
河县	1	2
资格	1	2
赛车场	1	3
削	1	1
东西	1	2
现实	1	2
延期	1	2
充分	1	2
做到	1	2
鼠	1	1
发电	1	2
施設	1	2
營	1	1
亿贝	1	2
拳	1	1
follow	1	6
采取	1	2
diminuir	1	8
试玩	1	2
origin	1	6
教授	1	2
开彩	1	2
順位	1	2
对应	1	2
搬	1	1
龍	1	1
吃奶	1	2
英语	1	2
认真	1	2
founded	1	7
贵州	1	2
肤	1	1
社員	1	2
月底	1	2
肩	1	1
膽	1	1
市场部	1	3
川县	1	2
爱情	1	2
蜂	1	1
医学	1	2
示例	1	2
臺	1	1
效率	1	2
缩水	1	2
秘诀	1	2
養	1	1
橾	1	1
設定	1	2
冷热	1	2
補	1	1
用于	1	2
omina	1	5
论文	1	2
自治区	1	3
ttk	1	3
魏	1	1
采访	1	2
亚历山大	1	4
奖励	1	2
踪	1	1
住宅	1	2
创造	1	2
点赞	1	2
仲博	1	2
吐	1	1
驗	1	1
滴	1	1
世博	1	2
双方	1	2
兑现	1	2
匿名	1	2
幻想	1	2
猴	1	1
与此同时	1	4
病毒	1	2
碰碰	1	2
処	1	1
近期	1	2
心博	1	2
平县	1	2
虹	1	1
摆	1	1
埃	1	1
凉	1	1
扒开	1	2
天音	1	2
医保	1	2
prog	1	4
真实性	1	3
郵	1	1
偿	1	1
場所	1	2
泳	1	1
机械	1	2
Nase	1	4
纠	1	1
短信	1	2
传媒	1	2
二等奖	1	3
出生	1	2
generator	1	9
教材	1	2
出版社	1	3
奥门	1	2
響	1	1
ger	1	3
未经	1	2
證	1	1
银座	1	2
從	1	1
lfs	1	3
距离	1	2
芽	1	1
万美元	1	3
共产党	1	3
代引	1	2
部长	1	2
钻	1	1
运输	1	2
馨	1	1
逊	1	1
心理	1	2
悟	1	1
员工	1	2
遠	1	1
已有	1	2
乐天	1	2
坝	1	1
uuml	1	4
贷款	1	2
fa	1	2
西亚	1	2
焼	1	1
韦	1	1
产生	1	2
深爱	1	2
突破	1	2
明显	1	2
房地产	1	3
即可	1	2
召开	1	2
巨大	1	2
特朗普	1	3
机会	1	2
塘	1	1
付款	1	2
尸	1	1
新品	1	2
中文版	1	3
診	1	1
大量	1	2
套餐	1	2
覆盖	1	2
滋	1	1
麼	1	1
伯温	1	2
）	1	1
等待	1	2
original	1	8
电影院	1	3
働	1	1
警方	1	2
腰	1	1
其次	1	2
强化	1	2
俱	1	1
弗	1	1
性色	1	2
公開	1	2
真正	1	2
二分	1	2
为何	1	2
评级	1	2
解除	1	2
扱	1	1
叔	1	1
韓國	1	2
不用	1	2
同步	1	2
羽林	1	2
降低	1	2
盆	1	1
大洋	1	2
公益	1	2
拘	1	1
广发	1	2
問題	1	2
敗	1	1
必赢	1	2
开启	1	2
董事	1	2
拍拍	1	2
晒单	1	2
択	1	1
踏	1	1
減	1	1
炒	1	1
退款	1	2
事情	1	2
我們	1	2
圾	1	1
fed	1	3
通讯	1	2
跃	1	1
包装	1	2
莎	1	1
赫	1	1
鹏	1	1
大连	1	2
井空	1	2
opst	1	4
opsi	1	4
梨	1	1
玲	1	1
春节	1	2
贤	1	1
割合	1	2
尺寸	1	2
合集	1	2
沖	1	1
制定	1	2
国外	1	2
江市	1	2
少年	1	2
加工	1	2
党建	1	2
出处	1	2
六肖	1	2
公爵	1	2
商城	1	2
料理	1	2
金尊	1	2
同期	1	2
中特网	1	3
帝一	1	2
aider	1	5
疯狂	1	2
回应	1	2
戶	1	1
速報	1	2
輯	1	1
分類	1	2
博乐	1	2
组六	1	2
三国	1	2
ogon	1	4
博士	1	2
经纬	1	2
复杂	1	2
舔	1	1
兆	1	1
辽宁	1	2
協	1	1
資訊	1	2
年份	1	2
女子	1	2
日产	1	2
淘宝	1	2
首次	1	2
高中	1	2
转换	1	2
劳动	1	2
路线	1	2
博众	1	2
RHS	1	3
碎	1	1
宣布	1	2
slurry	1	6
组三	1	2
蛇	1	1
介紹	1	2
主营	1	2
純	1	1
窗口	1	2
攝	1	1
轉	1	1
惜	1	1
组选	1	2
荒	1	1
杏彩	1	2
以后	1	2
融资	1	2
終了	1	2
满足	1	2
旗下	1	2
金砖	1	2
two	1	3
牧	1	1
株式会社	1	4
赛事	1	2
帝苑	1	2
佩	1	1
技能	1	2
患者	1	2
逻	1	1
老妇	1	2
general	1	7
大型	1	2
受付	1	2
压力	1	2
prom	1	4
固定	1	2
豊	1	1
帰	1	1
透明	1	2
套路	1	2
女生	1	2
菜单	1	2
播播	1	2
待遇	1	2
优秀	1	2
凝	1	1
法规	1	2
住房	1	2
亚洲区	1	3
hcp	1	3
采用	1	2
累计	1	2
测速	1	2
胞	1	1
中古	1	2
校园	1	2
聯系	1	2
媳	1	1
契	1	1
葛	1	1
呀	1	1
天气	1	2
手機	1	2
遣	1	1
总书记	1	3
至尚	1	2
變	1	1
垃	1	1
承担	1	2
筆	1	1
凸	1	1
职责	1	2
读取	1	2
尚度	1	2
緒	1	1
锐	1	1
暂无	1	2
紀	1	1
奉	1	1
尼姑	1	2
坂	1	1
久游	1	2
厉	1	1
泄	1	1
藏宝	1	2
乐友	1	2
公斤	1	2
球队	1	2
反水	1	2
环宇	1	2
线程	1	2
鸿丰	1	2
钱柜	1	2
泰皇	1	2
八码	1	2
缴情	1	2
涛	1	1
盤	1	1
高级	1	2
符合	1	2
女士	1	2
飛	1	1
扫描	1	2
协会	1	2
偷窥	1	2
akwunye	1	7
家具	1	2
幽	1	1
法国	1	2
沢	1	1
由于	1	2
城区	1	2
时期	1	2
柄	1	1
王者	1	2
garde	1	5
不像	1	2
暮	1	1
相比	1	2
娛樂	1	2
小游戲	1	3
反馈	1	2
诀窍	1	2
对白	1	2
維	1	1
胶	1	1
業時間	1	3
此次	1	2
丸	1	1
萌	1	1
土地	1	2
博牛	1	2
紫金	1	2
所得	1	2
自身	1	2
门户	1	2
销量	1	2
l	1	1
ỗ	1	1
i	1	1
女郎	1	2
帐号	1	2
上映	1	2
整体	1	2
佣	1	1
三星	1	2
工商	1	2
独胆	1	2
理解	1	2
感觉	1	2
贝博	1	2
易乐	1	2
九龙	1	2
撒	1	1
奔驰	1	2
灭	1	1
資格	1	2
大道	1	2
红鹰	1	2
栏目	1	2
＠	1	1
討	1	1
丶	1	1
鸣	1	1
開始	1	2
明发	1	2
一篇	1	2
戀	1	1
麻豆	1	2
賀	1	1
絲	1	1
附近	1	2
天逸	1	2
重复	1	2
监察	1	2
模块	1	2
IHttp	1	5
famous	1	6
須	1	1
正点	1	2
高升	1	2
圣亚	1	2
投注站	1	3
弘鼎	1	2
坑人	1	2
哲	1	1
熱門	1	2
擦	1	1
扩大	1	2
羅	1	1
注册码	1	3
直到	1	2
龙头	1	2
拆	1	1
GOOGLE	1	6
无需	1	2
必胜	1	2
满意	1	2
gu	1	2
荣富	1	2
喘	1	1
人格	1	2
拨	1	1
面对	1	2
主播	1	2
做人	1	2
别人	1	2
博凯	1	2
颗	1	1
凭	1	1
规格	1	2
突然	1	2
厦	1	1
只能	1	2
faced	1	5
成熟	1	2
軍	1	1
长沙	1	2
奶头	1	2
牢记	1	2
聪	1	1
终于	1	2
新区	1	2
砂	1	1
尔沁	1	2
名稱	1	2
gh	1	2
撞	1	1
上述	1	2
整数	1	2
囲	1	1
诺果	1	2
搜尋	1	2
尺度	1	2
一致	1	2
返水	1	2
guide	1	5
global	1	6
视觉	1	2
数学	1	2
暇	1	1
瞬	1	1
姜	1	1
妮	1	1
依据	1	2
採	1	1
绪	1	1
纽约	1	2
改善	1	2
昆	1	1
违反	1	2
初心	1	2
學生	1	2
变量	1	2
椒	1	1
贺	1	1
牡	1	1
组成	1	2
安心	1	2
銀行	1	2
革命	1	2
黄片	1	2
神器	1	2
予定	1	2
擊	1	1
有所	1	2
種類	1	2
字体	1	2
厨房	1	2
戻	1	1
状態	1	2
额度	1	2
事项	1	2
聊天室	1	3
预约	1	2
所属	1	2
版官	1	2
欠	1	1
无人	1	2
ft	1	2
后来	1	2
老師	1	2
不中	1	2
剤	1	1
領	1	1
昌县	1	2
于是	1	2
亚豪	1	2
铁血	1	2
毅	1	1
金叶	1	2
右翼	1	2
城乡	1	2
铃	1	1
白菜	1	2
陕西	1	2
炼	1	1
上下	1	2
糕	1	1
#	1	1
ad	1	2
咖	1	1
只是	1	2
聚缘	1	2
批准	1	2
伦理片	1	3
车型	1	2
{	1	1
养老金	1	3
所在地	1	3
腳	1	1
云南	1	2
讲话	1	2
岛国	1	2
主动	1	2
绘	1	1
老太	1	2
魚	1	1
燕	1	1
中旗	1	2
你好	1	2
莞	1	1
沒有	1	2
暑	1	1
实验	1	2
grow	1	4
感染	1	2
天铭	1	2
给予	1	2
卸	1	1
中新网	1	3
男子	1	2
内幕	1	2
神马	1	2
盒彩	1	2
一诺	1	2
披	1	1
疾病	1	2
神算	1	2
惯	1	1
尊尼	1	2
掃	1	1
等等	1	2
十大	1	2
煙	1	1
纪录	1	2
行情	1	2
驾驶	1	2
不足	1	2
性质	1	2
寓	1	1
即时	1	2
乐丰	1	2
天游	1	2
kz	1	2
课堂	1	2
相信	1	2
杆	1	1
倾	1	1
嫁	1	1
老婆	1	2
豪泰	1	2
嘎	1	1
策略	1	2
挑战	1	2
铁血网	1	3
辱	1	1
红鼎	1	2
厘米	1	2
掛	1	1
组件	1	2
蓝盾	1	2
病例	1	2
凌晨	1	2
栗	1	1
腕	1	1
源县	1	2
欺	1	1
上涨	1	2
电话号码	1	4
優惠	1	2
棚	1	1
品質	1	2
潔	1	1
不起	1	2
轴	1	1
地下	1	2
rat	1	3
追回	1	2
布局	1	2
隊	1	1
拼搏	1	2
堡	1	1
所谓	1	2
富利	1	2
翔	1	1
登记	1	2
市場	1	2
三个	1	2
涵	1	1
胎	1	1
串一	1	2
顶部	1	2
孤	1	1
投入	1	2
秘密	1	2
猎	1	1
十四	1	2
汁	1	1
自产	1	2
基层	1	2
装修	1	2
银雀	1	2
vq	1	2
集合	1	2
粮	1	1
滿	1	1
禾	1	1
分鐘	1	2
渠道	1	2
危险	1	2
贡献	1	2
改单	1	2
宠	1	1
涉嫌	1	2
证明	1	2
筛	1	1
OGGLE	1	5
印尼	1	2
霸王	1	2
备案	1	2
phd	1	3
困难	1	2
整改	1	2
广大	1	2
／	1	1
机场	1	2
恢复	1	2
整个	1	2
骰	1	1
扫码	1	2
鲸	1	1
好多	1	2
钥	1	1
发动	1	2
ABO	1	3
歌曲	1	2
女优	1	2
璃	1	1
舟	1	1
尝	1	1
映画	1	2
步骤	1	2
第五	1	2
星空	1	2
表现	1	2
青青草原	1	4
APP	1	3
亿博	1	2
戰	1	1
区别	1	2
万家乐	1	3
鼎丰	1	2
匙	1	1
想到	1	2
成长	1	2
万个	1	2
天然	1	2
舒服	1	2
寝	1	1
成交	1	2
趣赢	1	2
改变	1	2
漫畫	1	2
分页	1	2
整理	1	2
瓣	1	1
人民日报	1	4
辺	1	1
荣耀	1	2
polos	1	5
晰	1	1
避免	1	2
线蕉	1	2
敵	1	1
钱包	1	2
纲	1	1
自行	1	2
玻	1	1
作文	1	2
屯	1	1
億元	1	2
漢	1	1
疼	1	1
泥	1	1
深化	1	2
抚	1	1
profiles	1	8
赁	1	1
蝶	1	1
进去	1	2
头像	1	2
栋	1	1
人片	1	2
GGLE	1	4
总结	1	2
孟	1	1
党组	1	2
胖	1	1
寻找	1	2
广益	1	2
首頁	1	2
模型	1	2
墓	1	1
嬉	1	1
途中	1	2
粉嫩	1	2
狼人	1	2
辖	1	1
埔	1	1
实际上	1	3
码中特	1	3
颖	1	1
寶	1	1
人为	1	2
库存	1	2
琳	1	1
营销	1	2
撑	1	1
杉	1	1
週間	1	2
东臣	1	2
丨	1	1
坚定	1	2
聚利	1	2
尤其	1	2
厕所	1	2
剪	1	1
利盛	1	2
维修	1	2
同性	1	2
争锋	1	2
募集	1	2
兴趣	1	2
鍵	1	1
blurry	1	6
波多野	1	3
韩欧美	1	3
競	1	1
透露	1	2
慈	1	1
工作人员	1	4
回事	1	2
profit	1	6
奋斗	1	2
来到	1	2
凯美	1	2
嫂	1	1
菲龙	1	2
住宿	1	2
一卡	1	2
頼	1	1
癌	1	1
淮	1	1
膜	1	1
歌词	1	2
芬	1	1
搜狐	1	2
呻	1	1
昂	1	1
专项	1	2
小学	1	2
领先	1	2
幕后	1	2
錯	1	1
鼻	1	1
韦伯	1	2
返品	1	2
乐多	1	2
醫	1	1
西游	1	2
不少	1	2
缓存	1	2
老人	1	2
fix	1	3
放心	1	2
雕	1	1
对刷	1	2
司法	1	2
堵	1	1
彩杀	1	2
消防	1	2
总统	1	2
大鱼	1	2
彦	1	1
傷	1	1
回来	1	2
三肖	1	2
实例	1	2
考虑	1	2
品质	1	2
裂	1	1
芯	1	1
协调	1	2
九州	1	2
外国	1	2
老熟妇	1	3
絶	1	1
framework	1	9
美容	1	2
fer	1	3
您好	1	2
处罚	1	2
就是说	1	3
大香线	1	3
不停	1	2
臭	1	1
和平	1	2
优宝	1	2
翁	1	1
返钱	1	2
ITING	1	5
许可证	1	3
tokony	1	6
force	1	5
朋友圈	1	3
七彩	1	2
型号	1	2
可是	1	2
物业	1	2
道路	1	2
森林	1	2
DVD	1	3
鹤	1	1
因素	1	2
空气	1	2
彰	1	1
閲	1	1
grown	1	5
响应	1	2
业内	1	2
套利	1	2
一家	1	2
games	1	5
锡	1	1
出台	1	2
先进	1	2
表达	1	2
績	1	1
遂宁市	1	3
abbr	1	4
雪球	1	2
训练	1	2
吞	1	1
睛	1	1
京城	1	2
浅	1	1
殺	1	1
再次	1	2
壹	1	1
姚	1	1
出去	1	2
—	1	1
with	1	4
售价	1	2
厂家	1	2
transpl	1	7
至少	1	2
鳥	1	1
穆	1	1
融合	1	2
四不像	1	3
赴	1	1
期必	1	2
政协	1	2
探索	1	2
公务	1	2
出演	1	2
乐亚	1	2
本科	1	2
视讯	1	2
梦想	1	2
新生	1	2
事項	1	2
昔	1	1
想着	1	2
培养	1	2
性能	1	2
貌	1	1
对子	1	2
演员	1	2
毫米	1	2
七喜	1	2
帝景	1	2
最准	1	2
权益	1	2
rte	1	3
亚美	1	2
締	1	1
浩特	1	2
打一	1	2
直选	1	2
www	1	3
桑	1	1
莓	1	1
说道	1	2
歉	1	1
几十	1	2
僕	1	1
旭	1	1
垃圾	1	2
鏈	1	1
红黑	1	2
獸	1	1
猛烈	1	2
插件	1	2
發布	1	2
声音	1	2
意味着	1	3
質問	1	2
翌	1	1
律师	1	2
中色	1	2
色情网	1	3
买法	1	2
铁路	1	2
中國	1	2
正文	1	2
谨	1	1
溪县	1	2
北海道	1	3
fields	1	6
发财	1	2
敦	1	1
Greenpeace	1	10
东北	1	2
循环	1	2
广播	1	2
山区	1	2
偽物	1	2
党中央	1	3
魔兽	1	2
本港台	1	3
释放	1	2
辨	1	1
踩	1	1
认可	1	2
鱼儿	1	2
蕩	1	1
gap	1	3
覚	1	1
攻击	1	2
價格	1	2
右旗	1	2
貼	1	1
萬元	1	2
产权	1	2
锅	1	1
七码	1	2
帖子	1	2
入住	1	2
游客	1	2
雙	1	1
红姐	1	2
帶	1	1
皇轩	1	2
新乐	1	2
入力	1	2
農	1	1
邦尼	1	2
胃	1	1
中字	1	2
摄影	1	2
裕	1	1
护理	1	2
快捷	1	2
涓	1	1
六码	1	2
沪	1	1
年間	1	2
教師	1	2
企鹅	1	2
碍	1	1
昵称	1	2
暨	1	1
蒲	1	1
收益	1	2
万亚	1	2
側	1	1
思思	1	2
比較	1	2
实行	1	2
审批	1	2
用途	1	2
妓	1	1
醉	1	1
槽	1	1
自主	1	2
树林	1	2
衛	1	1
六和彩	1	3
痞客	1	2
倡	1	1
裏	1	1
秘书	1	2
出售	1	2
收到	1	2
纹	1	1
多数	1	2
残局	1	2
盈立	1	2
一种	1	2
令人	1	2
模板	1	2
不仅	1	2
設備	1	2
爸爸	1	2
卢	1	1
容量	1	2
上线	1	2
扶贫	1	2
meek	1	4
拉特	1	2
sexvideo	1	8
炉	1	1
Meetup	1	6
護士	1	2
潘	1	1
突出	1	2
主体	1	2
多乐	1	2
橹	1	1
丈夫	1	2
越来越	1	3
装备	1	2
ANGLES	1	6
卧	1	1
氧	1	1
民主	1	2
众鑫	1	2
处分	1	2
feed	1	4
满堂	1	2
总体	1	2
公网	1	2
美國	1	2
本金	1	2
恒一	1	2
:	1	1
认识	1	2
動畫	1	2
傅	1	1
力度	1	2
互动	1	2
尤物	1	2
growth	1	6
veoma	1	5
彩彩	1	2
續	1	1
关联	1	2
三码	1	2
事务	1	2
廷	1	1
呻吟	1	2
+	1	1
會員	1	2
马克	1	2
科学院	1	3
SIDE	1	4
昼	1	1
爵士	1	2
麻将	1	2
公平	1	2
彩票论坛	1	4
多年	1	2
旁	1	1
彭	1	1
