，	83	1
的	59	1
。	18	1
、	14	1
是	13	1
一	11	1
不	10	1
了	10	1
我	10	1
在	8	1
人	7	1
有	7	1
大	7	1
你	7	1
(	7	1
都	6	1
也	6	1
日	5	1
上	5	1
本	5	1
到	5	1
重	5	1
小	5	1
更	5	1
二	5	1
他	5	1
三	5	1
就	5	1
発	5	1
用	4	1
请	4	1
中	4	1
新	4	1
出	4	1
者	4	1
地	4	1
事	4	1
要	4	1
最	4	1
此	4	1
今	4	1
页面	4	2
来	4	1
说	4	1
会	4	1
当	4	1
这	4	1
一个	4	2
好	4	1
下载	4	2
如果	4	2
并	4	1
而	4	1
在线	4	2
那	4	1
她	4	1
收录	4	2
次数	4	2
複	4	1
年	3	1
月	3	1
成	3	1
件	3	1
下	3	1
分	3	1
为	3	1
字	3	1
个	3	1
作	3	1
表	3	1
加	3	1
生	3	1
定	3	1
市	3	1
以	3	1
位	3	1
前	3	1
面	3	1
动	3	1
删除	3	2
登	3	1
第	3	1
如	3	1
可	3	1
明	3	1
输入	3	2
对	3	1
性	3	1
后	3	1
格	3	1
金	3	1
自	3	1
全	3	1
色	3	1
情	3	1
周	3	1
其	3	1
多	3	1
无	3	1
生成	3	2
将	3	1
高	3	1
子	3	1
道	3	1
手	3	1
从	3	1
家	3	1
默认	3	2
北	3	1
看	3	1
水	3	1
比	3	1
或	3	1
与	3	1
因	3	1
心	3	1
由	3	1
里	3	1
土	3	1
每	3	1
後	3	1
首页	3	2
木	3	1
但	3	1
音	3	1
火	3	1
開	3	1
您	3	1
（	3	1
即	3	1
只	3	1
若	3	1
価	3	1
関	3	1
我们	3	2
何	3	1
被	3	1
什么	3	2
個	3	1
又	3	1
日本	3	2
於	3	1
让	3	1
啊	3	1
有限公司	3	4
売	3	1
百度	3	2
徒	3	1
評	3	1
阅读	3	2
不过	3	2
申博	3	2
查看	3	2
臺	3	1
存档	3	2
圭	3	1
备份	3	2
醴	3	1
数	2	1
名	2	1
时	2	1
文	2	1
入	2	1
号	2	1
取	2	1
回	2	1
成功	2	2
示	2	1
用户	2	2
数据	2	2
时间	2	2
信	2	1
类	2	1
理	2	1
行	2	1
期	2	1
修	2	1
元	2	1
方	2	1
区	2	1
单	2	1
法	2	1
品	2	1
注	2	1
修改	2	2
输	2	1
建	2	1
能	2	1
度	2	1
文件	2	2
点	2	1
图	2	1
提	2	1
发	2	1
式	2	1
国	2	1
接	2	1
关	2	1
设	2	1
目	2	1
开	2	1
代	2	1
标	2	1
编	2	1
网	2	1
万	2	1
返回	2	2
器	2	1
所	2	1
内	2	1
体	2	1
通	2	1
商	2	1
化	2	1
保	2	1
使	2	1
次	2	1
参数	2	2
查	2	1
部	2	1
和	2	1
于	2	1
公	2	1
円	2	1
空	2	1
请求	2	2
管	2	1
主	2	1
天	2	1
正	2	1
意	2	1
送	2	1
已	2	1
结	2	1
使用	2	2
段	2	1
计	2	1
時	2	1
交	2	1
系	2	1
电	2	1
未	2	1
程	2	1
常	2	1
条	2	1
合	2	1
方法	2	2
实	2	1
版	2	1
获取	2	2
同	2	1
业	2	1
集	2	1
报	2	1
無	2	1
添加	2	2
制	2	1
设置	2	2
支	2	1
日期	2	2
长	2	1
商品	2	2
路	2	1
完	2	1
则	2	1
现	2	1
京	2	1
限	2	1
力	2	1
存在	2	2
创建	2	2
学	2	1
外	2	1
项	2	1
工	2	1
笑	2	1
任	2	1
相	2	1
微	2	1
联	2	1
平	2	1
解	2	1
等	2	1
得	2	1
更新	2	2
收	2	1
安	2	1
选择	2	2
命	2	1
应	2	1
为空	2	2
资	2	1
查询	2	2
布	2	1
原	2	1
知	2	1
监听	2	2
物	2	1
不能	2	2
放	2	1
经	2	1
之	2	1
台	2	1
配	2	1
共	2	1
连	2	1
海	2	1
开始	2	2
至	2	1
黑	2	1
编辑	2	2
影	2	1
话	2	1
美	2	1
女	2	1
山	2	1
手机	2	2
南	2	1
必	2	1
中国	2	2
城	2	1
近	2	1
利	2	1
移	2	1
总	2	1
首	2	1
社	2	1
注意	2	2
西	2	1
先	2	1
周期	2	2
指	2	1
四	2	1
生命	2	2
是否	2	2
司	2	1
客	2	1
特	2	1
非	2	1
省	2	1
输出	2	2
包	2	1
东	2	1
北京	2	2
江	2	1
科	2	1
民	2	1
声	2	1
男	2	1
设计	2	2
族	2	1
站	2	1
超	2	1
起	2	1
米	2	1
引	2	1
点击	2	2
直	2	1
公司	2	2
可以	2	2
参	2	1
基	2	1
政	2	1
雅黑	2	2
五	2	1
打	2	1
活	2	1
该	2	1
初始化	2	3
言	2	1
购	2	1
星	2	1
考	2	1
投	2	1
立	2	1
清	2	1
没有	2	2
控	2	1
广	2	1
及	2	1
文章	2	2
技	2	1
少	2	1
英	2	1
推	2	1
初	2	1
私	2	1
去	2	1
华	2	1
问题	2	2
张	2	1
再	2	1
真	2	1
流	2	1
给	2	1
详情	2	2
样	2	1
其中	2	2
万元	2	2
同时	2	2
無料	2	2
老	2	1
其他	2	2
自治	2	2
気	2	1
十	2	1
身	2	1
专	2	1
自动	2	2
价格	2	2
还	2	1
预	2	1
送料	2	2
教	2	1
世	2	1
田	2	1
國	2	1
業	2	1
神	2	1
為	2	1
太	2	1
光	2	1
校	2	1
機	2	1
王	2	1
長	2	1
克	2	1
德	2	1
亚	2	1
受	2	1
川	2	1
電	2	1
學	2	1
研	2	1
東	2	1
白	2	1
車	2	1
住	2	1
官	2	1
精	2	1
自己	2	2
林	2	1
把	2	1
花	2	1
各	2	1
野	2	1
博	2	1
马	2	1
現	2	1
快	2	1
八	2	1
演	2	1
食	2	1
石	2	1
股	2	1
古	2	1
世界	2	2
選	2	1
卡	2	1
百	2	1
香	2	1
根	2	1
便	2	1
結	2	1
深	2	1
福	2	1
彼	2	1
免	2	1
六	2	1
發	2	1
九	2	1
就是	2	2
防	2	1
河	2	1
医	2	1
半	2	1
青	2	1
它	2	1
朝	2	1
七	2	1
爱	2	1
対	2	1
良	2	1
駅	2	1
云	2	1
伊	2	1
阿	2	1
普	2	1
千	2	1
巴	2	1
武	2	1
馬	2	1
這	2	1
答	2	1
愛	2	1
第一	2	2
知道	2	2
春	2	1
風	2	1
这样	2	2
招	2	1
松	2	1
因为	2	2
吉	2	1
他们	2	2
故	2	1
留	2	1
変	2	1
編	2	1
李	2	1
双	2	1
欧	2	1
攻	2	1
投稿	2	2
製	2	1
所以	2	2
夏	2	1
永	2	1
黄	2	1
並	2	1
却	2	1
现在	2	2
楽	2	1
富	2	1
亚洲	2	2
網	2	1
歩	2	1
藤	2	1
奥	2	1
时候	2	2
張	2	1
名前	2	2
湖	2	1
词	2	1
情况	2	2
第二	2	2
佐	2	1
国家	2	2
宮	2	1
佛	2	1
応	2	1
玩	2	1
句	2	1
地方	2	2
灣	2	1
另	2	1
科技	2	2
行政	2	2
观看	2	2
铁	2	1
不同	2	2
撃	2	1
秋	2	1
説	2	1
録	2	1
会社	2	2
丶	2	1
係	2	1
一般	2	2
萬	2	1
因此	2	2
然后	2	2
美国	2	2
赤	2	1
鉄	2	1
以及	2	2
第三	2	2
香港	2	2
曜	2	1
普通	2	2
參	2	1
股份	2	2
上海	2	2
万円	2	2
流量	2	2
覧	2	1
東京	2	2
平方	2	2
英语	2	2
菲	2	1
陈	2	1
澳	2	1
声音	2	2
刘	2	1
国产	2	2
詳細	2	2
但是	2	2
存于	2	2
出品	2	2
蜘蛛	2	2
平成	2	2
販	2	1
「	2	1
神马	2	2
徒歩	2	2
事情	2	2
昭和	2	2
欧美	2	2
韓	2	1
晴	2	1
大阪	2	2
引用	2	2
摘要	2	2
曰	2	1
菲律宾	2	3
陳	2	1
択	2	1
“	2	1
参考	2	2
频次	2	2
网刊	2	2
据	1	1
码	1	1
功	1	1
户	1	1
间	1	1
页	1	1
失	1	1
除	1	1
败	1	1
置	1	1
失败	1	2
息	1	1
改	1	1
录	1	1
型	1	1
县	1	1
存	1	1
称	1	1
值	1	1
例	1	1
始	1	1
载	1	1
信息	1	2
密	1	1
果	1	1
错	1	1
认	1	1
误	1	1
名称	1	2
选	1	1
求	1	1
列	1	1
类型	1	2
务	1	1
序	1	1
错误	1	2
消	1	1
否	1	1
机	1	1
量	1	1
函数	1	2
密码	1	2
证	1	1
题	1	1
确	1	1
午	1	1
片	1	1
态	1	1
登录	1	2
容	1	1
源	1	1
过	1	1
询	1	1
符	1	1
管理	1	2
口	1	1
车	1	1
组	1	1
操作	1	2
址	1	1
记	1	1
权	1	1
进	1	1
试	1	1
验	1	1
料	1	1
传	1	1
述	1	1
员	1	1
服	1	1
线	1	1
内容	1	2
状态	1	2
列表	1	2
处	1	1
章	1	1
库	1	1
提示	1	2
付	1	1
秒	1	1
图片	1	2
代码	1	2
象	1	1
地址	1	2
保存	1	2
转	1	1
辑	1	1
调	1	1
服务	1	2
字符	1	2
监	1	1
验证	1	2
册	1	1
增	1	1
听	1	1
价	1	1
取消	1	2
藏	1	1
订单	1	2
索	1	1
产	1	1
表示	1	2
串	1	1
级	1	1
上传	1	2
击	1	1
亿	1	1
描述	1	2
模	1	1
显示	1	2
州	1	1
处理	1	2
画	1	1
统	1	1
所有	1	2
节	1	1
退	1	1
間	1	1
问	1	1
备	1	1
下午	1	2
作者	1	2
视	1	1
读	1	1
告	1	1
事件	1	2
需	1	1
复	1	1
闭	1	1
加载	1	2
用户名	1	3
结果	1	2
效	1	1
按	1	1
排	1	1
記	1	1
标题	1	2
完成	1	2
确定	1	2
然	1	1
键	1	1
额	1	1
写	1	1
注册	1	2
签	1	1
别	1	1
异	1	1
束	1	1
生命周期	1	4
链	1	1
评	1	1
整	1	1
断	1	1
角	1	1
周期函数	1	4
连接	1	2
消息	1	2
软	1	1
头	1	1
对象	1	2
邮	1	1
义	1	1
步	1	1
门	1	1
导	1	1
右	1	1
频	1	1
像	1	1
记录	1	2
造	1	1
姓名	1	2
说明	1	2
字符串	1	3
径	1	1
详	1	1
验证码	1	3
通过	1	2
论	1	1
当前	1	2
络	1	1
款	1	1
支付	1	2
启	1	1
填	1	1
格式	1	2
释	1	1
持	1	1
向	1	1
算	1	1
份	1	1
责	1	1
数组	1	2
治	1	1
重新	1	2
分类	1	2
以上	1	2
异常	1	2
没	1	1
県	1	1
雅	1	1
版本	1	2
换	1	1
核	1	1
素	1	1
网络	1	2
店	1	1
隐藏	1	2
享	1	1
进行	1	2
提交	1	2
发送	1	2
联系	1	2
拉	1	1
系统	1	2
编号	1	2
语	1	1
宋	1	1
箱	1	1
项目	1	2
变	1	1
場	1	1
待	1	1
程序	1	2
规	1	1
数据库	1	3
软雅黑	1	3
排序	1	2
介	1	1
关闭	1	2
钟	1	1
执行	1	2
审	1	1
单位	1	2
手机号	1	3
微软	1	2
播	1	1
方式	1	2
条件	1	2
記事	1	2
展	1	1
钮	1	1
具	1	1
路径	1	2
退出	1	2
宋体	1	2
志	1	1
两	1	1
例如	1	2
左	1	1
构	1	1
報	1	1
球	1	1
相关	1	2
端	1	1
搜索	1	2
属性	1	2
们	1	1
金额	1	2
账	1	1
费	1	1
示例	1	2
结束	1	2
案	1	1
确认	1	2
历	1	1
計	1	1
止	1	1
么	1	1
货	1	1
测试	1	2
数量	1	2
位置	1	2
時間	1	2
阳	1	1
队	1	1
场	1	1
链接	1	2
数字	1	2
声明	1	2
形	1	1
产品	1	2
稿	1	1
游	1	1
亿元	1	2
分钟	1	2
供	1	1
税	1	1
按钮	1	2
需要	1	2
全部	1	2
景	1	1
资源	1	2
评论	1	2
配置	1	2
話	1	1
番	1	1
报道	1	2
环	1	1
种	1	1
易	1	1
视频	1	2
可能	1	2
文字	1	2
板	1	1
以下	1	2
电话	1	2
連	1	1
有效	1	2
今年	1	2
余	1	1
任务	1	2
见	1	1
正确	1	2
服务器	1	3
来源	1	2
局	1	1
优	1	1
书	1	1
一页	1	2
发布	1	2
思	1	1
見	1	1
動	1	1
运	1	1
审核	1	2
权限	1	2
定义	1	2
销	1	1
岁	1	1
大小	1	2
找	1	1
节点	1	2
小时	1	2
分享	1	2
稍	1	1
达	1	1
邮箱	1	2
新增	1	2
院	1	1
约	1	1
速	1	1
停	1	1
反	1	1
票	1	1
含	1	1
率	1	1
汽	1	1
管理员	1	3
歳	1	1
议	1	1
雷	1	1
正在	1	2
些	1	1
界	1	1
陆	1	1
备注	1	2
倍	1	1
読	1	1
检	1	1
析	1	1
企	1	1
友	1	1
”	1	1
简	1	1
問	1	1
功能	1	2
长度	1	2
装	1	1
感	1	1
哈	1	1
尔	1	1
着	1	1
斯	1	1
想	1	1
士	1	1
什	1	1
很	1	1
村	1	1
育	1	1
久	1	1
會	1	1
夫	1	1
線	1	1
己	1	1
究	1	1
房	1	1
气	1	1
走	1	1
語	1	1
書	1	1
做	1	1
乐	1	1
才	1	1
工作	1	2
設	1	1
术	1	1
員	1	1
有限	1	2
吧	1	1
室	1	1
研究	1	2
史	1	1
屋	1	1
师	1	1
死	1	1
大学	1	2
戦	1	1
魔	1	1
島	1	1
府	1	1
著	1	1
眼	1	1
切	1	1
洲	1	1
战	1	1
足	1	1
務	1	1
申	1	1
與	1	1
町	1	1
照	1	1
施	1	1
落	1	1
來	1	1
卷	1	1
區	1	1
吗	1	1
委	1	1
資	1	1
风	1	1
助	1	1
進	1	1
低	1	1
過	1	1
望	1	1
儿	1	1
属	1	1
組	1	1
办	1	1
强	1	1
材	1	1
观	1	1
別	1	1
曲	1	1
夜	1	1
彩	1	1
准	1	1
怎	1	1
実	1	1
港	1	1
边	1	1
状	1	1
尼	1	1
病	1	1
域	1	1
軍	1	1
境	1	1
令	1	1
候	1	1
赛	1	1
座	1	1
这个	1	2
军	1	1
觉	1	1
带	1	1
約	1	1
不是	1	2
波	1	1
奇	1	1
质	1	1
門	1	1
母	1	1
運	1	1
且	1	1
様	1	1
早	1	1
味	1	1
酒	1	1
頭	1	1
予	1	1
决	1	1
井	1	1
依	1	1
視	1	1
術	1	1
工程	1	2
干	1	1
律	1	1
達	1	1
职	1	1
维	1	1
越	1	1
種	1	1
况	1	1
测	1	1
跟	1	1
體	1	1
經	1	1
际	1	1
居	1	1
罗	1	1
几	1	1
強	1	1
返	1	1
往	1	1
數	1	1
怎么	1	2
牌	1	1
创	1	1
丁	1	1
歌	1	1
勝	1	1
級	1	1
對	1	1
般	1	1
群	1	1
中心	1	2
差	1	1
印	1	1
售	1	1
教育	1	2
細	1	1
似	1	1
旅	1	1
营	1	1
龙	1	1
希	1	1
团	1	1
兵	1	1
范	1	1
血	1	1
党	1	1
題	1	1
甲	1	1
父	1	1
堂	1	1
館	1	1
込	1	1
隊	1	1
划	1	1
学校	1	2
義	1	1
突	1	1
呢	1	1
師	1	1
热	1	1
念	1	1
班	1	1
優	1	1
戏	1	1
镇	1	1
生活	1	2
聞	1	1
決	1	1
園	1	1
技术	1	2
害	1	1
郎	1	1
已经	1	2
人民	1	2
宝	1	1
認	1	1
航	1	1
油	1	1
議	1	1
類	1	1
街	1	1
离	1	1
底	1	1
温	1	1
谷	1	1
追	1	1
調	1	1
備	1	1
许	1	1
提供	1	2
康	1	1
喜	1	1
爾	1	1
警	1	1
护	1	1
際	1	1
降	1	1
承	1	1
急	1	1
衣	1	1
升	1	1
葉	1	1
背	1	1
產	1	1
察	1	1
兰	1	1
內	1	1
难	1	1
破	1	1
統	1	1
確	1	1
華	1	1
续	1	1
政府	1	2
策	1	1
企业	1	2
號	1	1
领	1	1
論	1	1
致	1	1
均	1	1
吃	1	1
質	1	1
健	1	1
草	1	1
要求	1	2
呼	1	1
雄	1	1
季	1	1
席	1	1
沙	1	1
习	1	1
识	1	1
先生	1	2
采	1	1
红	1	1
叫	1	1
俺	1	1
森	1	1
满	1	1
免费	1	2
智	1	1
部分	1	2
托	1	1
安全	1	2
亲	1	1
氏	1	1
關	1	1
拍	1	1
主要	1	2
益	1	1
威	1	1
典	1	1
显	1	1
皇	1	1
基金	1	2
射	1	1
派	1	1
露	1	1
休	1	1
雪	1	1
終	1	1
哥	1	1
游戏	1	2
顔	1	1
毛	1	1
略	1	1
较	1	1
充	1	1
批	1	1
响	1	1
终	1	1
皮	1	1
围	1	1
奖	1	1
標	1	1
項	1	1
体育	1	2
细	1	1
倒	1	1
孩	1	1
亞	1	1
規	1	1
判	1	1
拿	1	1
附	1	1
独	1	1
融	1	1
势	1	1
姐	1	1
試	1	1
出来	1	2
階	1	1
争	1	1
斗	1	1
操	1	1
冷	1	1
园	1	1
刻	1	1
极	1	1
帝	1	1
守	1	1
起来	1	2
玉	1	1
随	1	1
哪	1	1
买	1	1
轻	1	1
压	1	1
社会	1	2
兴	1	1
秀	1	1
发展	1	2
档	1	1
激	1	1
远	1	1
还是	1	2
券	1	1
続	1	1
們	1	1
說	1	1
實	1	1
點	1	1
岡	1	1
静	1	1
获	1	1
婚	1	1
网站	1	2
費	1	1
洋	1	1
構	1	1
学院	1	2
央	1	1
映	1	1
互	1	1
险	1	1
塔	1	1
平台	1	2
幸	1	1
産	1	1
護	1	1
担	1	1
仕	1	1
橋	1	1
能力	1	2
套	1	1
文化	1	2
乎	1	1
善	1	1
分析	1	2
経	1	1
奈	1	1
济	1	1
纳	1	1
離	1	1
幕	1	1
曾	1	1
层	1	1
短	1	1
君	1	1
船	1	1
银	1	1
楼	1	1
代表	1	2
宗	1	1
学生	1	2
津	1	1
览	1	1
莉	1	1
积	1	1
親	1	1
當	1	1
探	1	1
综合	1	2
圖	1	1
雨	1	1
賽	1	1
將	1	1
脸	1	1
织	1	1
導	1	1
阅	1	1
苏	1	1
應	1	1
这种	1	2
括	1	1
崎	1	1
妹	1	1
久久	1	2
财	1	1
负	1	1
作品	1	2
课	1	1
副	1	1
末	1	1
督	1	1
农	1	1
伯	1	1
这么	1	2
协	1	1
肉	1	1
振	1	1
庫	1	1
假	1	1
钱	1	1
載	1	1
佳	1	1
晚	1	1
授	1	1
架	1	1
郡	1	1
飞	1	1
虽	1	1
苦	1	1
吸	1	1
封	1	1
準	1	1
彡	1	1
怪	1	1
宣	1	1
態	1	1
专业	1	2
尾	1	1
職	1	1
块	1	1
众	1	1
散	1	1
樂	1	1
刚	1	1
培	1	1
尽	1	1
縣	1	1
娘	1	1
应该	1	2
礼	1	1
这里	1	2
国际	1	2
固	1	1
某	1	1
药	1	1
卫	1	1
液	1	1
刊	1	1
買	1	1
重要	1	2
價	1	1
养	1	1
役	1	1
利用	1	2
恩	1	1
疑	1	1
不会	1	2
泰	1	1
節	1	1
場合	1	2
革	1	1
盟	1	1
坐	1	1
娱乐	1	2
飛	1	1
紀	1	1
陽	1	1
單	1	1
舞	1	1
氣	1	1
执	1	1
洛	1	1
床	1	1
丽	1	1
官网	1	2
脚	1	1
戰	1	1
宁	1	1
混	1	1
概	1	1
熱	1	1
的话	1	2
池	1	1
庭	1	1
亮	1	1
非常	1	2
違	1	1
欢	1	1
完全	1	2
餐	1	1
伝	1	1
專	1	1
建设	1	2
殺	1	1
救	1	1
馆	1	1
麻	1	1
聯	1	1
茶	1	1
銀	1	1
情報	1	2
纪	1	1
株	1	1
讲	1	1
菜	1	1
厂	1	1
染	1	1
乡	1	1
瑞	1	1
乱	1	1
広	1	1
灵	1	1
市场	1	2
个人	1	2
艺	1	1
投资	1	2
材料	1	2
抗	1	1
羅	1	1
賞	1	1
寄	1	1
科学	1	2
包括	1	2
币	1	1
弟	1	1
猫	1	1
须	1	1
転	1	1
納	1	1
举	1	1
阪	1	1
環	1	1
塞	1	1
禁	1	1
障	1	1
丝	1	1
寺	1	1
适	1	1
筑	1	1
衛	1	1
人员	1	2
酸	1	1
残	1	1
迪	1	1
抱	1	1
則	1	1
痛	1	1
団	1	1
蘭	1	1
控制	1	2
穿	1	1
够	1	1
梅	1	1
紧	1	1
借	1	1
習	1	1
活动	1	2
基本	1	2
劇	1	1
勒	1	1
領	1	1
觉得	1	2
龍	1	1
这些	1	2
罪	1	1
一样	1	2
绝	1	1
伤	1	1
籍	1	1
汉	1	1
脑	1	1
虽然	1	2
測	1	1
耳	1	1
折	1	1
積	1	1
杀	1	1
瓦	1	1
中文	1	2
方面	1	2
異	1	1
洗	1	1
占	1	1
京都	1	2
爆	1	1
透	1	1
竞	1	1
盘	1	1
之后	1	2
或者	1	2
途	1	1
協	1	1
为了	1	2
牛	1	1
泉	1	1
裝	1	1
換	1	1
交通	1	2
總	1	1
戸	1	1
御	1	1
復	1	1
巨	1	1
谢	1	1
顶	1	1
经济	1	2
悪	1	1
暗	1	1
迎	1	1
毒	1	1
植	1	1
支持	1	2
娜	1	1
購	1	1
横	1	1
維	1	1
必要	1	2
姆	1	1
地区	1	2
秘	1	1
杯	1	1
宿	1	1
冠	1	1
一起	1	2
妻	1	1
請	1	1
處	1	1
延	1	1
叶	1	1
设备	1	2
傳	1	1
況	1	1
犯	1	1
識	1	1
稱	1	1
惠	1	1
童	1	1
如何	1	2
大家	1	2
適	1	1
中央	1	2
择	1	1
帮	1	1
迷	1	1
彼女	1	2
尚	1	1
盛	1	1
直接	1	2
械	1	1
系列	1	2
距	1	1
額	1	1
療	1	1
伦	1	1
朗	1	1
資料	1	2
任何	1	2
生产	1	2
征	1	1
三三三三	1	4
城市	1	2
聘	1	1
枚	1	1
刀	1	1
应用	1	2
隆	1	1
問題	1	2
漫	1	1
训	1	1
該	1	1
仁	1	1
自然	1	2
危	1	1
继	1	1
计划	1	2
遊	1	1
恐	1	1
兩	1	1
严	1	1
孩子	1	2
熟	1	1
朋	1	1
還	1	1
指定	1	2
影响	1	2
創	1	1
興	1	1
触	1	1
发现	1	2
邦	1	1
韩	1	1
牙	1	1
出版	1	2
替	1	1
放送	1	2
州市	1	2
不可	1	2
届	1	1
負	1	1
宾	1	1
亡	1	1
电影	1	2
許	1	1
慢	1	1
総	1	1
從	1	1
诺	1	1
贝	1	1
遇	1	1
组织	1	2
逃	1	1
勢	1	1
发生	1	2
钢	1	1
机构	1	2
唱	1	1
骨	1	1
公里	1	2
伸	1	1
仙	1	1
冲	1	1
宇	1	1
疗	1	1
両	1	1
團	1	1
莫	1	1
闻	1	1
胜	1	1
収	1	1
嘉	1	1
援	1	1
描	1	1
厅	1	1
零	1	1
尺	1	1
那个	1	2
关系	1	2
参加	1	2
條	1	1
顺	1	1
旧	1	1
诉	1	1
響	1	1
証	1	1
錄	1	1
看到	1	2
宅	1	1
側	1	1
开发	1	2
精品	1	2
仅	1	1
昭	1	1
押	1	1
監	1	1
壁	1	1
兄	1	1
震	1	1
靠	1	1
二十	1	2
旗	1	1
刺	1	1
甚	1	1
如此	1	2
順	1	1
困	1	1
酒店	1	2
乗	1	1
东西	1	2
希望	1	2
临	1	1
报告	1	2
硬	1	1
既	1	1
摩	1	1
汽车	1	2
丹	1	1
今日	1	2
环境	1	2
遠	1	1
岛	1	1
仍	1	1
无法	1	2
浦	1	1
甘	1	1
脱	1	1
熊	1	1
沒	1	1
啦	1	1
暴	1	1
具有	1	2
峰	1	1
谈	1	1
給	1	1
补	1	1
树	1	1
貸	1	1
庆	1	1
根据	1	2
變	1	1
愿	1	1
最新	1	2
跑	1	1
聖	1	1
标准	1	2
姿	1	1
默	1	1
网址	1	2
竟	1	1
两个	1	2
共和	1	2
怕	1	1
政治	1	2
證	1	1
剧	1	1
年度	1	2
袋	1	1
単	1	1
莱	1	1
廣	1	1
今天	1	2
粉	1	1
蒙	1	1
毕	1	1
圣	1	1
渡	1	1
亦	1	1
極	1	1
趣	1	1
鲁	1	1
身体	1	2
割	1	1
帖	1	1
幅	1	1
陸	1	1
交易	1	2
沉	1	1
电子	1	2
避	1	1
烈	1	1
難	1	1
掉	1	1
料無料	1	3
胸	1	1
规定	1	2
乙	1	1
浮	1	1
少女	1	2
験	1	1
鬼	1	1
黒	1	1
聚	1	1
一下	1	2
獎	1	1
媒	1	1
週	1	1
小姐	1	2
沢	1	1
真的	1	2
寸	1	1
作为	1	2
灯	1	1
冰	1	1
樹	1	1
昌	1	1
岩	1	1
朱	1	1
岸	1	1
一定	1	2
只是	1	2
学习	1	2
女性	1	2
晶	1	1
软件	1	2
那么	1	2
乳	1	1
轉	1	1
羽	1	1
症	1	1
一次	1	2
最高	1	2
妈	1	1
済	1	1
伙	1	1
荷	1	1
翻	1	1
図	1	1
欲	1	1
祖	1	1
幻	1	1
握	1	1
開始	1	2
蛋	1	1
課	1	1
减	1	1
患	1	1
阳城	1	2
函	1	1
全国	1	2
租	1	1
自由	1	2
朋友	1	2
笔	1	1
検	1	1
談	1	1
貴	1	1
項目	1	2
篇	1	1
織	1	1
艦	1	1
彩票	1	2
关于	1	2
跳	1	1
责任	1	2
出现	1	2
恋	1	1
辦	1	1
大學	1	2
補	1	1
訊	1	1
忙	1	1
屬	1	1
你们	1	2
实现	1	2
生物	1	2
之前	1	2
皆	1	1
鱼	1	1
技術	1	2
建筑	1	2
必须	1	2
敏	1	1
営	1	1
贵	1	1
方向	1	2
伴	1	1
碰	1	1
轮	1	1
虎	1	1
最后	1	2
仪	1	1
較	1	1
弱	1	1
竹	1	1
庄	1	1
豪	1	1
圳	1	1
说道	1	2
擊	1	1
艾	1	1
大会	1	2
计算	1	2
合作	1	2
服務	1	2
最大	1	2
魔法	1	2
畫	1	1
认为	1	2
楚	1	1
活動	1	2
僕	1	1
摘	1	1
法律	1	2
年代	1	2
忠	1	1
勇	1	1
部门	1	2
帰	1	1
谁	1	1
估	1	1
岗	1	1
献	1	1
胞	1	1
坏	1	1
惊	1	1
權	1	1
窗	1	1
樣	1	1
現在	1	2
値	1	1
订	1	1
権	1	1
讯	1	1
唐	1	1
蒂	1	1
願	1	1
満	1	1
练	1	1
础	1	1
瞬	1	1
当然	1	2
獲	1	1
財	1	1
言葉	1	2
过程	1	2
涨	1	1
珠	1	1
帶	1	1
忘	1	1
一直	1	2
表情	1	2
成为	1	2
卖	1	1
貨	1	1
访	1	1
冒	1	1
紙	1	1
簡	1	1
肯	1	1
湾	1	1
誰	1	1
申请	1	2
俊	1	1
覚	1	1
宫	1	1
方案	1	2
宜	1	1
进入	1	2
曼	1	1
厚	1	1
巻	1	1
银行	1	2
讨	1	1
査	1	1
只有	1	2
很多	1	2
紅	1	1
剑	1	1
妇	1	1
预览	1	2
官方	1	2
速度	1	2
人口	1	2
劳	1	1
促	1	1
署	1	1
精神	1	2
詞	1	1
恶	1	1
插	1	1
睡	1	1
時代	1	2
偷	1	1
責	1	1
稳	1	1
目的	1	2
顿	1	1
顾	1	1
旁	1	1
为什么	1	3
目前	1	2
俄	1	1
棋	1	1
乃	1	1
幼	1	1
搭	1	1
作用	1	2
耶	1	1
殿	1	1
纸	1	1
刑	1	1
增加	1	2
缺	1	1
洞	1	1
程度	1	2
盖	1	1
桥	1	1
腹	1	1
丈	1	1
共和国	1	3
行业	1	2
负责	1	2
爵	1	1
原因	1	2
阵	1	1
設計	1	2
这一	1	2
耐	1	1
可是	1	2
梦	1	1
蛛	1	1
嘴	1	1
不要	1	2
抜	1	1
政策	1	2
催	1	1
比较	1	2
结构	1	2
臣	1	1
敗	1	1
埃	1	1
保护	1	2
感觉	1	2
代理	1	2
获得	1	2
委员	1	2
无码	1	2
浜	1	1
丁目	1	2
少年	1	2
養	1	1
健康	1	2
築	1	1
似乎	1	2
輪	1	1
聲	1	1
人物	1	2
營	1	1
阶	1	1
历史	1	2
丸	1	1
結果	1	2
有关	1	2
萨	1	1
决定	1	2
唯	1	1
滑	1	1
之间	1	2
冬	1	1
尊	1	1
怒	1	1
忍	1	1
預	1	1
交流	1	2
隔	1	1
仲	1	1
夢	1	1
基础	1	2
一些	1	2
得到	1	2
集团	1	2
汇	1	1
回答	1	2
丰	1	1
下来	1	2
资料	1	2
潮	1	1
突然	1	2
都市	1	2
理解	1	2
能够	1	2
添	1	1
还有	1	2
业务	1	2
倉	1	1
層	1	1
炎	1	1
飯	1	1
麼	1	1
據	1	1
觀	1	1
女子	1	2
十二	1	2
挑	1	1
客户	1	2
浪	1	1
確認	1	2
祝	1	1
歴	1	1
観	1	1
兼	1	1
模式	1	2
傷	1	1
杂	1	1
坚	1	1
运动	1	2
绩	1	1
緒	1	1
怀	1	1
競	1	1
制度	1	2
敬	1	1
講	1	1
専	1	1
拟	1	1
委員	1	2
逐	1	1
十分	1	2
通知	1	2
農	1	1
吹	1	1
企業	1	2
麦	1	1
外部	1	2
盤	1	1
安装	1	2
減	1	1
巧	1	1
殊	1	1
人間	1	2
之一	1	2
輯	1	1
用于	1	2
刷	1	1
堡	1	1
阻	1	1
一個	1	2
资产	1	2
继续	1	2
意思	1	2
睛	1	1
英語	1	2
掌	1	1
理由	1	2
证券	1	2
医院	1	2
建立	1	2
了解	1	2
跌	1	1
工具	1	2
劃	1	1
勤	1	1
金融	1	2
绿	1	1
敵	1	1
航空	1	2
系統	1	2
麗	1	1
狂	1	1
兒	1	1
喜欢	1	2
驗	1	1
齐	1	1
玄	1	1
讓	1	1
召	1	1
聊	1	1
部屋	1	2
制作	1	2
董	1	1
中國	1	2
合同	1	2
遭	1	1
绍	1	1
这是	1	2
燃	1	1
过去	1	2
賀	1	1
屏	1	1
解决	1	2
胡	1	1
裁	1	1
戻	1	1
肩	1	1
公告	1	2
办法	1	2
损	1	1
爷	1	1
偶	1	1
寶	1	1
弹	1	1
归	1	1
疫	1	1
雙	1	1
増	1	1
醫	1	1
净	1	1
慧	1	1
拜	1	1
质量	1	2
取得	1	2
毫	1	1
銀行	1	2
辺	1	1
辛	1	1
輸	1	1
捕	1	1
教学	1	2
画像	1	2
多少	1	2
储	1	1
平均	1	2
荐	1	1
柔	1	1
乂	1	1
乘	1	1
违	1	1
飲	1	1
杰	1	1
續	1	1
選手	1	2
帯	1	1
魚	1	1
形成	1	2
嫌	1	1
针	1	1
戶	1	1
詩	1	1
蓝	1	1
呀	1	1
惑	1	1
鐵	1	1
遺	1	1
腰	1	1
范围	1	2
虚	1	1
缓	1	1
練	1	1
甚至	1	2
意味	1	2
祭	1	1
裡	1	1
啪	1	1
妙	1	1
偏	1	1
喔	1	1
译	1	1
特別	1	2
努	1	1
紹	1	1
接受	1	2
坂	1	1
主义	1	2
债	1	1
自動	1	2
挥	1	1
菌	1	1
形式	1	2
膜	1	1
宏	1	1
会议	1	2
有人	1	2
不得	1	2
婷	1	1
实际	1	2
孔	1	1
掛	1	1
醒	1	1
提高	1	2
淡	1	1
薦	1	1
桃	1	1
絶	1	1
眼睛	1	2
鹿	1	1
饰	1	1
漢	1	1
頂	1	1
同時	1	2
杨	1	1
哲	1	1
准备	1	2
累	1	1
机械	1	2
污	1	1
執	1	1
誌	1	1
剂	1	1
侧	1	1
姓	1	1
追加	1	2
須	1	1
成立	1	2
雲	1	1
藝	1	1
坦	1	1
弗	1	1
圈	1	1
一步	1	2
薄	1	1
栏	1	1
場所	1	2
純	1	1
美國	1	2
嗯	1	1
悲	1	1
匹	1	1
囲	1	1
老师	1	2
职业	1	2
抓	1	1
喝	1	1
奏	1	1
巡	1	1
有些	1	2
出售	1	2
由于	1	2
幹	1	1
泽	1	1
行为	1	2
疾	1	1
卓	1	1
教师	1	2
鎮	1	1
寻	1	1
績	1	1
新聞	1	2
歷	1	1
而且	1	2
产生	1	2
札	1	1
悠	1	1
敌	1	1
那些	1	2
黨	1	1
不到	1	2
拥	1	1
受到	1	2
児	1	1
二二二二	1	4
抽	1	1
坛	1	1
直播	1	2
知识	1	2
附近	1	2
裕	1	1
十一	1	2
浩	1	1
遗	1	1
設定	1	2
沒有	1	2
律宾	1	2
销售	1	2
進行	1	2
以外	1	2
鳥	1	1
然而	1	2
敢	1	1
工业	1	2
挂	1	1
真是	1	2
邊	1	1
诗	1	1
截	1	1
水平	1	2
抵	1	1
措	1	1
筆	1	1
教授	1	2
逆	1	1
自身	1	2
荣	1	1
化学	1	2
訂	1	1
舍	1	1
镜	1	1
造成	1	2
土地	1	2
按照	1	2
坪	1	1
通常	1	2
写真	1	2
加工	1	2
裂	1	1
太阳城	1	3
经验	1	2
播放	1	2
隐	1	1
処	1	1
樓	1	1
険	1	1
品牌	1	2
絡	1	1
魂	1	1
来说	1	2
好像	1	2
饭	1	1
咲	1	1
肥	1	1
頁	1	1
豆	1	1
贴	1	1
期間	1	2
对于	1	2
运行	1	2
培训	1	2
道路	1	2
高清	1	2
爸	1	1
感到	1	2
桌	1	1
舉	1	1
台灣	1	2
軽	1	1
足球	1	2
一点	1	2
影響	1	2
以前	1	2
電話	1	2
梁	1	1
腕	1	1
棒	1	1
運動	1	2
彦	1	1
国内	1	2
植物	1	2
薬	1	1
歲	1	1
第四	1	2
磁	1	1
本当	1	2
社区	1	2
乌	1	1
環境	1	2
紫	1	1
狗	1	1
寿	1	1
斯特	1	2
壓	1	1
戴	1	1
妖	1	1
糖	1	1
迫	1	1
目标	1	2
故事	1	2
覆	1	1
旋	1	1
伏	1	1
招聘	1	2
杜	1	1
鼓	1	1
奴	1	1
正式	1	2
高校	1	2
訳	1	1
太郎	1	2
高等	1	2
寒	1	1
采用	1	2
鏡	1	1
溪	1	1
黃	1	1
全球	1	2
圍	1	1
芸	1	1
介绍	1	2
飾	1	1
摇	1	1
用品	1	2
泊	1	1
審	1	1
圆	1	1
產品	1	2
仕事	1	2
烟	1	1
珍	1	1
市場	1	2
億	1	1
頼	1	1
涉	1	1
侵	1	1
溫	1	1
沿	1	1
家庭	1	2
特别	1	2
孝	1	1
智能	1	2
产业	1	2
加入	1	2
办公	1	2
慶	1	1
繁	1	1
锋	1	1
委员会	1	3
成人	1	2
公开	1	2
裏	1	1
告诉	1	2
琴	1	1
阴	1	1
宽	1	1
討	1	1
焦	1	1
祥	1	1
经营	1	2
姑	1	1
徽	1	1
搜	1	1
传奇	1	2
罚	1	1
儀	1	1
命令	1	2
赫	1	1
昨	1	1
墙	1	1
凝	1	1
独立	1	2
吐	1	1
制造	1	2
磨	1	1
字幕	1	2
男子	1	2
虑	1	1
左右	1	2
提升	1	2
苗	1	1
頻	1	1
佩	1	1
荒	1	1
性能	1	2
纯	1	1
岗位	1	2
胎	1	1
事業	1	2
漏	1	1
缩	1	1
男人	1	2
人民共和国	1	5
公共	1	2
贸	1	1
保持	1	2
技能	1	2
推荐	1	2
增长	1	2
璃	1	1
空间	1	2
南省	1	2
奶	1	1
通信	1	2
咨	1	1
旅游	1	2
虫	1	1
凡	1	1
迅	1	1
玛	1	1
物理	1	2
考试	1	2
提出	1	2
哦	1	1
检查	1	2
数学	1	2
鼻	1	1
除了	1	2
夕	1	1
碼	1	1
柱	1	1
思想	1	2
捷	1	1
女人	1	2
牧	1	1
保障	1	2
具体	1	2
丘	1	1
謝	1	1
恒	1	1
鲜	1	1
实施	1	2
谱	1	1
猜	1	1
最近	1	2
莎	1	1
变化	1	2
採	1	1
暖	1	1
灰	1	1
浴	1	1
伟	1	1
瓶	1	1
婆	1	1
区域	1	2
食品	1	2
矿	1	1
根本	1	2
共同	1	2
筋	1	1
剣	1	1
潜	1	1
伍	1	1
騎	1	1
泥	1	1
蔵	1	1
翼	1	1
渐	1	1
海道	1	2
地域	1	2
弘	1	1
容易	1	2
狠	1	1
改革	1	2
徐	1	1
柳	1	1
符合	1	2
同步	1	2
驱	1	1
想要	1	2
範	1	1
深圳	1	2
黎	1	1
弾	1	1
限定	1	2
特殊	1	2
名字	1	2
頃	1	1
大人	1	2
领导	1	2
乾	1	1
芳	1	1
怖	1	1
洪	1	1
澤	1	1
豊	1	1
尖	1	1
墨	1	1
十三	1	2
懂	1	1
小说	1	2
摄	1	1
新闻	1	2
法院	1	2
摸	1	1
拓	1	1
中华	1	2
警察	1	2
美元	1	2
调查	1	2
扩	1	1
开展	1	2
励	1	1
大利	1	2
晓	1	1
公式	1	2
快速	1	2
國際	1	2
需求	1	2
冊	1	1
弄	1	1
润	1	1
坡	1	1
拔	1	1
许多	1	2
实验	1	2
鋼	1	1
递	1	1
倫	1	1
唇	1	1
最初	1	2
踏	1	1
想到	1	2
仿	1	1
效果	1	2
輝	1	1
募	1	1
闘	1	1
古屋	1	2
濟	1	1
玲	1	1
沃	1	1
公園	1	2
閉	1	1
过来	1	2
妮	1	1
简单	1	2
秦	1	1
相手	1	2
電視	1	2
戲	1	1
高速	1	2
相当	1	2
赶	1	1
肌	1	1
才能	1	2
语言	1	2
椅	1	1
调用	1	2
電子	1	2
訓	1	1
一种	1	2
龄	1	1
允	1	1
舒	1	1
一卷	1	2
人人	1	2
國家	1	2
施工	1	2
顯	1	1
明白	1	2
耗	1	1
诚	1	1
扣	1	1
發展	1	2
仔	1	1
報告	1	2
契	1	1
英文	1	2
各种	1	2
锁	1	1
沈	1	1
尤	1	1
継	1	1
諸	1	1
蘇	1	1
青年	1	2
幾	1	1
瀬	1	1
滿	1	1
映画	1	2
設備	1	2
眠	1	1
衡	1	1
烦	1	1
看着	1	2
骑	1	1
缘	1	1
烧	1	1
只要	1	2
隨	1	1
清楚	1	2
饮	1	1
旅行	1	2
吨	1	1
戒	1	1
姊	1	1
粒	1	1
侯	1	1
枪	1	1
现代	1	2
移动	1	2
包含	1	2
肖	1	1
禮	1	1
迹	1	1
塑	1	1
遍	1	1
检测	1	2
番組	1	2
优势	1	2
赢	1	1
收入	1	2
股东	1	2
診	1	1
集中	1	2
力量	1	2
入口	1	2
离开	1	2
氧	1	1
訪	1	1
机关	1	2
闪	1	1
砂	1	1
十六	1	2
拒	1	1
正常	1	2
十五	1	2
柄	1	1
枝	1	1
登場	1	2
推薦	1	2
未来	1	2
携	1	1
忽	1	1
廷	1	1
予約	1	2
一切	1	2
旦	1	1
吾	1	1
音乐	1	2
宙	1	1
兽	1	1
资格	1	2
理论	1	2
眾	1	1
業務	1	2
讀	1	1
寝	1	1
滅	1	1
超过	1	2
董事	1	2
街道	1	2
在线视频	1	4
鮮	1	1
陵	1	1
研究所	1	3
出版社	1	3
凯	1	1
位于	1	2
扱	1	1
比赛	1	2
榜	1	1
反应	1	2
公開	1	2
奉	1	1
民主	1	2
眉	1	1
丈夫	1	2
闲	1	1
辆	1	1
帕	1	1
辞	1	1
期间	1	2
寧	1	1
毎	1	1
棋牌	1	2
機能	1	2
坊	1	1
株式会社	1	4
弃	1	1
艺术	1	2
攻击	1	2
霍	1	1
脂	1	1
同学	1	2
房间	1	2
敷	1	1
俗	1	1
奧	1	1
梯	1	1
如下	1	2
民族	1	2
驚	1	1
柏	1	1
組織	1	2
扬	1	1
檢	1	1
电视	1	2
翔	1	1
价值	1	2
患者	1	2
资金	1	2
工業	1	2
现场	1	2
安排	1	2
敦	1	1
鄉	1	1
銷	1	1
洁	1	1
毕业	1	2
仰	1	1
狀	1	1
陶	1	1
开奖	1	2
规模	1	2
分别	1	2
重点	1	2
地下	1	2
圧	1	1
唯一	1	2
努力	1	2
咨询	1	2
猛	1	1
覺	1	1
状態	1	2
持续	1	2
主義	1	2
上涨	1	2
碎	1	1
博士	1	2
狐	1	1
死亡	1	2
絵	1	1
家族	1	2
天堂	1	2
溶	1	1
赵	1	1
凌	1	1
山市	1	2
腿	1	1
決定	1	2
徳	1	1
及其	1	2
狼	1	1
廠	1	1
行动	1	2
炸	1	1
有点	1	2
摆	1	1
鳴	1	1
雑	1	1
判断	1	2
蕉	1	1
应当	1	2
軟	1	1
計算	1	2
属于	1	2
只能	1	2
大量	1	2
驾	1	1
垂	1	1
寫	1	1
芝	1	1
身上	1	2
相信	1	2
恵	1	1
文学	1	2
病院	1	2
卫生	1	2
打开	1	2
停止	1	2
茂	1	1
主任	1	2
媒体	1	2
一人	1	2
法人	1	2
働	1	1
嘛	1	1
蜜	1	1
支援	1	2
循	1	1
风险	1	2
番号	1	2
湿	1	1
盒	1	1
元素	1	2
二人	1	2
跡	1	1
鞋	1	1
髪	1	1
陷	1	1
獲得	1	2
鸟	1	1
臨	1	1
剩	1	1
夫人	1	2
地區	1	2
创新	1	2
五月	1	2
赏	1	1
薩	1	1
料理	1	2
扫	1	1
扶	1	1
桑	1	1
家伙	1	2
规划	1	2
主人	1	2
廳	1	1
状况	1	2
协议	1	2
耀	1	1
金属	1	2
帝国	1	2
面积	1	2
関連	1	2
出口	1	2
建议	1	2
另外	1	2
婦	1	1
联合	1	2
泡	1	1
时代	1	2
信用	1	2
十四	1	2
欣	1	1
周年	1	2
盗	1	1
電影	1	2
相同	1	2
到底	1	2
犬	1	1
保護	1	2
艇	1	1
那里	1	2
保证	1	2
建設	1	2
几个	1	2
相關	1	2
監督	1	2
行動	1	2
求购	1	2
模型	1	2
装置	1	2
访问	1	2
孙	1	1
叔	1	1
胶	1	1
全面	1	2
报名	1	2
看看	1	2
穴	1	1
鸡	1	1
社會	1	2
履	1	1
房屋	1	2
内部	1	2
譜	1	1
邪	1	1
焼	1	1
袖	1	1
跨	1	1
下去	1	2
中学	1	2
縮	1	1
甜	1	1
暂	1	1
事務	1	2
衆	1	1
郑	1	1
论坛	1	2
意见	1	2
事故	1	2
以来	1	2
课程	1	2
吴	1	1
梨	1	1
孤	1	1
搞	1	1
漫画	1	2
玩家	1	2
高度	1	2
拳	1	1
小学	1	2
我們	1	2
姫	1	1
汗	1	1
従	1	1
一级	1	2
悉	1	1
塚	1	1
诊	1	1
成绩	1	2
废	1	1
埋	1	1
武器	1	2
挙	1	1
贫	1	1
十八	1	2
昇	1	1
陣	1	1
帮助	1	2
联盟	1	2
男性	1	2
联网	1	2
沖	1	1
措施	1	2
標準	1	2
距离	1	2
羊	1	1
赞	1	1
东省	1	2
恢	1	1
阶段	1	2
拥有	1	2
煤	1	1
喊	1	1
于是	1	2
一年	1	2
以为	1	2
主题	1	2
战斗	1	2
書館	1	2
茨	1	1
最終	1	2
学会	1	2
克斯	1	2
文献	1	2
瑟	1	1
以后	1	2
参与	1	2
限制	1	2
歐	1	1
誠	1	1
样子	1	2
固定	1	2
考虑	1	2
混合	1	2
尋	1	1
霊	1	1
地点	1	2
鑑	1	1
鼠	1	1
大全	1	2
險	1	1
核心	1	2
扎	1	1
面積	1	2
身份	1	2
领域	1	2
父亲	1	2
燕	1	1
仓	1	1
法国	1	2
払	1	1
禁止	1	2
对方	1	2
爭	1	1
螺	1	1
几乎	1	2
矢	1	1
屆	1	1
践	1	1
卒	1	1
剛	1	1
经过	1	2
距離	1	2
襲	1	1
不知	1	2
导致	1	2
不好	1	2
郭	1	1
舌	1	1
投注	1	2
基地	1	2
永久	1	2
经理	1	2
欠	1	1
颜	1	1
琳	1	1
粗	1	1
湯	1	1
胆	1	1
翰	1	1
达到	1	2
比例	1	2
仮	1	1
原始	1	2
灭	1	1
不了	1	2
肯定	1	2
煙	1	1
弥	1	1
成為	1	2
真正	1	2
开放	1	2
獨	1	1
墓	1	1
变得	1	2
那种	1	2
不断	1	2
沟	1	1
頓	1	1
腦	1	1
猪	1	1
来自	1	2
露出	1	2
刚才	1	2
农业	1	2
瓜	1	1
舗	1	1
桐	1	1
妃	1	1
更加	1	2
辅	1	1
人类	1	2
分布	1	2
英雄	1	2
第一次	1	3
浅	1	1
背景	1	2
腐	1	1
两人	1	2
天天	1	2
忆	1	1
錢	1	1
奔	1	1
音樂	1	2
藥	1	1
攝	1	1
遣	1	1
体系	1	2
书记	1	2
哪里	1	2
购买	1	2
崇	1	1
医疗	1	2
隠	1	1
輕	1	1
幸福	1	2
下跌	1	2
計劃	1	2
殖	1	1
框	1	1
誤	1	1
哭	1	1
所属	1	2
撮	1	1
像是	1	2
启动	1	2
損	1	1
炮	1	1
漂	1	1
岳	1	1
誉	1	1
公路	1	2
人才	1	2
治疗	1	2
棚	1	1
比較	1	2
泛	1	1
）	1	1
諾	1	1
股票	1	2
芯	1	1
可能性	1	3
擦	1	1
发出	1	2
找到	1	2
芙	1	1
母亲	1	2
整个	1	2
辰	1	1
杉	1	1
思考	1	2
就算	1	2
重大	1	2
评价	1	2
期待	1	2
角色	1	2
基于	1	2
憶	1	1
证明	1	2
疆	1	1
桂	1	1
海外	1	2
兹	1	1
回来	1	2
动物	1	2
成本	1	2
成员	1	2
悟	1	1
感情	1	2
集合	1	2
弋	1	1
呈	1	1
霞	1	1
放在	1	2
姉	1	1
发行	1	2
排名	1	2
併	1	1
设施	1	2
战争	1	2
歡	1	1
监督	1	2
自拍	1	2
既然	1	2
微笑	1	2
听到	1	2
赖	1	1
舰	1	1
撤	1	1
駆	1	1
鐘	1	1
细胞	1	2
拼	1	1
接着	1	2
革命	1	2
堆	1	1
改变	1	2
表现	1	2
居民	1	2
其实	1	2
訴	1	1
尿	1	1
那样	1	2
优秀	1	2
賢	1	1
概念	1	2
看见	1	2
高中	1	2
効	1	1
抑	1	1
魯	1	1
说话	1	2
意义	1	2
飯店	1	2
駐	1	1
芬	1	1
参照	1	2
締	1	1
緊	1	1
世紀	1	2
香蕉	1	2
柜	1	1
温度	1	2
撰	1	1
靈	1	1
驶	1	1
貌	1	1
結婚	1	2
心里	1	2
投資	1	2
貝	1	1
中文字幕	1	4
福利	1	2
紹介	1	2
能源	1	2
一緒	1	2
答案	1	2
至少	1	2
災	1	1
机会	1	2
侍	1	1
调整	1	2
泳	1	1
朵	1	1
三个	1	2
规范	1	2
结合	1	2
學院	1	2
適用	1	2
最佳	1	2
葡	1	1
谓	1	1
平方公里	1	4
三年	1	2
僅	1	1
里面	1	2
双线	1	2
學校	1	2
卢	1	1
賣	1	1
他們	1	2
年龄	1	2
住宅	1	2
医学	1	2
一区	1	2
保险	1	2
同意	1	2
星期	1	2
完整	1	2
进一步	1	3
錯	1	1
回到	1	2
论文	1	2
玻璃	1	2
照片	1	2
目录	1	2
收益	1	2
供应	1	2
担当	1	2
晨	1	1
藍	1	1
消费	1	2
幹線	1	2
通過	1	2
意识	1	2
爽	1	1
亜	1	1
子供	1	2
卻	1	1
罗斯	1	2
逸	1	1
博物	1	2
廊	1	1
三级	1	2
陰	1	1
国際	1	2
电脑	1	2
采购	1	2
办理	1	2
它们	1	2
建築	1	2
聽	1	1
人们	1	2
》	1	1
名稱	1	2
不足	1	2
壊	1	1
指数	1	2
移動	1	2
腾	1	1
铺	1	1
心理	1	2
她们	1	2
凉	1	1
原来	1	2
地说	1	2
尽管	1	2
揮	1	1
暮	1	1
费用	1	2
人員	1	2
砲	1	1
泣	1	1
坐在	1	2
苹果	1	2
指导	1	2
不安	1	2
挺	1	1
似的	1	2
亭	1	1
统计	1	2
」	1	1
歯	1	1
恨	1	1
衣服	1	2
英国	1	2
前往	1	2
关键	1	2
实在	1	2
貼	1	1
尼亚	1	2
终于	1	2
铁路	1	2
蛇	1	1
面议	1	2
一度	1	2
嗎	1	1
营业	1	2
搬	1	1
认识	1	2
柴	1	1
犯罪	1	2
奪	1	1
合格	1	2
劉	1	1
尘	1	1
配合	1	2
特色	1	2
状況	1	2
抬	1	1
慎	1	1
机场	1	2
帽	1	1
斷	1	1
谋	1	1
疲	1	1
呆	1	1
西省	1	2
彻	1	1
令人	1	2
立刻	1	2
浙江	1	2
衝	1	1
兄弟	1	2
肃	1	1
竜	1	1
濃	1	1
炉	1	1
慌	1	1
輔	1	1
原本	1	2
互联网	1	3
筒	1	1
出去	1	2
展示	1	2
地球	1	2
锦	1	1
